{"type":"FeatureCollection","features":[{"type":"Feature","id":"44847","properties":{"MPIO":"44847","DPTO":"44","NOMBRE_MPI":"URIBIA","NOMBRE_DPT":"LA GUAJIRA"},"geometry":{"type":"Polygon","coordinates":[[[-57.35945175020351,49.46832592068324],[-57.35750076890819,49.534918971042764],[-57.433589039425854,49.52566993627061],[-57.60137343082379,49.39618344946044],[-57.80037352294692,49.41098190509588],[-57.878412774759916,49.4479780441845],[-57.870608849578616,49.48127456936426],[-57.94474613880096,49.544168005814925],[-57.92133436325706,49.59411279358456],[-57.845246092739394,49.66070584394408],[-57.86865786828329,49.71804985953144],[-57.74769702797315,49.75319619166563],[-57.74184408408718,49.78464290989096],[-57.66575581356951,49.83828731156946],[-57.554549879735994,49.94557611492647],[-57.56430478621262,50.06211395305562],[-57.2794615170952,50.056564532192326],[-57.32823604947832,50.0010703235594],[-57.322383105592344,49.96222437751634],[-57.13313791994584,49.991821288787236],[-57.21312815305416,50.10095989909867],[-57.04729474295154,50.16015372164047],[-57.05314768683752,50.09726028518981],[-56.961451565957255,50.12315758255185],[-56.89902016450686,50.16755294945819],[-56.86585348248634,50.13055681036957],[-56.75854951124347,50.17680198423035],[-56.82098091269387,50.21194831636454],[-56.662951427772555,50.191600439865795],[-56.551745493939045,50.16015372164047],[-56.49126507378397,50.1083591269164],[-56.25129437445902,50.04546569046574],[-56.204470823371224,50.00661974442269],[-56.10887273990031,49.80314097943527],[-56.124480590262905,49.712500438668144],[-56.25519633704967,49.65515642308078],[-56.35664736440656,49.64035796744534],[-56.446392503991504,49.5848637588124],[-56.49126507378397,49.53121935713391],[-56.768304417720096,49.520120515407314],[-56.84634366953309,49.50902167368073],[-57.34579488113624,49.479424762409835],[-57.35945175020351,49.46832592068324]]]}},{"type":"Feature","id":"44560","properties":{"MPIO":"44560","DPTO":"44","NOMBRE_MPI":"MANAURE","NOMBRE_DPT":"LA GUAJIRA"},"geometry":{"type":"Polygon","coordinates":[[[-57.86865786828329,49.71804985953144],[-57.845246092739394,49.66070584394408],[-57.92133436325706,49.59411279358456],[-57.94474613880096,49.544168005814925],[-57.870608849578616,49.48127456936426],[-57.878412774759916,49.4479780441845],[-57.80037352294692,49.41098190509588],[-57.97596183952616,49.42763016768576],[-58.005226558956025,49.40358267727816],[-58.22568744532773,49.3702861520984],[-58.31933454750332,49.38878422164271],[-58.39152085543034,49.3702861520984],[-58.479315013719955,49.43132978159463],[-58.68221706843374,49.4831243763187],[-58.721236694340234,49.534918971042764],[-58.64514842382256,49.58301395185797],[-58.487118938901254,49.642207774399765],[-58.18081487553526,49.664405457852936],[-58.13204034315214,49.69030275521497],[-58.054001091339146,49.67550429957953],[-57.86865786828329,49.71804985953144]]]}},{"type":"Feature","id":"44430","properties":{"MPIO":"44430","DPTO":"44","NOMBRE_MPI":"MAICAO","NOMBRE_DPT":"LA GUAJIRA"},"geometry":{"type":"Polygon","coordinates":[[[-57.80037352294692,49.41098190509588],[-57.60137343082379,49.39618344946044],[-57.433589039425854,49.52566993627061],[-57.35750076890819,49.534918971042764],[-57.35945175020351,49.46832592068324],[-57.86280492439732,49.04102051420967],[-57.901824550303814,49.029921672483084],[-58.011079502842,49.05581896984512],[-58.18081487553526,49.03917070725524],[-58.262756089938904,49.07616684634386],[-58.102775623722266,49.07986646025272],[-58.0969226798363,49.13536066888565],[-58.13204034315214,49.21860198183505],[-58.17691291294461,49.2334004374705],[-58.21203057626046,49.33329001300978],[-58.28421688418747,49.33144020605535],[-58.30762865973137,49.27039657655912],[-58.36420711729579,49.26299734874139],[-58.39152085543034,49.3702861520984],[-58.31933454750332,49.38878422164271],[-58.22568744532773,49.3702861520984],[-58.005226558956025,49.40358267727816],[-57.97596183952616,49.42763016768576],[-57.80037352294692,49.41098190509588]]]}},{"type":"Feature","id":"44001","properties":{"MPIO":"44001","DPTO":"44","NOMBRE_MPI":"RIOHACHA","NOMBRE_DPT":"LA GUAJIRA"},"geometry":{"type":"Polygon","coordinates":[[[-58.39152085543034,49.3702861520984],[-58.36420711729579,49.26299734874139],[-58.36810907988644,49.17790622883757],[-58.438344406518134,49.16310777320212],[-58.45005029429008,49.11131317847805],[-58.52418758351243,49.13166105497679],[-58.773913189314,49.07616684634386],[-58.87146225408024,49.02067263771093],[-58.97291328143713,49.029921672483084],[-59.02754075770623,49.01142360293877],[-59.121187859881815,48.985526305576734],[-59.48992332469821,48.96887804298686],[-59.58747238946445,48.972577656895716],[-59.484070380812234,49.02067263771093],[-59.43724682972444,49.102064143705896],[-59.21483496205741,49.17605642188314],[-59.14264865413039,49.272246383513554],[-59.19922711169481,49.3166417504199],[-59.218736924648056,49.40543248423259],[-59.06851136490805,49.45907688591109],[-58.96706033755116,49.48127456936426],[-58.8441485159457,49.536768777997196],[-58.721236694340234,49.534918971042764],[-58.68221706843374,49.4831243763187],[-58.479315013719955,49.43132978159463],[-58.39152085543034,49.3702861520984]]]}},{"type":"Feature","id":"44090","properties":{"MPIO":"44090","DPTO":"44","NOMBRE_MPI":"DIBULLA","NOMBRE_DPT":"LA GUAJIRA"},"geometry":{"type":"Polygon","coordinates":[[[-59.218736924648056,49.40543248423259],[-59.19922711169481,49.3166417504199],[-59.14264865413039,49.272246383513554],[-59.21483496205741,49.17605642188314],[-59.43724682972444,49.102064143705896],[-59.484070380812234,49.02067263771093],[-59.58747238946445,48.972577656895716],[-59.71233519236524,48.935581517807094],[-59.89767841542109,48.92633248303494],[-59.96791374205279,48.9115340273995],[-60.00888434925461,49.02807186552865],[-59.975717667234086,49.13166105497679],[-59.973766685938756,49.214902367926186],[-59.87621762117252,49.26114754178697],[-59.84890388303797,49.32404097823762],[-59.48602136210756,49.30369310173888],[-59.27141341962183,49.36843634514397],[-59.218736924648056,49.40543248423259]]]}},{"type":"Feature","id":"47001","properties":{"MPIO":"47001","DPTO":"47","NOMBRE_MPI":"SANTA MARTA","NOMBRE_DPT":"MAGDALENA"},"geometry":{"type":"Polygon","coordinates":[[[-59.84890388303797,49.32404097823762],[-59.87621762117252,49.26114754178697],[-59.973766685938756,49.214902367926186],[-59.975717667234086,49.13166105497679],[-60.00888434925461,49.02807186552865],[-59.96791374205279,48.9115340273995],[-60.071315750705,48.92078306217165],[-60.16886481547124,48.96332862212356],[-60.22544327303566,48.96147881516913],[-60.295678599667355,48.970727849941284],[-60.38737472054762,49.04472012811853],[-60.40688453350087,49.1261116341135],[-60.543453224173604,49.1501591245211],[-60.64295327023517,49.22600120965278],[-60.82049256810973,49.25374831396924],[-60.82829649329103,49.3702861520984],[-60.66246308318842,49.464626306774385],[-60.45175710329334,49.45907688591109],[-60.21373738526371,49.36103711732625],[-59.84890388303797,49.32404097823762]]]}},{"type":"Feature","id":"44378","properties":{"MPIO":"44378","DPTO":"44","NOMBRE_MPI":"HATONUEVO","NOMBRE_DPT":"LA GUAJIRA"},"geometry":{"type":"Polygon","coordinates":[[[-58.45005029429008,49.11131317847805],[-58.247148239576305,49.00957379598434],[-58.26665805252955,48.9836764986223],[-58.311530622322024,49.02807186552865],[-58.44224636910879,49.07061742548056],[-58.5378444525797,49.03362128639194],[-58.576864078486196,48.9892259194856],[-58.647099405117885,49.000324761212184],[-58.773913189314,49.07616684634386],[-58.52418758351243,49.13166105497679],[-58.45005029429008,49.11131317847805]]]}},{"type":"Feature","id":"44078","properties":{"MPIO":"44078","DPTO":"44","NOMBRE_MPI":"BARRANCAS","NOMBRE_DPT":"LA GUAJIRA"},"geometry":{"type":"Polygon","coordinates":[[[-58.773913189314,49.07616684634386],[-58.647099405117885,49.000324761212184],[-58.576864078486196,48.9892259194856],[-58.5378444525797,49.03362128639194],[-58.44224636910879,49.07061742548056],[-58.311530622322024,49.02807186552865],[-58.26665805252955,48.9836764986223],[-58.457854219471386,48.809794644905786],[-58.543697396465674,48.70435564850321],[-58.59442291014412,48.71915410413866],[-58.73879552599816,48.80609503099692],[-58.818785759106476,48.87083827440201],[-58.83829557205972,48.92448267608051],[-58.7895210396766,48.95592939430584],[-58.87146225408024,49.02067263771093],[-58.773913189314,49.07616684634386]]]}},{"type":"Feature","id":"47189","properties":{"MPIO":"47189","DPTO":"47","NOMBRE_MPI":"CIENAGA","NOMBRE_DPT":"MAGDALENA"},"geometry":{"type":"Polygon","coordinates":[[[-60.82049256810973,49.25374831396924],[-60.64295327023517,49.22600120965278],[-60.543453224173604,49.1501591245211],[-60.40688453350087,49.1261116341135],[-60.38737472054762,49.04472012811853],[-60.295678599667355,48.970727849941284],[-60.22544327303566,48.96147881516913],[-60.239100142102934,48.93188190389824],[-60.38932570184294,48.85788962572099],[-60.64685523282582,48.7931463823159],[-60.625394438577246,48.99107572644003],[-60.66246308318842,49.092815108933735],[-60.75611018536401,49.157558352338825],[-60.81268864292843,49.1205622132502],[-60.92779653935259,49.10391395066033],[-60.91999261417129,49.15570854538439],[-60.8419533623583,49.20010391229074],[-60.82049256810973,49.25374831396924]]]}},{"type":"Feature","id":"08001","properties":{"MPIO":"08001","DPTO":"08","NOMBRE_MPI":"BARRANQUILLA","NOMBRE_DPT":"ATLANTICO"},"geometry":{"type":"Polygon","coordinates":[[[-61.71599298266381,49.30369310173888],[-61.61844391789758,49.194554491427446],[-61.62624784307887,49.157558352338825],[-61.70038513230122,49.16125796624769],[-61.81159106613473,49.194554491427446],[-61.71989494525447,49.27594599742241],[-61.75306162727499,49.30184329478445],[-61.71599298266381,49.30369310173888]]]}},{"type":"Feature","id":"47745","properties":{"MPIO":"47745","DPTO":"47","NOMBRE_MPI":"SITIONUEVO","NOMBRE_DPT":"MAGDALENA"},"geometry":{"type":"Polygon","coordinates":[[[-61.22434569624196,49.152008931475535],[-61.25751237826249,49.10576375761475],[-61.220443733651315,49.03177147943751],[-61.204835883288716,48.89858537871848],[-61.3296986861895,48.93373171085267],[-61.45846345168094,48.92448267608051],[-61.61844391789758,48.937431324761526],[-61.61844391789758,48.970727849941284],[-61.614541955306926,48.99662514730332],[-61.60283606753498,49.052119355936256],[-61.58332625458173,49.09466491588817],[-61.62624784307887,49.157558352338825],[-61.61844391789758,49.194554491427446],[-61.71599298266381,49.30369310173888],[-61.56771840421913,49.26854676960469],[-61.347257517847424,49.18345564970086],[-61.22434569624196,49.152008931475535]]]}},{"type":"Feature","id":"08573","properties":{"MPIO":"08573","DPTO":"08","NOMBRE_MPI":"PUERTO COLOMBIA","NOMBRE_DPT":"ATLANTICO"},"geometry":{"type":"Polygon","coordinates":[[[-61.75306162727499,49.30184329478445],[-61.71989494525447,49.27594599742241],[-61.81159106613473,49.194554491427446],[-61.83305186038331,49.18345564970086],[-61.93840485033084,49.21675217488062],[-61.75306162727499,49.30184329478445]]]}},{"type":"Feature","id":"44098","properties":{"MPIO":"44098","DPTO":"44","NOMBRE_MPI":"DISTRACCION","NOMBRE_DPT":"LA GUAJIRA"},"geometry":{"type":"Polygon","coordinates":[[[-58.87146225408024,49.02067263771093],[-58.89097206703349,48.930032096943805],[-58.848050478536344,48.90413479958177],[-58.8441485159457,48.837541749222254],[-58.89877599221479,48.78204754058932],[-58.91243286128206,48.708055262412074],[-58.97486426273246,48.80239541708806],[-59.10167804692857,48.88933634394632],[-59.02754075770623,49.01142360293877],[-58.97291328143713,49.029921672483084],[-58.87146225408024,49.02067263771093]]]}},{"type":"Feature","id":"44279","properties":{"MPIO":"44279","DPTO":"44","NOMBRE_MPI":"FONSECA","NOMBRE_DPT":"LA GUAJIRA"},"geometry":{"type":"Polygon","coordinates":[[[-58.87146225408024,49.02067263771093],[-58.7895210396766,48.95592939430584],[-58.83829557205972,48.92448267608051],[-58.818785759106476,48.87083827440201],[-58.73879552599816,48.80609503099692],[-58.59442291014412,48.71915410413866],[-58.543697396465674,48.70435564850321],[-58.662707255480484,48.58226838951076],[-58.816834777811145,48.759849857136146],[-58.89877599221479,48.78204754058932],[-58.8441485159457,48.837541749222254],[-58.848050478536344,48.90413479958177],[-58.89097206703349,48.930032096943805],[-58.87146225408024,49.02067263771093]]]}},{"type":"Feature","id":"44650","properties":{"MPIO":"44650","DPTO":"44","NOMBRE_MPI":"SAN JUAN DEL CESAR","NOMBRE_DPT":"LA GUAJIRA"},"geometry":{"type":"Polygon","coordinates":[[[-59.02754075770623,49.01142360293877],[-59.10167804692857,48.88933634394632],[-58.97486426273246,48.80239541708806],[-58.91243286128206,48.708055262412074],[-58.89877599221479,48.78204754058932],[-58.816834777811145,48.759849857136146],[-58.662707255480484,48.58226838951076],[-58.72904061952153,48.51937495306011],[-58.79342300226725,48.58966761732849],[-58.91828580516804,48.637762598143695],[-58.95730543107453,48.61926452859939],[-59.07826627138467,48.667359509414595],[-59.24605066278261,48.630363370325966],[-59.19727613039949,48.65441086073358],[-59.29482519516573,48.693256806776624],[-59.355305615320795,48.77649811972603],[-59.45870762397301,48.77094869886273],[-59.42554094195249,48.815344065769075],[-59.44309977361041,48.89673557176404],[-59.71233519236524,48.935581517807094],[-59.58747238946445,48.972577656895716],[-59.48992332469821,48.96887804298686],[-59.121187859881815,48.985526305576734],[-59.02754075770623,49.01142360293877]]]}},{"type":"Feature","id":"47570","properties":{"MPIO":"47570","DPTO":"47","NOMBRE_MPI":"PUEBLOVIEJO","NOMBRE_DPT":"MAGDALENA"},"geometry":{"type":"Polygon","coordinates":[[[-60.91999261417129,49.15570854538439],[-60.92779653935259,49.10391395066033],[-60.95120831489649,49.052119355936256],[-60.921943595466615,48.99847495425775],[-60.8809729882648,48.80609503099692],[-60.94925733360117,48.84679078399441],[-60.980473034326366,48.90228499262734],[-61.06241424873001,48.92078306217165],[-61.204835883288716,48.89858537871848],[-61.220443733651315,49.03177147943751],[-61.25751237826249,49.10576375761475],[-61.22434569624196,49.152008931475535],[-61.01949266023286,49.13906028279452],[-60.91999261417129,49.15570854538439]]]}},{"type":"Feature","id":"08832","properties":{"MPIO":"08832","DPTO":"08","NOMBRE_MPI":"TUBARA","NOMBRE_DPT":"ATLANTICO"},"geometry":{"type":"Polygon","coordinates":[[[-61.83305186038331,49.18345564970086],[-61.8720714862898,49.10021433675146],[-61.94815975680747,49.05951858375398],[-61.94815975680747,49.09466491588817],[-62.07497354100358,49.14275989670338],[-61.93840485033084,49.21675217488062],[-61.83305186038331,49.18345564970086]]]}},{"type":"Feature","id":"08296","properties":{"MPIO":"08296","DPTO":"08","NOMBRE_MPI":"GALAPA","NOMBRE_DPT":"ATLANTICO"},"geometry":{"type":"Polygon","coordinates":[[[-61.83305186038331,49.18345564970086],[-61.81159106613473,49.194554491427446],[-61.70038513230122,49.16125796624769],[-61.71989494525447,49.1261116341135],[-61.78622830929551,49.07801665329829],[-61.8720714862898,49.10021433675146],[-61.83305186038331,49.18345564970086]]]}},{"type":"Feature","id":"08758","properties":{"MPIO":"08758","DPTO":"08","NOMBRE_MPI":"SOLEDAD","NOMBRE_DPT":"ATLANTICO"},"geometry":{"type":"Polygon","coordinates":[[[-61.70038513230122,49.16125796624769],[-61.62624784307887,49.157558352338825],[-61.58332625458173,49.09466491588817],[-61.71989494525447,49.1261116341135],[-61.70038513230122,49.16125796624769]]]}},{"type":"Feature","id":"08433","properties":{"MPIO":"08433","DPTO":"08","NOMBRE_MPI":"MALAMBO","NOMBRE_DPT":"ATLANTICO"},"geometry":{"type":"Polygon","coordinates":[[[-61.71989494525447,49.1261116341135],[-61.58332625458173,49.09466491588817],[-61.60283606753498,49.052119355936256],[-61.69648316971057,49.022522444665356],[-61.792081253181486,49.05396916289069],[-61.78622830929551,49.07801665329829],[-61.71989494525447,49.1261116341135]]]}},{"type":"Feature","id":"08372","properties":{"MPIO":"08372","DPTO":"08","NOMBRE_MPI":"JUAN DE ACOSTA","NOMBRE_DPT":"ATLANTICO"},"geometry":{"type":"Polygon","coordinates":[[[-61.94815975680747,49.05951858375398],[-61.96181662587475,49.04102051420967],[-62.06716961582228,49.022522444665356],[-62.18422849354177,49.06876761852614],[-62.295434427375284,49.07801665329829],[-62.07497354100358,49.14275989670338],[-61.94815975680747,49.09466491588817],[-61.94815975680747,49.05951858375398]]]}},{"type":"Feature","id":"20001","properties":{"MPIO":"20001","DPTO":"20","NOMBRE_MPI":"VALLEDUPAR","NOMBRE_DPT":"CESAR"},"geometry":{"type":"Polygon","coordinates":[[[-59.89767841542109,48.92633248303494],[-59.71233519236524,48.935581517807094],[-59.44309977361041,48.89673557176404],[-59.42554094195249,48.815344065769075],[-59.45870762397301,48.77094869886273],[-59.355305615320795,48.77649811972603],[-59.29482519516573,48.693256806776624],[-59.19727613039949,48.65441086073358],[-59.24605066278261,48.630363370325966],[-59.30458010164235,48.55637109214872],[-59.42163897936184,48.50642630437909],[-59.43139388583846,48.487928234834776],[-59.42358996065717,48.46018113051831],[-59.491874305993534,48.400987307976514],[-59.5835704268738,48.28999889071065],[-59.81768818231278,48.16421201780934],[-59.96791374205279,48.09946877440425],[-60.03619808738915,48.053223600543475],[-60.174717759357215,47.91448807896114],[-60.246904067284234,47.94223518327761],[-60.336649206869176,47.94223518327761],[-60.34250215075515,47.96998228759408],[-60.31909037521125,47.99033016409282],[-60.36396294500372,48.1142672300397],[-60.24885504857956,48.145713948265026],[-60.13960009604137,48.12166645785742],[-59.99522748018733,48.193808929080234],[-59.92304117226031,48.20675757776125],[-59.99522748018733,48.25670236553089],[-60.006933367959284,48.29924792548281],[-59.91328626578369,48.65071124682471],[-59.89767841542109,48.74135178759183],[-59.991325517596685,48.77834792668045],[-59.942550985213565,48.844940977039975],[-60.053756919047075,48.85603981876656],[-60.0557079003424,48.8763876952653],[-59.89767841542109,48.92633248303494]]]}},{"type":"Feature","id":"47053","properties":{"MPIO":"47053","DPTO":"47","NOMBRE_MPI":"ARACATACA","NOMBRE_DPT":"MAGDALENA"},"geometry":{"type":"Polygon","coordinates":[[[-59.96791374205279,48.9115340273995],[-59.89767841542109,48.92633248303494],[-60.0557079003424,48.8763876952653],[-60.053756919047075,48.85603981876656],[-59.942550985213565,48.844940977039975],[-59.991325517596685,48.77834792668045],[-60.01668827443591,48.730252945865246],[-60.10838439531617,48.71915410413866],[-60.12399224567877,48.66365989550573],[-60.35811000111775,48.61741472164495],[-60.45370808458866,48.61741472164495],[-60.55711009324088,48.59336723123735],[-60.6214924759866,48.55822089910316],[-60.681972896141666,48.567469933875316],[-60.81463962422375,48.65996028159687],[-60.873169063083495,48.68400777200447],[-60.978522053031035,48.77094869886273],[-60.94925733360117,48.84679078399441],[-60.8809729882648,48.80609503099692],[-60.76781607313596,48.765399277999435],[-60.69172780261829,48.758000050181714],[-60.64685523282582,48.7931463823159],[-60.38932570184294,48.85788962572099],[-60.239100142102934,48.93188190389824],[-60.22544327303566,48.96147881516913],[-60.16886481547124,48.96332862212356],[-60.071315750705,48.92078306217165],[-59.96791374205279,48.9115340273995]]]}},{"type":"Feature","id":"08078","properties":{"MPIO":"08078","DPTO":"08","NOMBRE_MPI":"BARANOA","NOMBRE_DPT":"ATLANTICO"},"geometry":{"type":"Polygon","coordinates":[[[-61.8720714862898,49.10021433675146],[-61.78622830929551,49.07801665329829],[-61.792081253181486,49.05396916289069],[-61.83500284167863,49.00957379598434],[-61.813542047430055,48.957779201260266],[-61.90914013090097,48.950379973442544],[-61.90914013090097,49.00402437512105],[-61.96181662587475,49.04102051420967],[-61.94815975680747,49.05951858375398],[-61.8720714862898,49.10021433675146]]]}},{"type":"Feature","id":"08634","properties":{"MPIO":"08634","DPTO":"08","NOMBRE_MPI":"SABANAGRANDE","NOMBRE_DPT":"ATLANTICO"},"geometry":{"type":"Polygon","coordinates":[[[-61.60283606753498,49.052119355936256],[-61.614541955306926,48.99662514730332],[-61.70428709489187,49.00402437512105],[-61.69648316971057,49.022522444665356],[-61.60283606753498,49.052119355936256]]]}},{"type":"Feature","id":"08558","properties":{"MPIO":"08558","DPTO":"08","NOMBRE_MPI":"POLONUEVO","NOMBRE_DPT":"ATLANTICO"},"geometry":{"type":"Polygon","coordinates":[[[-61.69648316971057,49.022522444665356],[-61.70428709489187,49.00402437512105],[-61.77647340281889,48.94853016648811],[-61.799885178362786,48.944830552579255],[-61.813542047430055,48.957779201260266],[-61.83500284167863,49.00957379598434],[-61.792081253181486,49.05396916289069],[-61.69648316971057,49.022522444665356]]]}},{"type":"Feature","id":"08549","properties":{"MPIO":"08549","DPTO":"08","NOMBRE_MPI":"PIOJO","NOMBRE_DPT":"ATLANTICO"},"geometry":{"type":"Polygon","coordinates":[[[-62.295434427375284,49.07801665329829],[-62.18422849354177,49.06876761852614],[-62.06716961582228,49.022522444665356],[-62.063267653231634,48.96887804298686],[-62.0925323726615,48.950379973442544],[-62.29933638996593,48.96147881516913],[-62.36566975400698,48.9892259194856],[-62.36371877271165,49.0669178115717],[-62.295434427375284,49.07801665329829]]]}},{"type":"Feature","id":"08849","properties":{"MPIO":"08849","DPTO":"08","NOMBRE_MPI":"USIACURI","NOMBRE_DPT":"ATLANTICO"},"geometry":{"type":"Polygon","coordinates":[[[-62.06716961582228,49.022522444665356],[-61.96181662587475,49.04102051420967],[-61.90914013090097,49.00402437512105],[-61.90914013090097,48.950379973442544],[-62.063267653231634,48.96887804298686],[-62.06716961582228,49.022522444665356]]]}},{"type":"Feature","id":"13673","properties":{"MPIO":"13673","DPTO":"13","NOMBRE_MPI":"SANTA CATALINA","NOMBRE_DPT":"BOLIVAR"},"geometry":{"type":"Polygon","coordinates":[[[-62.36371877271165,49.0669178115717],[-62.36566975400698,48.9892259194856],[-62.42810115545737,48.88378692308303],[-62.463218818773214,48.90783441349063],[-62.49443451949841,48.9836764986223],[-62.41834624898075,49.00957379598434],[-62.36371877271165,49.0669178115717]]]}},{"type":"Feature","id":"08685","properties":{"MPIO":"08685","DPTO":"08","NOMBRE_MPI":"SANTO TOMAS","NOMBRE_DPT":"ATLANTICO"},"geometry":{"type":"Polygon","coordinates":[[[-61.614541955306926,48.99662514730332],[-61.61844391789758,48.970727849941284],[-61.76086555245629,48.91708344826279],[-61.77647340281889,48.94853016648811],[-61.70428709489187,49.00402437512105],[-61.614541955306926,48.99662514730332]]]}},{"type":"Feature","id":"08520","properties":{"MPIO":"08520","DPTO":"08","NOMBRE_MPI":"PALMAR DE VARELA","NOMBRE_DPT":"ATLANTICO"},"geometry":{"type":"Polygon","coordinates":[[[-61.61844391789758,48.937431324761526],[-61.643806674736794,48.87083827440201],[-61.76086555245629,48.91708344826279],[-61.61844391789758,48.970727849941284],[-61.61844391789758,48.937431324761526]]]}},{"type":"Feature","id":"47268","properties":{"MPIO":"47268","DPTO":"47","NOMBRE_MPI":"EL RETEN","NOMBRE_DPT":"MAGDALENA"},"geometry":{"type":"Polygon","coordinates":[[[-60.94925733360117,48.84679078399441],[-60.978522053031035,48.77094869886273],[-61.163865276086895,48.82829271445009],[-61.220443733651315,48.859739432675426],[-61.204835883288716,48.89858537871848],[-61.06241424873001,48.92078306217165],[-60.980473034326366,48.90228499262734],[-60.94925733360117,48.84679078399441]]]}},{"type":"Feature","id":"47605","properties":{"MPIO":"47605","DPTO":"47","NOMBRE_MPI":"REMOLINO","NOMBRE_DPT":"MAGDALENA"},"geometry":{"type":"Polygon","coordinates":[[[-61.204835883288716,48.89858537871848],[-61.220443733651315,48.859739432675426],[-61.236051584013914,48.7986958031792],[-61.4077379380025,48.73210275281968],[-61.550159572561206,48.765399277999435],[-61.55406153515186,48.80424522404249],[-61.63990471214615,48.807944837951354],[-61.643806674736794,48.87083827440201],[-61.61844391789758,48.937431324761526],[-61.45846345168094,48.92448267608051],[-61.3296986861895,48.93373171085267],[-61.204835883288716,48.89858537871848]]]}},{"type":"Feature","id":"08638","properties":{"MPIO":"08638","DPTO":"08","NOMBRE_MPI":"SABANALARGA","NOMBRE_DPT":"ATLANTICO"},"geometry":{"type":"Polygon","coordinates":[[[-61.813542047430055,48.957779201260266],[-61.799885178362786,48.944830552579255],[-61.78232634670486,48.83384213531339],[-61.80378714095343,48.7931463823159],[-61.913042093491626,48.78759696145261],[-62.07692452229891,48.77094869886273],[-62.104238260433455,48.85419001181213],[-62.0925323726615,48.950379973442544],[-62.063267653231634,48.96887804298686],[-61.90914013090097,48.950379973442544],[-61.813542047430055,48.957779201260266]]]}},{"type":"Feature","id":"08560","properties":{"MPIO":"08560","DPTO":"08","NOMBRE_MPI":"PONEDERA","NOMBRE_DPT":"ATLANTICO"},"geometry":{"type":"Polygon","coordinates":[[[-61.799885178362786,48.944830552579255],[-61.77647340281889,48.94853016648811],[-61.76086555245629,48.91708344826279],[-61.643806674736794,48.87083827440201],[-61.63990471214615,48.807944837951354],[-61.6516105999181,48.77834792668045],[-61.78622830929551,48.695106613731056],[-61.790130271886156,48.68955719286777],[-61.80183615965811,48.695106613731056],[-61.80378714095343,48.7931463823159],[-61.78232634670486,48.83384213531339],[-61.799885178362786,48.944830552579255]]]}},{"type":"Feature","id":"08421","properties":{"MPIO":"08421","DPTO":"08","NOMBRE_MPI":"LURUACO","NOMBRE_DPT":"ATLANTICO"},"geometry":{"type":"Polygon","coordinates":[[[-62.36566975400698,48.9892259194856],[-62.29933638996593,48.96147881516913],[-62.0925323726615,48.950379973442544],[-62.104238260433455,48.85419001181213],[-62.1705716244745,48.865288853538715],[-62.29348344607996,48.830142521404525],[-62.433954099343346,48.85788962572099],[-62.42810115545737,48.88378692308303],[-62.36566975400698,48.9892259194856]]]}},{"type":"Feature","id":"13001","properties":{"MPIO":"13001","DPTO":"13","NOMBRE_MPI":"CARTAGENA","NOMBRE_DPT":"BOLIVAR"},"geometry":{"type":"Polygon","coordinates":[[[-62.49443451949841,48.9836764986223],[-62.463218818773214,48.90783441349063],[-62.56466984613011,48.80424522404249],[-62.658316948305696,48.7154544902298],[-62.658316948305696,48.68955719286777],[-62.72855227493739,48.65071124682471],[-62.72465031234674,48.59336723123735],[-62.77537582602519,48.59521703819178],[-62.77732680732051,48.55082167128543],[-62.83780722747558,48.437983447065136],[-62.94316021742312,48.4120861497031],[-62.91389549799325,48.467580358336036],[-62.84951311524753,48.47497958615376],[-62.88463077856338,48.517525146105676],[-62.8553660591335,48.55637109214872],[-63.12069951529768,48.46388074442717],[-63.013395544054816,48.52862398783226],[-62.95486610519507,48.61741472164495],[-62.9177974605839,48.587817810374055],[-62.83390526488493,48.61741472164495],[-62.83195428358961,48.667359509414595],[-62.88853274115402,48.71915410413866],[-62.794885638978435,48.7931463823159],[-62.77732680732051,48.73395255977411],[-62.75586601307194,48.794996189270336],[-62.79098367638779,48.8763876952653],[-62.705140499393494,48.89303595785518],[-62.699287555507524,48.92078306217165],[-62.55101297706283,48.979976884713444],[-62.49443451949841,48.9836764986223]]]}},{"type":"Feature","id":"20570","properties":{"MPIO":"20570","DPTO":"20","NOMBRE_MPI":"PUEBLO BELLO","NOMBRE_DPT":"CESAR"},"geometry":{"type":"Polygon","coordinates":[[[-59.991325517596685,48.77834792668045],[-59.89767841542109,48.74135178759183],[-59.91328626578369,48.65071124682471],[-60.006933367959284,48.29924792548281],[-59.99522748018733,48.25670236553089],[-59.92304117226031,48.20675757776125],[-59.99522748018733,48.193808929080234],[-60.13960009604137,48.12166645785742],[-60.24885504857956,48.145713948265026],[-60.36396294500372,48.1142672300397],[-60.43224729034009,48.19010931517138],[-60.31713939391592,48.26780120725748],[-60.3698158888897,48.33809387152586],[-60.344453132050475,48.38988846624993],[-60.22544327303566,48.445382674882865],[-60.29762958096268,48.510125918287955],[-60.20398247878709,48.523074566968965],[-60.063511825523705,48.60076645905507],[-60.01668827443591,48.608165686872795],[-60.01668827443591,48.730252945865246],[-59.991325517596685,48.77834792668045]]]}},{"type":"Feature","id":"47551","properties":{"MPIO":"47551","DPTO":"47","NOMBRE_MPI":"PIVIJAY","NOMBRE_DPT":"MAGDALENA"},"geometry":{"type":"Polygon","coordinates":[[[-61.220443733651315,48.859739432675426],[-61.163865276086895,48.82829271445009],[-60.978522053031035,48.77094869886273],[-60.873169063083495,48.68400777200447],[-60.88682593215077,48.61741472164495],[-60.86341415660687,48.54712205737657],[-60.996080884688965,48.430584219247415],[-61.11118878111313,48.33624406457143],[-61.17752214515417,48.351042520206875],[-61.28092415380638,48.415785763611964],[-61.325796723598856,48.39913750102208],[-61.3609143869147,48.43613364011071],[-61.45651247038562,48.567469933875316],[-61.501385040178086,48.57486916169304],[-61.55406153515186,48.667359509414595],[-61.550159572561206,48.765399277999435],[-61.4077379380025,48.73210275281968],[-61.236051584013914,48.7986958031792],[-61.220443733651315,48.859739432675426]]]}},{"type":"Feature","id":"44874","properties":{"MPIO":"44874","DPTO":"44","NOMBRE_MPI":"VILLANUEVA","NOMBRE_DPT":"LA GUAJIRA"},"geometry":{"type":"Polygon","coordinates":[[[-59.24605066278261,48.630363370325966],[-59.07826627138467,48.667359509414595],[-58.95730543107453,48.61926452859939],[-58.87731519796622,48.5249243739234],[-58.783668095790624,48.480529007017054],[-58.8207367404018,48.452781902700586],[-58.91438384257739,48.50457649742466],[-59.154354541902336,48.548971864331],[-59.169962392264935,48.567469933875316],[-59.30458010164235,48.55637109214872],[-59.24605066278261,48.630363370325966]]]}},{"type":"Feature","id":"44110","properties":{"MPIO":"44110","DPTO":"44","NOMBRE_MPI":"EL MOLINO","NOMBRE_DPT":"LA GUAJIRA"},"geometry":{"type":"Polygon","coordinates":[[[-58.95730543107453,48.61926452859939],[-58.91828580516804,48.637762598143695],[-58.79342300226725,48.58966761732849],[-58.72904061952153,48.51937495306011],[-58.783668095790624,48.480529007017054],[-58.87731519796622,48.5249243739234],[-58.95730543107453,48.61926452859939]]]}},{"type":"Feature","id":"47288","properties":{"MPIO":"47288","DPTO":"47","NOMBRE_MPI":"FUNDACION","NOMBRE_DPT":"MAGDALENA"},"geometry":{"type":"Polygon","coordinates":[[[-60.873169063083495,48.68400777200447],[-60.81463962422375,48.65996028159687],[-60.681972896141666,48.567469933875316],[-60.6214924759866,48.55822089910316],[-60.55711009324088,48.59336723123735],[-60.45370808458866,48.61741472164495],[-60.35811000111775,48.61741472164495],[-60.12399224567877,48.66365989550573],[-60.10838439531617,48.71915410413866],[-60.01668827443591,48.730252945865246],[-60.01668827443591,48.608165686872795],[-60.063511825523705,48.60076645905507],[-60.20398247878709,48.523074566968965],[-60.29762958096268,48.510125918287955],[-60.45175710329334,48.51197572524238],[-60.5668649997175,48.45463170965502],[-60.617590513395946,48.51197572524238],[-60.65465915800712,48.49902707656136],[-60.86341415660687,48.54712205737657],[-60.88682593215077,48.61741472164495],[-60.873169063083495,48.68400777200447]]]}},{"type":"Feature","id":"13222","properties":{"MPIO":"13222","DPTO":"13","NOMBRE_MPI":"CLEMENCIA","NOMBRE_DPT":"BOLIVAR"},"geometry":{"type":"Polygon","coordinates":[[[-62.463218818773214,48.90783441349063],[-62.42810115545737,48.88378692308303],[-62.433954099343346,48.85788962572099],[-62.41834624898075,48.78204754058932],[-62.47492470654517,48.76169966409058],[-62.49638550079374,48.800545610133625],[-62.56466984613011,48.80424522404249],[-62.463218818773214,48.90783441349063]]]}},{"type":"Feature","id":"08606","properties":{"MPIO":"08606","DPTO":"08","NOMBRE_MPI":"REPELON","NOMBRE_DPT":"ATLANTICO"},"geometry":{"type":"Polygon","coordinates":[[[-62.104238260433455,48.85419001181213],[-62.07692452229891,48.77094869886273],[-62.08277746618488,48.73580236672854],[-62.19788536260904,48.665509702460156],[-62.23300302592489,48.672908930277885],[-62.26031676405944,48.67660854418675],[-62.31494424032853,48.72470352500196],[-62.41834624898075,48.78204754058932],[-62.433954099343346,48.85788962572099],[-62.29348344607996,48.830142521404525],[-62.1705716244745,48.865288853538715],[-62.104238260433455,48.85419001181213]]]}},{"type":"Feature","id":"47675","properties":{"MPIO":"47675","DPTO":"47","NOMBRE_MPI":"SALAMINA","NOMBRE_DPT":"MAGDALENA"},"geometry":{"type":"Polygon","coordinates":[[[-61.550159572561206,48.765399277999435],[-61.55406153515186,48.667359509414595],[-61.65941452509939,48.665509702460156],[-61.78622830929551,48.695106613731056],[-61.6516105999181,48.77834792668045],[-61.63990471214615,48.807944837951354],[-61.55406153515186,48.80424522404249],[-61.550159572561206,48.765399277999435]]]}},{"type":"Feature","id":"08141","properties":{"MPIO":"08141","DPTO":"08","NOMBRE_MPI":"CANDELARIA","NOMBRE_DPT":"ATLANTICO"},"geometry":{"type":"Polygon","coordinates":[[[-61.80378714095343,48.7931463823159],[-61.80183615965811,48.695106613731056],[-61.8720714862898,48.65996028159687],[-61.97157153235136,48.656260667688],[-61.91694405608227,48.71175487632094],[-61.913042093491626,48.78759696145261],[-61.80378714095343,48.7931463823159]]]}},{"type":"Feature","id":"44855","properties":{"MPIO":"44855","DPTO":"44","NOMBRE_MPI":"URUMITA","NOMBRE_DPT":"LA GUAJIRA"},"geometry":{"type":"Polygon","coordinates":[[[-59.30458010164235,48.55637109214872],[-59.169962392264935,48.567469933875316],[-59.154354541902336,48.548971864331],[-58.91438384257739,48.50457649742466],[-58.8207367404018,48.452781902700586],[-58.865609310194266,48.41393595665753],[-59.20703103687611,48.441683060974],[-59.19727613039949,48.49347765569807],[-59.42163897936184,48.50642630437909],[-59.30458010164235,48.55637109214872]]]}},{"type":"Feature","id":"08436","properties":{"MPIO":"08436","DPTO":"08","NOMBRE_MPI":"MANATI","NOMBRE_DPT":"ATLANTICO"},"geometry":{"type":"Polygon","coordinates":[[[-61.913042093491626,48.78759696145261],[-61.91694405608227,48.71175487632094],[-61.97157153235136,48.656260667688],[-62.006689195667214,48.637762598143695],[-62.1081402230241,48.62111433555381],[-62.1393559237493,48.62666375641711],[-62.19788536260904,48.665509702460156],[-62.08277746618488,48.73580236672854],[-62.07692452229891,48.77094869886273],[-61.913042093491626,48.78759696145261]]]}},{"type":"Feature","id":"13683","properties":{"MPIO":"13683","DPTO":"13","NOMBRE_MPI":"SANTA ROSA","NOMBRE_DPT":"BOLIVAR"},"geometry":{"type":"Polygon","coordinates":[[[-62.56466984613011,48.80424522404249],[-62.49638550079374,48.800545610133625],[-62.47492470654517,48.76169966409058],[-62.50028746338439,48.708055262412074],[-62.54906199576751,48.693256806776624],[-62.658316948305696,48.68955719286777],[-62.658316948305696,48.7154544902298],[-62.56466984613011,48.80424522404249]]]}},{"type":"Feature","id":"13873","properties":{"MPIO":"13873","DPTO":"13","NOMBRE_MPI":"VILLANUEVA","NOMBRE_DPT":"BOLIVAR"},"geometry":{"type":"Polygon","coordinates":[[[-62.47492470654517,48.76169966409058],[-62.41834624898075,48.78204754058932],[-62.31494424032853,48.72470352500196],[-62.32469914680516,48.69695642068549],[-62.47687568784049,48.63406298423483],[-62.54906199576751,48.693256806776624],[-62.50028746338439,48.708055262412074],[-62.47492470654517,48.76169966409058]]]}},{"type":"Feature","id":"47258","properties":{"MPIO":"47258","DPTO":"47","NOMBRE_MPI":"EL PI¥ON","NOMBRE_DPT":"MAGDALENA"},"geometry":{"type":"Polygon","coordinates":[[[-61.790130271886156,48.68955719286777],[-61.78622830929551,48.695106613731056],[-61.65941452509939,48.665509702460156],[-61.55406153515186,48.667359509414595],[-61.501385040178086,48.57486916169304],[-61.45651247038562,48.567469933875316],[-61.3609143869147,48.43613364011071],[-61.47992424592951,48.437983447065136],[-61.637953730850825,48.50642630437909],[-61.73355181432174,48.56931974082974],[-61.848659710745906,48.62111433555381],[-61.790130271886156,48.68955719286777]]]}},{"type":"Feature","id":"08137","properties":{"MPIO":"08137","DPTO":"08","NOMBRE_MPI":"CAMPO DE LA CRUZ","NOMBRE_DPT":"ATLANTICO"},"geometry":{"type":"Polygon","coordinates":[[[-61.80183615965811,48.695106613731056],[-61.790130271886156,48.68955719286777],[-61.848659710745906,48.62111433555381],[-61.885728355357074,48.58966761732849],[-61.96571858846539,48.5785687756019],[-62.006689195667214,48.637762598143695],[-61.97157153235136,48.656260667688],[-61.8720714862898,48.65996028159687],[-61.80183615965811,48.695106613731056]]]}},{"type":"Feature","id":"20621","properties":{"MPIO":"20621","DPTO":"20","NOMBRE_MPI":"LA PAZ","NOMBRE_DPT":"CESAR"},"geometry":{"type":"Polygon","coordinates":[[[-59.43139388583846,48.487928234834776],[-59.36896248438807,48.42503479838412],[-59.193374167808834,48.38433904538664],[-59.18947220521819,48.34734290629802],[-59.00022701957168,48.310346767209396],[-59.09387412174727,48.223405840351134],[-59.37481542827405,48.11056761613084],[-59.56991355780652,48.0846703187688],[-59.68307047293536,48.10131858135868],[-59.77086463122498,48.093919353540954],[-59.89572743412577,48.03657533795359],[-59.93279607873694,47.95703363891306],[-60.079119675886304,47.901539430280124],[-60.20008051619644,47.83679618687504],[-60.174717759357215,47.91448807896114],[-60.03619808738915,48.053223600543475],[-59.96791374205279,48.09946877440425],[-59.81768818231278,48.16421201780934],[-59.597227295941074,48.210457191670116],[-59.44309977361041,48.223405840351134],[-59.42944290454314,48.295548311573945],[-59.38457033475067,48.29184869766508],[-59.36701150309274,48.38988846624993],[-59.491874305993534,48.400987307976514],[-59.42358996065717,48.46018113051831],[-59.43139388583846,48.487928234834776]]]}},{"type":"Feature","id":"13647","properties":{"MPIO":"13647","DPTO":"13","NOMBRE_MPI":"SAN ESTANISLAO","NOMBRE_DPT":"BOLIVAR"},"geometry":{"type":"Polygon","coordinates":[[[-62.31494424032853,48.72470352500196],[-62.26031676405944,48.67660854418675],[-62.273973633126715,48.61186530078166],[-62.33250307198646,48.565620126920884],[-62.42029723027608,48.54157263651328],[-62.472973725249844,48.60076645905507],[-62.47687568784049,48.63406298423483],[-62.32469914680516,48.69695642068549],[-62.31494424032853,48.72470352500196]]]}},{"type":"Feature","id":"20443","properties":{"MPIO":"20443","DPTO":"20","NOMBRE_MPI":"MANAURE","NOMBRE_DPT":"CESAR"},"geometry":{"type":"Polygon","coordinates":[[[-59.36896248438807,48.42503479838412],[-59.290923232575075,48.44908228879173],[-59.185570242627534,48.437983447065136],[-59.0490015519548,48.395437887113225],[-58.883168141852195,48.400987307976514],[-59.00022701957168,48.310346767209396],[-59.18947220521819,48.34734290629802],[-59.193374167808834,48.38433904538664],[-59.36896248438807,48.42503479838412]]]}},{"type":"Feature","id":"13760","properties":{"MPIO":"13760","DPTO":"13","NOMBRE_MPI":"SOPLAVIENTO","NOMBRE_DPT":"BOLIVAR"},"geometry":{"type":"Polygon","coordinates":[[[-62.26031676405944,48.67660854418675],[-62.23300302592489,48.672908930277885],[-62.24470891369684,48.608165686872795],[-62.15691475540722,48.59336723123735],[-62.20568928779034,48.54157263651328],[-62.33250307198646,48.565620126920884],[-62.273973633126715,48.61186530078166],[-62.26031676405944,48.67660854418675]]]}},{"type":"Feature","id":"13620","properties":{"MPIO":"13620","DPTO":"13","NOMBRE_MPI":"SAN CRISTOBAL","NOMBRE_DPT":"BOLIVAR"},"geometry":{"type":"Polygon","coordinates":[[[-62.23300302592489,48.672908930277885],[-62.19788536260904,48.665509702460156],[-62.1393559237493,48.62666375641711],[-62.15691475540722,48.59336723123735],[-62.24470891369684,48.608165686872795],[-62.23300302592489,48.672908930277885]]]}},{"type":"Feature","id":"13836","properties":{"MPIO":"13836","DPTO":"13","NOMBRE_MPI":"TURBACO","NOMBRE_DPT":"BOLIVAR"},"geometry":{"type":"Polygon","coordinates":[[[-62.54906199576751,48.693256806776624],[-62.47687568784049,48.63406298423483],[-62.472973725249844,48.60076645905507],[-62.59588554685531,48.58411819646519],[-62.61734634110388,48.56192051301202],[-62.72465031234674,48.59336723123735],[-62.72855227493739,48.65071124682471],[-62.658316948305696,48.68955719286777],[-62.54906199576751,48.693256806776624]]]}},{"type":"Feature","id":"20238","properties":{"MPIO":"20238","DPTO":"20","NOMBRE_MPI":"EL COPEY","NOMBRE_DPT":"CESAR"},"geometry":{"type":"Polygon","coordinates":[[[-60.29762958096268,48.510125918287955],[-60.22544327303566,48.445382674882865],[-60.344453132050475,48.38988846624993],[-60.3698158888897,48.33809387152586],[-60.31713939391592,48.26780120725748],[-60.43224729034009,48.19010931517138],[-60.60393364432868,48.18271008735365],[-60.75611018536401,48.145713948265026],[-60.808786680337775,48.230805068168856],[-60.77171803572661,48.29739811852838],[-60.5668649997175,48.45463170965502],[-60.45175710329334,48.51197572524238],[-60.29762958096268,48.510125918287955]]]}},{"type":"Feature","id":"08675","properties":{"MPIO":"08675","DPTO":"08","NOMBRE_MPI":"SANTA LUCIA","NOMBRE_DPT":"ATLANTICO"},"geometry":{"type":"Polygon","coordinates":[[[-62.006689195667214,48.637762598143695],[-61.96571858846539,48.5785687756019],[-61.998885270485914,48.532323601741126],[-62.1081402230241,48.62111433555381],[-62.006689195667214,48.637762598143695]]]}},{"type":"Feature","id":"47161","properties":{"MPIO":"47161","DPTO":"47","NOMBRE_MPI":"CERRO SAN ANTONIO","NOMBRE_DPT":"MAGDALENA"},"geometry":{"type":"Polygon","coordinates":[[[-61.848659710745906,48.62111433555381],[-61.73355181432174,48.56931974082974],[-61.637953730850825,48.50642630437909],[-61.66526746898537,48.482378813971486],[-61.83500284167863,48.52677418087783],[-61.903287187014996,48.467580358336036],[-61.80183615965811,48.465730551381604],[-61.918895037377595,48.46203093747274],[-61.95596368198877,48.49717726960694],[-61.94620877551215,48.510125918287955],[-61.885728355357074,48.58966761732849],[-61.848659710745906,48.62111433555381]]]}},{"type":"Feature","id":"13140","properties":{"MPIO":"13140","DPTO":"13","NOMBRE_MPI":"CALAMAR","NOMBRE_DPT":"BOLIVAR"},"geometry":{"type":"Polygon","coordinates":[[[-62.1393559237493,48.62666375641711],[-62.1081402230241,48.62111433555381],[-61.998885270485914,48.532323601741126],[-61.94620877551215,48.510125918287955],[-61.95596368198877,48.49717726960694],[-62.02034606473448,48.402837114930946],[-62.055463728050334,48.36399116888789],[-62.160816717997875,48.3584417480246],[-62.225199100743595,48.375090010614485],[-62.22129713815294,48.38988846624993],[-62.0925323726615,48.43428383315627],[-62.06131667193631,48.41393595665753],[-62.03790489639241,48.49347765569807],[-62.07107157841293,48.532323601741126],[-62.166669661883844,48.51382553219681],[-62.201787325199696,48.53972282955885],[-62.20568928779034,48.54157263651328],[-62.15691475540722,48.59336723123735],[-62.1393559237493,48.62666375641711]]]}},{"type":"Feature","id":"20750","properties":{"MPIO":"20750","DPTO":"20","NOMBRE_MPI":"SAN DIEGO","NOMBRE_DPT":"CESAR"},"geometry":{"type":"Polygon","coordinates":[[[-59.491874305993534,48.400987307976514],[-59.36701150309274,48.38988846624993],[-59.38457033475067,48.29184869766508],[-59.42944290454314,48.295548311573945],[-59.44309977361041,48.223405840351134],[-59.597227295941074,48.210457191670116],[-59.81768818231278,48.16421201780934],[-59.5835704268738,48.28999889071065],[-59.491874305993534,48.400987307976514]]]}},{"type":"Feature","id":"08770","properties":{"MPIO":"08770","DPTO":"08","NOMBRE_MPI":"SUAN","NOMBRE_DPT":"ATLANTICO"},"geometry":{"type":"Polygon","coordinates":[[[-61.885728355357074,48.58966761732849],[-61.94620877551215,48.510125918287955],[-61.998885270485914,48.532323601741126],[-61.96571858846539,48.5785687756019],[-61.885728355357074,48.58966761732849]]]}},{"type":"Feature","id":"13052","properties":{"MPIO":"13052","DPTO":"13","NOMBRE_MPI":"ARJONA","NOMBRE_DPT":"BOLIVAR"},"geometry":{"type":"Polygon","coordinates":[[[-62.61734634110388,48.56192051301202],[-62.59588554685531,48.58411819646519],[-62.472973725249844,48.60076645905507],[-62.42029723027608,48.54157263651328],[-62.46712078136387,48.52122476001453],[-62.49443451949841,48.36954058975119],[-62.62124830369453,48.36954058975119],[-62.699287555507524,48.32514522284484],[-62.81634643322701,48.3047973463461],[-62.8787778346774,48.36399116888789],[-62.83780722747558,48.437983447065136],[-62.63685615405713,48.482378813971486],[-62.61734634110388,48.56192051301202]]]}},{"type":"Feature","id":"13433","properties":{"MPIO":"13433","DPTO":"13","NOMBRE_MPI":"MAHATES","NOMBRE_DPT":"BOLIVAR"},"geometry":{"type":"Polygon","coordinates":[[[-62.33250307198646,48.565620126920884],[-62.20568928779034,48.54157263651328],[-62.201787325199696,48.53972282955885],[-62.264218726650086,48.52122476001453],[-62.26031676405944,48.39358808015879],[-62.22129713815294,48.38988846624993],[-62.225199100743595,48.375090010614485],[-62.28177755830801,48.36954058975119],[-62.38713054825555,48.31774599502712],[-62.43590508063867,48.31774599502712],[-62.49443451949841,48.36954058975119],[-62.46712078136387,48.52122476001453],[-62.42029723027608,48.54157263651328],[-62.33250307198646,48.565620126920884]]]}},{"type":"Feature","id":"13838","properties":{"MPIO":"13838","DPTO":"13","NOMBRE_MPI":"TURBANA","NOMBRE_DPT":"BOLIVAR"},"geometry":{"type":"Polygon","coordinates":[[[-62.72465031234674,48.59336723123735],[-62.61734634110388,48.56192051301202],[-62.63685615405713,48.482378813971486],[-62.83780722747558,48.437983447065136],[-62.77732680732051,48.55082167128543],[-62.77537582602519,48.59521703819178],[-62.72465031234674,48.59336723123735]]]}},{"type":"Feature","id":"47541","properties":{"MPIO":"47541","DPTO":"47","NOMBRE_MPI":"PEDRAZA","NOMBRE_DPT":"MAGDALENA"},"geometry":{"type":"Polygon","coordinates":[[[-61.80183615965811,48.465730551381604],[-61.68867924452927,48.42503479838412],[-61.63405176826017,48.45833132356388],[-61.68477728193862,48.40838653579424],[-61.72184592654979,48.330694643708135],[-61.77452242152356,48.33994367848029],[-61.854512654631876,48.30849696025496],[-61.91499307478695,48.3584417480246],[-61.98132643882799,48.36214136193347],[-62.02034606473448,48.402837114930946],[-61.95596368198877,48.49717726960694],[-61.918895037377595,48.46203093747274],[-61.80183615965811,48.465730551381604]]]}},{"type":"Feature","id":"47170","properties":{"MPIO":"47170","DPTO":"47","NOMBRE_MPI":"CHIVOLO","NOMBRE_DPT":"MAGDALENA"},"geometry":{"type":"Polygon","coordinates":[[[-61.3609143869147,48.43613364011071],[-61.325796723598856,48.39913750102208],[-61.357012424324054,48.386188852341064],[-61.27116924732976,48.253002751622034],[-61.29067906028301,48.20120815689796],[-61.35896340561938,48.223405840351134],[-61.47407130204354,48.22895526121442],[-61.48772817111082,48.16421201780934],[-61.62429686178355,48.245603523804306],[-61.56381644162848,48.36954058975119],[-61.493581114996786,48.39728769406766],[-61.47992424592951,48.437983447065136],[-61.3609143869147,48.43613364011071]]]}},{"type":"Feature","id":"20013","properties":{"MPIO":"20013","DPTO":"20","NOMBRE_MPI":"AGUSTIN CODAZZI","NOMBRE_DPT":"CESAR"},"geometry":{"type":"Polygon","coordinates":[[[-59.220687905943386,47.99217997104725],[-59.40017818511326,47.94408499023204],[-59.47041351174496,47.895990009416835],[-59.911335284488366,47.85344444946492],[-60.231296216921635,47.766503522606655],[-60.20008051619644,47.83679618687504],[-60.079119675886304,47.901539430280124],[-59.93279607873694,47.95703363891306],[-59.89572743412577,48.03657533795359],[-59.77086463122498,48.093919353540954],[-59.68307047293536,48.10131858135868],[-59.56991355780652,48.0846703187688],[-59.37481542827405,48.11056761613084],[-59.09387412174727,48.223405840351134],[-59.09192314045195,48.14201433435617],[-59.220687905943386,47.99217997104725]]]}},{"type":"Feature","id":"13248","properties":{"MPIO":"13248","DPTO":"13","NOMBRE_MPI":"EL GUAMO","NOMBRE_DPT":"BOLIVAR"},"geometry":{"type":"Polygon","coordinates":[[[-62.02034606473448,48.402837114930946],[-61.98132643882799,48.36214136193347],[-61.91499307478695,48.3584417480246],[-61.854512654631876,48.30849696025496],[-61.815493028725385,48.26780120725748],[-61.85061069204123,48.225255647305566],[-61.96181662587475,48.17901047344479],[-62.00083625178124,48.217856419487845],[-62.102287279138125,48.217856419487845],[-62.20373830649502,48.30849696025496],[-62.160816717997875,48.3584417480246],[-62.055463728050334,48.36399116888789],[-62.02034606473448,48.402837114930946]]]}},{"type":"Feature","id":"70713","properties":{"MPIO":"70713","DPTO":"70","NOMBRE_MPI":"SAN ONOFRE","NOMBRE_DPT":"SUCRE"},"geometry":{"type":"Polygon","coordinates":[[[-62.94316021742312,48.4120861497031],[-62.83780722747558,48.437983447065136],[-62.8787778346774,48.36399116888789],[-62.81634643322701,48.3047973463461],[-62.835856246180256,48.19935834994353],[-62.77342484472986,48.20490777080683],[-62.640758116647774,48.17161124562706],[-62.650513023124404,48.07727109095108],[-62.732454237528046,48.003278812773836],[-62.732454237528046,47.938535569368746],[-62.76952288213921,47.938535569368746],[-62.843660171361556,47.95518383195863],[-62.8709739094961,47.982930936275096],[-63.029003394417416,47.97368190150294],[-63.06607203902858,48.023626689272575],[-63.190934841929376,48.053223600543475],[-63.07582694550521,48.12536607176629],[-63.068023020323906,48.17161124562706],[-62.964621011671696,48.29739811852838],[-62.908042554107276,48.315896188072685],[-62.90609157281195,48.37878962452334],[-62.94316021742312,48.4120861497031]]]}},{"type":"Feature","id":"13657","properties":{"MPIO":"13657","DPTO":"13","NOMBRE_MPI":"SAN JUAN NEPOMUCENO","NOMBRE_DPT":"BOLIVAR"},"geometry":{"type":"Polygon","coordinates":[[[-62.225199100743595,48.375090010614485],[-62.160816717997875,48.3584417480246],[-62.20373830649502,48.30849696025496],[-62.102287279138125,48.217856419487845],[-62.00083625178124,48.217856419487845],[-61.96181662587475,48.17901047344479],[-61.93060092514955,48.08097070485994],[-62.06716961582228,48.108717809176405],[-62.273973633126715,48.1438641413106],[-62.29933638996593,48.173461052581494],[-62.49638550079374,48.19195912212581],[-62.43590508063867,48.31774599502712],[-62.38713054825555,48.31774599502712],[-62.28177755830801,48.36954058975119],[-62.225199100743595,48.375090010614485]]]}},{"type":"Feature","id":"13442","properties":{"MPIO":"13442","DPTO":"13","NOMBRE_MPI":"MARIA LA BAJA","NOMBRE_DPT":"BOLIVAR"},"geometry":{"type":"Polygon","coordinates":[[[-62.49443451949841,48.36954058975119],[-62.43590508063867,48.31774599502712],[-62.49638550079374,48.19195912212581],[-62.56662082742543,48.18455989430808],[-62.640758116647774,48.17161124562706],[-62.77342484472986,48.20490777080683],[-62.835856246180256,48.19935834994353],[-62.81634643322701,48.3047973463461],[-62.699287555507524,48.32514522284484],[-62.62124830369453,48.36954058975119],[-62.49443451949841,48.36954058975119]]]}},{"type":"Feature","id":"20060","properties":{"MPIO":"20060","DPTO":"20","NOMBRE_MPI":"BOSCONIA","NOMBRE_DPT":"CESAR"},"geometry":{"type":"Polygon","coordinates":[[[-60.36396294500372,48.1142672300397],[-60.31909037521125,47.99033016409282],[-60.34250215075515,47.96998228759408],[-60.51809046733438,47.92188730677887],[-60.584423831375425,47.968132480639646],[-60.62344345728192,48.03287572404473],[-60.705384671685565,48.08652012572323],[-60.75611018536401,48.145713948265026],[-60.60393364432868,48.18271008735365],[-60.43224729034009,48.19010931517138],[-60.36396294500372,48.1142672300397]]]}},{"type":"Feature","id":"47798","properties":{"MPIO":"47798","DPTO":"47","NOMBRE_MPI":"TENERIFE","NOMBRE_DPT":"MAGDALENA"},"geometry":{"type":"Polygon","coordinates":[[[-61.815493028725385,48.26780120725748],[-61.74525770209369,48.243753716849874],[-61.62429686178355,48.245603523804306],[-61.48772817111082,48.16421201780934],[-61.51309092795003,48.09761896744982],[-61.70623807618719,48.09206954658653],[-61.75891457116096,48.06432244227006],[-61.918895037377595,48.04212475881689],[-61.93060092514955,48.08097070485994],[-61.96181662587475,48.17901047344479],[-61.85061069204123,48.225255647305566],[-61.815493028725385,48.26780120725748]]]}},{"type":"Feature","id":"47555","properties":{"MPIO":"47555","DPTO":"47","NOMBRE_MPI":"PLATO","NOMBRE_DPT":"MAGDALENA"},"geometry":{"type":"Polygon","coordinates":[[[-61.48772817111082,48.16421201780934],[-61.47407130204354,48.22895526121442],[-61.35896340561938,48.223405840351134],[-61.29067906028301,48.20120815689796],[-61.23214962142326,48.18455989430808],[-61.163865276086895,48.12906568567515],[-61.19312999551677,48.1142672300397],[-61.26336532214846,48.15496298303718],[-61.27897317251106,48.09761896744982],[-61.380424199867946,48.05137379358904],[-61.3218947610082,47.98478074322952],[-61.35896340561938,47.86824290510037],[-61.43114971354639,47.8164483103763],[-61.509188965359385,47.7628039086978],[-61.516992890540685,47.825697345148455],[-61.58332625458173,47.89783981637127],[-61.725747889140436,47.866393098145934],[-61.708189057482514,47.81459850342186],[-61.82719891649733,47.803499661695284],[-61.92084601867292,47.77205294346995],[-61.86036559851785,47.85159464251049],[-61.92084601867292,47.91448807896114],[-61.94425779421682,47.94778460414091],[-61.89938522442435,48.01437765450042],[-61.918895037377595,48.04212475881689],[-61.75891457116096,48.06432244227006],[-61.70623807618719,48.09206954658653],[-61.51309092795003,48.09761896744982],[-61.48772817111082,48.16421201780934]]]}},{"type":"Feature","id":"47058","properties":{"MPIO":"47058","DPTO":"47","NOMBRE_MPI":"ARIGUAINI","NOMBRE_DPT":"MAGDALENA"},"geometry":{"type":"Polygon","coordinates":[[[-60.75611018536401,48.145713948265026],[-60.705384671685565,48.08652012572323],[-60.62344345728192,48.03287572404473],[-60.584423831375425,47.968132480639646],[-60.51809046733438,47.92188730677887],[-60.50833556085776,47.85344444946492],[-60.54930616805958,47.846045221647195],[-60.802933736451806,47.88674097464468],[-60.87902200696947,47.87194251900923],[-60.92779653935259,47.825697345148455],[-61.03900247318611,47.77020313651552],[-60.97657107173571,47.85899387032821],[-61.01949266023286,47.923737113733296],[-61.091678968159876,47.96258305977635],[-61.07607111779728,48.06987186313336],[-61.035100510595456,48.15681278999162],[-60.921943595466615,48.158662596946044],[-60.87707102567415,48.12536607176629],[-60.75611018536401,48.145713948265026]]]}},{"type":"Feature","id":"20045","properties":{"MPIO":"20045","DPTO":"20","NOMBRE_MPI":"BECERRIL","NOMBRE_DPT":"CESAR"},"geometry":{"type":"Polygon","coordinates":[[[-60.231296216921635,47.766503522606655],[-59.911335284488366,47.85344444946492],[-59.47041351174496,47.895990009416835],[-59.40017818511326,47.94408499023204],[-59.220687905943386,47.99217997104725],[-59.259707531849884,47.87934174682695],[-59.193374167808834,47.84789502860163],[-59.3006781390517,47.781301978242105],[-59.38457033475067,47.688811630520554],[-59.482119399516904,47.66291433315852],[-59.68307047293536,47.644416263614204],[-59.84109995785667,47.674013174885104],[-59.94450196650889,47.7628039086978],[-59.98547257371071,47.7628039086978],[-60.086923601067596,47.74060622524462],[-60.231296216921635,47.766503522606655]]]}},{"type":"Feature","id":"13654","properties":{"MPIO":"13654","DPTO":"13","NOMBRE_MPI":"SAN JACINTO","NOMBRE_DPT":"BOLIVAR"},"geometry":{"type":"Polygon","coordinates":[[[-62.49638550079374,48.19195912212581],[-62.29933638996593,48.173461052581494],[-62.273973633126715,48.1438641413106],[-62.06716961582228,48.108717809176405],[-62.112042185614754,48.01067804059156],[-62.231052044629564,48.03657533795359],[-62.27592461442204,48.02732630318144],[-62.506140407270365,48.073571477042215],[-62.498336482089066,48.13091549262958],[-62.56662082742543,48.18455989430808],[-62.49638550079374,48.19195912212581]]]}},{"type":"Feature","id":"13244","properties":{"MPIO":"13244","DPTO":"13","NOMBRE_MPI":"EL CARMEN DE BOLIVAR","NOMBRE_DPT":"BOLIVAR"},"geometry":{"type":"Polygon","coordinates":[[[-62.56662082742543,48.18455989430808],[-62.498336482089066,48.13091549262958],[-62.506140407270365,48.073571477042215],[-62.27592461442204,48.02732630318144],[-62.231052044629564,48.03657533795359],[-62.112042185614754,48.01067804059156],[-62.1159441482054,47.92003749982444],[-62.14911083022592,47.860843677282645],[-62.21934615685762,47.80534946864971],[-62.36371877271165,47.86269348423707],[-62.45931685618257,47.953334025004196],[-62.53540512670024,47.9773815154118],[-62.683679705144925,47.981081129320664],[-62.72855227493739,47.93298614850546],[-62.732454237528046,47.938535569368746],[-62.732454237528046,48.003278812773836],[-62.650513023124404,48.07727109095108],[-62.640758116647774,48.17161124562706],[-62.56662082742543,48.18455989430808]]]}},{"type":"Feature","id":"20250","properties":{"MPIO":"20250","DPTO":"20","NOMBRE_MPI":"EL PASO","NOMBRE_DPT":"CESAR"},"geometry":{"type":"Polygon","coordinates":[[[-60.174717759357215,47.91448807896114],[-60.20008051619644,47.83679618687504],[-60.231296216921635,47.766503522606655],[-60.086923601067596,47.74060622524462],[-59.98547257371071,47.7628039086978],[-59.98742355500603,47.690661437474986],[-60.07716869459097,47.69251124442941],[-60.15520794640397,47.65736491229522],[-60.24495308598891,47.66476414011295],[-60.2839727118954,47.624068387115464],[-60.442002196816716,47.603720510616725],[-60.473217897541915,47.64626607056864],[-60.48297280401854,47.709159507019294],[-60.473217897541915,47.79795024083199],[-60.50833556085776,47.85344444946492],[-60.51809046733438,47.92188730677887],[-60.34250215075515,47.96998228759408],[-60.336649206869176,47.94223518327761],[-60.246904067284234,47.94223518327761],[-60.174717759357215,47.91448807896114]]]}},{"type":"Feature","id":"13894","properties":{"MPIO":"13894","DPTO":"13","NOMBRE_MPI":"ZAMBRANO","NOMBRE_DPT":"BOLIVAR"},"geometry":{"type":"Polygon","coordinates":[[[-62.06716961582228,48.108717809176405],[-61.93060092514955,48.08097070485994],[-61.918895037377595,48.04212475881689],[-61.89938522442435,48.01437765450042],[-61.94425779421682,47.94778460414091],[-61.92084601867292,47.91448807896114],[-62.02619900862046,47.901539430280124],[-62.1159441482054,47.92003749982444],[-62.112042185614754,48.01067804059156],[-62.06716961582228,48.108717809176405]]]}},{"type":"Feature","id":"47707","properties":{"MPIO":"47707","DPTO":"47","NOMBRE_MPI":"SANTA ANA","NOMBRE_DPT":"MAGDALENA"},"geometry":{"type":"Polygon","coordinates":[[[-60.50833556085776,47.85344444946492],[-60.473217897541915,47.79795024083199],[-60.52589439251568,47.781301978242105],[-60.66636504577907,47.7868513991054],[-60.76001214795466,47.84419541469276],[-60.78732588608921,47.79795024083199],[-60.89462985733207,47.781301978242105],[-61.06241424873001,47.690661437474986],[-61.30238494805496,47.65181549143193],[-61.40968891929782,47.611119738434446],[-61.53455172219861,47.60187070366229],[-61.61844391789758,47.51492977680403],[-61.68477728193862,47.55562552980152],[-61.73355181432174,47.61666915929774],[-61.6281988243742,47.668463754021815],[-61.6281988243742,47.696210858338276],[-61.509188965359385,47.7628039086978],[-61.43114971354639,47.8164483103763],[-61.13460055665702,47.76465371565223],[-61.03900247318611,47.77020313651552],[-60.92779653935259,47.825697345148455],[-60.87902200696947,47.87194251900923],[-60.802933736451806,47.88674097464468],[-60.54930616805958,47.846045221647195],[-60.50833556085776,47.85344444946492]]]}},{"type":"Feature","id":"47545","properties":{"MPIO":"47545","DPTO":"47","NOMBRE_MPI":"PIJI¥O DEL CARMEN","NOMBRE_DPT":"MAGDALENA"},"geometry":{"type":"Polygon","coordinates":[[[-60.473217897541915,47.79795024083199],[-60.48297280401854,47.709159507019294],[-60.81463962422375,47.74800545306235],[-60.98242401562169,47.65736491229522],[-61.050708360958055,47.64811587752307],[-61.115090743703774,47.62776800102433],[-61.27116924732976,47.531578039393914],[-61.421394807069774,47.54082707416607],[-61.573571348105105,47.4594355681711],[-61.61844391789758,47.51492977680403],[-61.53455172219861,47.60187070366229],[-61.40968891929782,47.611119738434446],[-61.30238494805496,47.65181549143193],[-61.06241424873001,47.690661437474986],[-60.89462985733207,47.781301978242105],[-60.78732588608921,47.79795024083199],[-60.76001214795466,47.84419541469276],[-60.66636504577907,47.7868513991054],[-60.52589439251568,47.781301978242105],[-60.473217897541915,47.79795024083199]]]}},{"type":"Feature","id":"70508","properties":{"MPIO":"70508","DPTO":"70","NOMBRE_MPI":"OVEJAS","NOMBRE_DPT":"SUCRE"},"geometry":{"type":"Polygon","coordinates":[[[-62.683679705144925,47.981081129320664],[-62.53540512670024,47.9773815154118],[-62.45931685618257,47.953334025004196],[-62.36371877271165,47.86269348423707],[-62.21934615685762,47.80534946864971],[-62.209591250380996,47.79795024083199],[-62.33250307198646,47.70730970006486],[-62.34811092234905,47.72210815570031],[-62.3910325108462,47.755404680880076],[-62.61344437851323,47.79980004778642],[-62.60564045333193,47.89044058855354],[-62.683679705144925,47.981081129320664]]]}},{"type":"Feature","id":"20400","properties":{"MPIO":"20400","DPTO":"20","NOMBRE_MPI":"LA JAGUA DE IBIRICO","NOMBRE_DPT":"CESAR"},"geometry":{"type":"Polygon","coordinates":[[[-59.98547257371071,47.7628039086978],[-59.94450196650889,47.7628039086978],[-59.84109995785667,47.674013174885104],[-59.68307047293536,47.644416263614204],[-59.482119399516904,47.66291433315852],[-59.38457033475067,47.688811630520554],[-59.48797234340288,47.58707224802684],[-59.55625668873925,47.574123599345825],[-59.64795280961952,47.50198112812301],[-59.81768818231278,47.533427846348346],[-59.89767841542109,47.52787842548505],[-59.989374536301355,47.5667243715281],[-60.12399224567877,47.59817108975343],[-60.09862948883955,47.633317421887625],[-59.98742355500603,47.690661437474986],[-59.98547257371071,47.7628039086978]]]}},{"type":"Feature","id":"70230","properties":{"MPIO":"70230","DPTO":"70","NOMBRE_MPI":"CHALAN","NOMBRE_DPT":"SUCRE"},"geometry":{"type":"Polygon","coordinates":[[[-62.72855227493739,47.93298614850546],[-62.683679705144925,47.981081129320664],[-62.60564045333193,47.89044058855354],[-62.61344437851323,47.79980004778642],[-62.640758116647774,47.796100433877555],[-62.72855227493739,47.93298614850546]]]}},{"type":"Feature","id":"13212","properties":{"MPIO":"13212","DPTO":"13","NOMBRE_MPI":"CORDOBA","NOMBRE_DPT":"BOLIVAR"},"geometry":{"type":"Polygon","coordinates":[[[-62.1159441482054,47.92003749982444],[-62.02619900862046,47.901539430280124],[-61.92084601867292,47.91448807896114],[-61.86036559851785,47.85159464251049],[-61.92084601867292,47.77205294346995],[-61.93840485033084,47.690661437474986],[-62.112042185614754,47.6795625957484],[-62.1471598489306,47.70545989311043],[-62.209591250380996,47.79795024083199],[-62.21934615685762,47.80534946864971],[-62.14911083022592,47.860843677282645],[-62.1159441482054,47.92003749982444]]]}},{"type":"Feature","id":"70823","properties":{"MPIO":"70823","DPTO":"70","NOMBRE_MPI":"TOLUVIEJO","NOMBRE_DPT":"SUCRE"},"geometry":{"type":"Polygon","coordinates":[[[-62.843660171361556,47.95518383195863],[-62.76952288213921,47.938535569368746],[-62.746111106595315,47.8700927120548],[-62.78903269509246,47.75910429478893],[-62.781228769911166,47.725807769609176],[-62.80854250804571,47.70176027920157],[-62.923650404469875,47.72025834874588],[-62.956817086490396,47.746155646107916],[-62.956817086490396,47.77760236433325],[-62.83780722747558,47.895990009416835],[-62.843660171361556,47.95518383195863]]]}},{"type":"Feature","id":"70204","properties":{"MPIO":"70204","DPTO":"70","NOMBRE_MPI":"COLOSO","NOMBRE_DPT":"SUCRE"},"geometry":{"type":"Polygon","coordinates":[[[-62.76952288213921,47.938535569368746],[-62.732454237528046,47.938535569368746],[-62.72855227493739,47.93298614850546],[-62.640758116647774,47.796100433877555],[-62.6427090979431,47.79240081996869],[-62.781228769911166,47.725807769609176],[-62.78903269509246,47.75910429478893],[-62.746111106595315,47.8700927120548],[-62.76952288213921,47.938535569368746]]]}},{"type":"Feature","id":"20178","properties":{"MPIO":"20178","DPTO":"20","NOMBRE_MPI":"CHIRIGUANA","NOMBRE_DPT":"CESAR"},"geometry":{"type":"Polygon","coordinates":[[[-59.98742355500603,47.690661437474986],[-60.09862948883955,47.633317421887625],[-60.12399224567877,47.59817108975343],[-59.989374536301355,47.5667243715281],[-59.89767841542109,47.52787842548505],[-59.81768818231278,47.533427846348346],[-59.64795280961952,47.50198112812301],[-59.78452150029226,47.38359348303943],[-59.958158835576164,47.47978344466984],[-60.01863925573123,47.474234023806545],[-60.17276677806189,47.37804406217613],[-60.31713939391592,47.366945220449544],[-60.3698158888897,47.346597343950805],[-60.34055116945983,47.483483058578706],[-60.42834532774944,47.52417881157619],[-60.442002196816716,47.603720510616725],[-60.2839727118954,47.624068387115464],[-60.24495308598891,47.66476414011295],[-60.15520794640397,47.65736491229522],[-60.07716869459097,47.69251124442941],[-59.98742355500603,47.690661437474986]]]}},{"type":"Feature","id":"20032","properties":{"MPIO":"20032","DPTO":"20","NOMBRE_MPI":"ASTREA","NOMBRE_DPT":"CESAR"},"geometry":{"type":"Polygon","coordinates":[[[-60.473217897541915,47.64626607056864],[-60.5590610745362,47.60002089670786],[-60.6683160270744,47.60002089670786],[-60.754159204068685,47.50013132116858],[-60.78147294220323,47.496431707259724],[-60.834149437177004,47.54452668807493],[-60.888776913446094,47.603720510616725],[-60.98242401562169,47.65736491229522],[-60.81463962422375,47.74800545306235],[-60.48297280401854,47.709159507019294],[-60.473217897541915,47.64626607056864]]]}},{"type":"Feature","id":"70717","properties":{"MPIO":"70717","DPTO":"70","NOMBRE_MPI":"SAN PEDRO","NOMBRE_DPT":"SUCRE"},"geometry":{"type":"Polygon","coordinates":[[[-62.209591250380996,47.79795024083199],[-62.1471598489306,47.70545989311043],[-62.174473587065144,47.63701703579648],[-62.23495400722022,47.60557031757116],[-62.33250307198646,47.62776800102433],[-62.377375641778926,47.61481935234331],[-62.371522697892956,47.69806066529271],[-62.34811092234905,47.72210815570031],[-62.33250307198646,47.70730970006486],[-62.209591250380996,47.79795024083199]]]}},{"type":"Feature","id":"20175","properties":{"MPIO":"20175","DPTO":"20","NOMBRE_MPI":"CHIMICHAGUA","NOMBRE_DPT":"CESAR"},"geometry":{"type":"Polygon","coordinates":[[[-60.442002196816716,47.603720510616725],[-60.42834532774944,47.52417881157619],[-60.34055116945983,47.483483058578706],[-60.3698158888897,47.346597343950805],[-60.32494331909723,47.23560892668494],[-60.33469822557385,47.196762980641886],[-60.112286357906825,47.16531626241656],[-60.00303140536863,47.20046259455075],[-60.071315750705,47.02658074083423],[-60.19227659101514,47.09687340510261],[-60.23324719821696,47.15236761373554],[-60.3073844874393,47.13756915810009],[-60.40688453350087,47.15051780678111],[-60.527845373811004,47.196762980641886],[-60.59612971914737,47.19491317368745],[-60.66051210189309,47.26335603100141],[-60.68002191484634,47.33364869526979],[-60.78537490479388,47.35584637872296],[-60.746355278887386,47.416890008219184],[-60.78147294220323,47.496431707259724],[-60.754159204068685,47.50013132116858],[-60.6683160270744,47.60002089670786],[-60.5590610745362,47.60002089670786],[-60.473217897541915,47.64626607056864],[-60.442002196816716,47.603720510616725]]]}},{"type":"Feature","id":"70418","properties":{"MPIO":"70418","DPTO":"70","NOMBRE_MPI":"LOS PALMITOS","NOMBRE_DPT":"SUCRE"},"geometry":{"type":"Polygon","coordinates":[[[-62.640758116647774,47.796100433877555],[-62.61344437851323,47.79980004778642],[-62.3910325108462,47.755404680880076],[-62.34811092234905,47.72210815570031],[-62.371522697892956,47.69806066529271],[-62.4066403612088,47.674013174885104],[-62.457365874887245,47.68696182356612],[-62.57247377131141,47.638866842750915],[-62.59978750944595,47.6499656844775],[-62.59003260296933,47.71470892788259],[-62.6427090979431,47.79240081996869],[-62.640758116647774,47.796100433877555]]]}},{"type":"Feature","id":"70473","properties":{"MPIO":"70473","DPTO":"70","NOMBRE_MPI":"MORROA","NOMBRE_DPT":"SUCRE"},"geometry":{"type":"Polygon","coordinates":[[[-62.6427090979431,47.79240081996869],[-62.59003260296933,47.71470892788259],[-62.59978750944595,47.6499656844775],[-62.71879736846077,47.61666915929774],[-62.781228769911166,47.725807769609176],[-62.6427090979431,47.79240081996869]]]}},{"type":"Feature","id":"47692","properties":{"MPIO":"47692","DPTO":"47","NOMBRE_MPI":"SAN SEBASTIAN DE BUENAVISTA","NOMBRE_DPT":"MAGDALENA"},"geometry":{"type":"Polygon","coordinates":[[[-61.050708360958055,47.64811587752307],[-60.98242401562169,47.65736491229522],[-60.888776913446094,47.603720510616725],[-60.834149437177004,47.54452668807493],[-60.953159296191814,47.50753054898631],[-61.1014338746365,47.496431707259724],[-61.22239471494664,47.38914290390272],[-61.27116924732976,47.39284251781158],[-61.3531104617334,47.416890008219184],[-61.42724775095574,47.42243942908248],[-61.19508097681209,47.50198112812301],[-61.05656130484403,47.61481935234331],[-61.050708360958055,47.64811587752307]]]}},{"type":"Feature","id":"47703","properties":{"MPIO":"47703","DPTO":"47","NOMBRE_MPI":"SAN ZENON","NOMBRE_DPT":"MAGDALENA"},"geometry":{"type":"Polygon","coordinates":[[[-61.573571348105105,47.4594355681711],[-61.421394807069774,47.54082707416607],[-61.27116924732976,47.531578039393914],[-61.115090743703774,47.62776800102433],[-61.050708360958055,47.64811587752307],[-61.05656130484403,47.61481935234331],[-61.19508097681209,47.50198112812301],[-61.42724775095574,47.42243942908248],[-61.46236541427159,47.46313518207997],[-61.51504190924536,47.45758576121667],[-61.573571348105105,47.4594355681711]]]}},{"type":"Feature","id":"13430","properties":{"MPIO":"13430","DPTO":"13","NOMBRE_MPI":"MAGANGUE","NOMBRE_DPT":"BOLIVAR"},"geometry":{"type":"Polygon","coordinates":[[[-61.854512654631876,47.661064526204086],[-61.82329695390668,47.65181549143193],[-61.766718496342264,47.52602861853062],[-61.854512654631876,47.48533286553314],[-61.846708729450576,47.42243942908248],[-61.848659710745906,47.35769618567739],[-61.74720868338901,47.25595680318368],[-61.61844391789758,47.196762980641886],[-61.52869877831263,47.10982205378363],[-61.56771840421913,47.04137919646968],[-61.710140038777844,47.02843054778866],[-61.73160083302641,47.104272632920335],[-61.81744401002071,47.2152610501862],[-61.90523816831032,47.26705564491027],[-61.98717938271396,47.29110313531787],[-62.04961078416436,47.37064483435841],[-62.1237480733867,47.47238421685212],[-62.12569905468203,47.483483058578706],[-62.12960101727268,47.60187070366229],[-62.112042185614754,47.6795625957484],[-61.93840485033084,47.690661437474986],[-61.854512654631876,47.661064526204086]]]}},{"type":"Feature","id":"70110","properties":{"MPIO":"70110","DPTO":"70","NOMBRE_MPI":"BUENAVISTA","NOMBRE_DPT":"SUCRE"},"geometry":{"type":"Polygon","coordinates":[[[-62.1471598489306,47.70545989311043],[-62.112042185614754,47.6795625957484],[-62.12960101727268,47.60187070366229],[-62.12569905468203,47.483483058578706],[-62.176424568360474,47.50753054898631],[-62.23495400722022,47.60557031757116],[-62.174473587065144,47.63701703579648],[-62.1471598489306,47.70545989311043]]]}},{"type":"Feature","id":"23672","properties":{"MPIO":"23672","DPTO":"23","NOMBRE_MPI":"SAN ANTERO","NOMBRE_DPT":"CORDOBA"},"geometry":{"type":"Polygon","coordinates":[[[-63.235807411721844,47.75355487392564],[-63.212395636177945,47.68141240270283],[-63.206542692291976,47.661064526204086],[-63.341160401669384,47.633317421887625],[-63.44846437291225,47.688811630520554],[-63.430905541254326,47.71285912092816],[-63.46797418586549,47.7868513991054],[-63.235807411721844,47.75355487392564]]]}},{"type":"Feature","id":"23675","properties":{"MPIO":"23675","DPTO":"23","NOMBRE_MPI":"SAN BERNARDO DEL VIENTO","NOMBRE_DPT":"CORDOBA"},"geometry":{"type":"Polygon","coordinates":[[[-63.46797418586549,47.7868513991054],[-63.430905541254326,47.71285912092816],[-63.44846437291225,47.688811630520554],[-63.508944793067315,47.68326220965726],[-63.57722913840369,47.62961780797876],[-63.702091941304474,47.60002089670786],[-63.70599390389512,47.659214719249654],[-63.76647432405019,47.67216336793067],[-63.81719983772864,47.72025834874588],[-63.64356250244473,47.75910429478893],[-63.598689932652256,47.78500159215097],[-63.46797418586549,47.7868513991054]]]}},{"type":"Feature","id":"70001","properties":{"MPIO":"70001","DPTO":"70","NOMBRE_MPI":"SINCELEJO","NOMBRE_DPT":"SUCRE"},"geometry":{"type":"Polygon","coordinates":[[[-62.956817086490396,47.746155646107916],[-62.923650404469875,47.72025834874588],[-62.80854250804571,47.70176027920157],[-62.781228769911166,47.725807769609176],[-62.71879736846077,47.61666915929774],[-62.74416012529999,47.52417881157619],[-62.76952288213921,47.55747533675595],[-62.91389549799325,47.5667243715281],[-62.97632689944364,47.56487456457367],[-62.94706218001377,47.66291433315852],[-62.98998376851092,47.731357190472465],[-62.956817086490396,47.746155646107916]]]}},{"type":"Feature","id":"13780","properties":{"MPIO":"13780","DPTO":"13","NOMBRE_MPI":"TALAIGUA NUEVO","NOMBRE_DPT":"BOLIVAR"},"geometry":{"type":"Polygon","coordinates":[[[-61.73355181432174,47.61666915929774],[-61.68477728193862,47.55562552980152],[-61.61844391789758,47.51492977680403],[-61.764767515046934,47.4594355681711],[-61.70428709489187,47.5130799698496],[-61.766718496342264,47.52602861853062],[-61.82329695390668,47.65181549143193],[-61.854512654631876,47.661064526204086],[-61.76281653375161,47.64626607056864],[-61.73355181432174,47.61666915929774]]]}},{"type":"Feature","id":"70742","properties":{"MPIO":"70742","DPTO":"70","NOMBRE_MPI":"SINCE","NOMBRE_DPT":"SUCRE"},"geometry":{"type":"Polygon","coordinates":[[[-62.371522697892956,47.69806066529271],[-62.377375641778926,47.61481935234331],[-62.33250307198646,47.62776800102433],[-62.23495400722022,47.60557031757116],[-62.176424568360474,47.50753054898631],[-62.12569905468203,47.483483058578706],[-62.1237480733867,47.47238421685212],[-62.27592461442204,47.49273209335086],[-62.37347367918828,47.44093749862679],[-62.352012884939704,47.38729309694829],[-62.42419919286672,47.411340587355895],[-62.43590508063867,47.46313518207997],[-62.47882666913581,47.47793363771541],[-62.506140407270365,47.50013132116858],[-62.41054232379945,47.58522244107242],[-62.4066403612088,47.674013174885104],[-62.371522697892956,47.69806066529271]]]}},{"type":"Feature","id":"70523","properties":{"MPIO":"70523","DPTO":"70","NOMBRE_MPI":"PALMITO","NOMBRE_DPT":"SUCRE"},"geometry":{"type":"Polygon","coordinates":[[[-62.98998376851092,47.731357190472465],[-62.94706218001377,47.66291433315852],[-62.97632689944364,47.56487456457367],[-63.05631713255196,47.60557031757116],[-63.14996423472755,47.653665298386365],[-63.18117993545275,47.644416263614204],[-63.206542692291976,47.661064526204086],[-63.212395636177945,47.68141240270283],[-63.16752306638548,47.71470892788259],[-63.10509166493508,47.746155646107916],[-62.98998376851092,47.731357190472465]]]}},{"type":"Feature","id":"70702","properties":{"MPIO":"70702","DPTO":"70","NOMBRE_MPI":"SAN JUAN DE BETULIA","NOMBRE_DPT":"SUCRE"},"geometry":{"type":"Polygon","coordinates":[[[-62.4066403612088,47.674013174885104],[-62.41054232379945,47.58522244107242],[-62.506140407270365,47.50013132116858],[-62.611493397217906,47.49458190030529],[-62.62319928498985,47.59262166889014],[-62.57247377131141,47.638866842750915],[-62.457365874887245,47.68696182356612],[-62.4066403612088,47.674013174885104]]]}},{"type":"Feature","id":"20228","properties":{"MPIO":"20228","DPTO":"20","NOMBRE_MPI":"CURUMANI","NOMBRE_DPT":"CESAR"},"geometry":{"type":"Polygon","coordinates":[[[-60.3698158888897,47.346597343950805],[-60.31713939391592,47.366945220449544],[-60.17276677806189,47.37804406217613],[-60.01863925573123,47.474234023806545],[-59.958158835576164,47.47978344466984],[-59.78452150029226,47.38359348303943],[-59.89572743412577,47.25040738232039],[-59.926943134850966,47.23375911973051],[-60.00303140536863,47.20046259455075],[-60.112286357906825,47.16531626241656],[-60.33469822557385,47.196762980641886],[-60.32494331909723,47.23560892668494],[-60.3698158888897,47.346597343950805]]]}},{"type":"Feature","id":"47318","properties":{"MPIO":"47318","DPTO":"47","NOMBRE_MPI":"GUAMAL","NOMBRE_DPT":"MAGDALENA"},"geometry":{"type":"Polygon","coordinates":[[[-60.834149437177004,47.54452668807493],[-60.78147294220323,47.496431707259724],[-60.85365925013025,47.466834795988824],[-60.97657107173571,47.30035217009003],[-61.122894668885074,47.26520583795584],[-61.19703195810742,47.33734830917865],[-61.28092415380638,47.352146764814094],[-61.27116924732976,47.39284251781158],[-61.22239471494664,47.38914290390272],[-61.1014338746365,47.496431707259724],[-60.953159296191814,47.50753054898631],[-60.834149437177004,47.54452668807493]]]}},{"type":"Feature","id":"70215","properties":{"MPIO":"70215","DPTO":"70","NOMBRE_MPI":"COROZAL","NOMBRE_DPT":"SUCRE"},"geometry":{"type":"Polygon","coordinates":[[[-62.57247377131141,47.638866842750915],[-62.62319928498985,47.59262166889014],[-62.611493397217906,47.49458190030529],[-62.506140407270365,47.50013132116858],[-62.47882666913581,47.47793363771541],[-62.47492470654517,47.38729309694829],[-62.59978750944595,47.42243942908248],[-62.66026792960103,47.46498498903439],[-62.74416012529999,47.52417881157619],[-62.71879736846077,47.61666915929774],[-62.59978750944595,47.6499656844775],[-62.57247377131141,47.638866842750915]]]}},{"type":"Feature","id":"47245","properties":{"MPIO":"47245","DPTO":"47","NOMBRE_MPI":"EL BANCO","NOMBRE_DPT":"MAGDALENA"},"geometry":{"type":"Polygon","coordinates":[[[-60.78147294220323,47.496431707259724],[-60.746355278887386,47.416890008219184],[-60.78537490479388,47.35584637872296],[-60.68002191484634,47.33364869526979],[-60.66051210189309,47.26335603100141],[-60.59612971914737,47.19491317368745],[-60.67611995225569,47.111671860738056],[-60.8653651379022,47.14866799982668],[-60.93950242712454,47.196762980641886],[-61.050708360958055,47.19491317368745],[-61.122894668885074,47.26520583795584],[-60.97657107173571,47.30035217009003],[-60.85365925013025,47.466834795988824],[-60.78147294220323,47.496431707259724]]]}},{"type":"Feature","id":"23500","properties":{"MPIO":"23500","DPTO":"23","NOMBRE_MPI":"MO¥ITOS","NOMBRE_DPT":"CORDOBA"},"geometry":{"type":"Polygon","coordinates":[[[-63.81719983772864,47.72025834874588],[-63.76647432405019,47.67216336793067],[-63.70599390389512,47.659214719249654],[-63.702091941304474,47.60002089670786],[-63.776229230526816,47.58152282716355],[-63.78013119311747,47.546376495029364],[-63.84256259456786,47.5426768811205],[-63.88353320176968,47.48718267248756],[-64.01424894855644,47.518629390712896],[-63.963523434878,47.62221858016103],[-63.871827313997734,47.66476414011295],[-63.81719983772864,47.72025834874588]]]}},{"type":"Feature","id":"23417","properties":{"MPIO":"23417","DPTO":"23","NOMBRE_MPI":"LORICA","NOMBRE_DPT":"CORDOBA"},"geometry":{"type":"Polygon","coordinates":[[[-63.44846437291225,47.688811630520554],[-63.341160401669384,47.633317421887625],[-63.347013345555354,47.54822630198379],[-63.26312114985639,47.54452668807493],[-63.24946428078912,47.511230162895174],[-63.29043488799094,47.483483058578706],[-63.35676825203198,47.50198112812301],[-63.39188591534783,47.452036340353374],[-63.477729092342116,47.466834795988824],[-63.49918988659069,47.41504020126476],[-63.63380759596811,47.411340587355895],[-63.83475866938656,47.439087691672356],[-63.88353320176968,47.48718267248756],[-63.84256259456786,47.5426768811205],[-63.78013119311747,47.546376495029364],[-63.776229230526816,47.58152282716355],[-63.702091941304474,47.60002089670786],[-63.57722913840369,47.62961780797876],[-63.508944793067315,47.68326220965726],[-63.44846437291225,47.688811630520554]]]}},{"type":"Feature","id":"23586","properties":{"MPIO":"23586","DPTO":"23","NOMBRE_MPI":"PURISIMA","NOMBRE_DPT":"CORDOBA"},"geometry":{"type":"Polygon","coordinates":[[[-63.206542692291976,47.661064526204086],[-63.18117993545275,47.644416263614204],[-63.18117993545275,47.60557031757116],[-63.26312114985639,47.54452668807493],[-63.347013345555354,47.54822630198379],[-63.341160401669384,47.633317421887625],[-63.206542692291976,47.661064526204086]]]}},{"type":"Feature","id":"23464","properties":{"MPIO":"23464","DPTO":"23","NOMBRE_MPI":"MOMIL","NOMBRE_DPT":"CORDOBA"},"geometry":{"type":"Polygon","coordinates":[[[-63.18117993545275,47.644416263614204],[-63.14996423472755,47.653665298386365],[-63.05631713255196,47.60557031757116],[-63.093385777163135,47.56487456457367],[-63.24946428078912,47.511230162895174],[-63.26312114985639,47.54452668807493],[-63.18117993545275,47.60557031757116],[-63.18117993545275,47.644416263614204]]]}},{"type":"Feature","id":"13468","properties":{"MPIO":"13468","DPTO":"13","NOMBRE_MPI":"MOMPOS","NOMBRE_DPT":"BOLIVAR"},"geometry":{"type":"Polygon","coordinates":[[[-61.573571348105105,47.4594355681711],[-61.51504190924536,47.45758576121667],[-61.50528700276874,47.35584637872296],[-61.53064975960796,47.2689054518647],[-61.61844391789758,47.196762980641886],[-61.74720868338901,47.25595680318368],[-61.848659710745906,47.35769618567739],[-61.846708729450576,47.42243942908248],[-61.764767515046934,47.4594355681711],[-61.61844391789758,47.51492977680403],[-61.573571348105105,47.4594355681711]]]}},{"type":"Feature","id":"13188","properties":{"MPIO":"13188","DPTO":"13","NOMBRE_MPI":"CICUCO","NOMBRE_DPT":"BOLIVAR"},"geometry":{"type":"Polygon","coordinates":[[[-61.766718496342264,47.52602861853062],[-61.70428709489187,47.5130799698496],[-61.764767515046934,47.4594355681711],[-61.846708729450576,47.42243942908248],[-61.854512654631876,47.48533286553314],[-61.766718496342264,47.52602861853062]]]}},{"type":"Feature","id":"54245","properties":{"MPIO":"54245","DPTO":"54","NOMBRE_MPI":"EL CARMEN","NOMBRE_DPT":"NORTE DE SANTANDER"},"geometry":{"type":"Polygon","coordinates":[[[-59.42358996065717,47.296652556181165],[-59.484070380812234,47.22266027800392],[-59.51138411894678,47.14866799982668],[-59.65575673480082,47.12832012332794],[-59.74550187438576,47.09872321205704],[-59.84109995785667,46.91004290270507],[-59.89572743412577,46.876746377525315],[-59.92889411614629,46.75835873244172],[-60.053756919047075,46.73061162812526],[-60.04595299386578,46.66586838472017],[-60.12009028308812,46.639971087358134],[-60.14155107733669,46.53268228400113],[-60.13179617086007,46.477188075368204],[-60.18837462842449,46.432792708461854],[-60.22934523562631,46.42169386673527],[-60.280070749304755,46.49013672404922],[-60.21178640396839,46.584476878725205],[-60.29372761837203,46.627022438677116],[-60.299580562258,46.662168770811306],[-60.25080602987488,46.767607767213875],[-60.14155107733669,46.80090429239364],[-60.07521771329565,46.902643674887344],[-60.07521771329565,46.948888848748126],[-60.071315750705,47.02658074083423],[-60.00303140536863,47.20046259455075],[-59.926943134850966,47.23375911973051],[-59.805982294540826,47.2097116293229],[-59.5523547261486,47.25965641709254],[-59.5133351002421,47.29480274922673],[-59.42358996065717,47.296652556181165]]]}},{"type":"Feature","id":"23670","properties":{"MPIO":"23670","DPTO":"23","NOMBRE_MPI":"SAN ANDRES DE SOTAVENTO","NOMBRE_DPT":"CORDOBA"},"geometry":{"type":"Polygon","coordinates":[[[-62.97632689944364,47.56487456457367],[-62.91389549799325,47.5667243715281],[-62.931454329651174,47.50938035594074],[-62.867071946905455,47.49088228639643],[-62.8709739094961,47.45573595426224],[-62.97827788073897,47.39099271085715],[-63.091434795867805,47.35029695785967],[-63.11874853400236,47.366945220449544],[-63.06412105773326,47.468684602943256],[-63.093385777163135,47.56487456457367],[-63.05631713255196,47.60557031757116],[-62.97632689944364,47.56487456457367]]]}},{"type":"Feature","id":"54206","properties":{"MPIO":"54206","DPTO":"54","NOMBRE_MPI":"CONVENCION","NOMBRE_DPT":"NORTE DE SANTANDER"},"geometry":{"type":"Polygon","coordinates":[[[-59.419687998066514,47.16346645546213],[-59.43919781101976,47.104272632920335],[-59.509433137651456,47.10057301901147],[-59.64990379091484,47.02658074083423],[-59.61868809018964,46.98588498783675],[-59.76110972474836,46.88599541229747],[-59.8118352384268,46.832351010618964],[-59.76891364992966,46.75280931157843],[-59.89767841542109,46.697315102945495],[-59.96986472334811,46.634421666494845],[-59.95425687298551,46.577077650907476],[-60.01668827443591,46.48273749623149],[-60.04985495645643,46.469788847550475],[-60.053756919047075,46.512334407502394],[-60.14155107733669,46.53268228400113],[-60.12009028308812,46.639971087358134],[-60.04595299386578,46.66586838472017],[-60.053756919047075,46.73061162812526],[-59.92889411614629,46.75835873244172],[-59.89572743412577,46.876746377525315],[-59.84109995785667,46.91004290270507],[-59.74550187438576,47.09872321205704],[-59.65575673480082,47.12832012332794],[-59.51138411894678,47.14866799982668],[-59.484070380812234,47.22266027800392],[-59.42358996065717,47.296652556181165],[-59.39237425993197,47.20046259455075],[-59.419687998066514,47.16346645546213]]]}},{"type":"Feature","id":"13650","properties":{"MPIO":"13650","DPTO":"13","NOMBRE_MPI":"SAN FERNANDO","NOMBRE_DPT":"BOLIVAR"},"geometry":{"type":"Polygon","coordinates":[[[-61.42724775095574,47.42243942908248],[-61.3531104617334,47.416890008219184],[-61.382375181163276,47.311451011816615],[-61.368718312096,47.27260506577356],[-61.26531630344378,47.18011471805201],[-61.27312022862508,47.14311857896339],[-61.3999340128212,47.17271549023428],[-61.524796815721984,47.224510084958354],[-61.53064975960796,47.2689054518647],[-61.50528700276874,47.35584637872296],[-61.51504190924536,47.45758576121667],[-61.46236541427159,47.46313518207997],[-61.42724775095574,47.42243942908248]]]}},{"type":"Feature","id":"70670","properties":{"MPIO":"70670","DPTO":"70","NOMBRE_MPI":"SAMPUES","NOMBRE_DPT":"SUCRE"},"geometry":{"type":"Polygon","coordinates":[[[-62.91389549799325,47.5667243715281],[-62.76952288213921,47.55747533675595],[-62.74416012529999,47.52417881157619],[-62.66026792960103,47.46498498903439],[-62.63685615405713,47.366945220449544],[-62.71099344327947,47.37434444826727],[-62.74220914400467,47.4353880777635],[-62.8709739094961,47.45573595426224],[-62.867071946905455,47.49088228639643],[-62.931454329651174,47.50938035594074],[-62.91389549799325,47.5667243715281]]]}},{"type":"Feature","id":"23168","properties":{"MPIO":"23168","DPTO":"23","NOMBRE_MPI":"CHIMA","NOMBRE_DPT":"CORDOBA"},"geometry":{"type":"Polygon","coordinates":[[[-63.24946428078912,47.511230162895174],[-63.093385777163135,47.56487456457367],[-63.06412105773326,47.468684602943256],[-63.11874853400236,47.366945220449544],[-63.28848390669562,47.34289773004194],[-63.29043488799094,47.42058962212805],[-63.29043488799094,47.483483058578706],[-63.24946428078912,47.511230162895174]]]}},{"type":"Feature","id":"13440","properties":{"MPIO":"13440","DPTO":"13","NOMBRE_MPI":"MARGARITA","NOMBRE_DPT":"BOLIVAR"},"geometry":{"type":"Polygon","coordinates":[[[-61.27116924732976,47.39284251781158],[-61.28092415380638,47.352146764814094],[-61.19703195810742,47.33734830917865],[-61.122894668885074,47.26520583795584],[-61.050708360958055,47.19491317368745],[-61.21068882717469,47.12832012332794],[-61.27312022862508,47.14311857896339],[-61.26531630344378,47.18011471805201],[-61.368718312096,47.27260506577356],[-61.382375181163276,47.311451011816615],[-61.3531104617334,47.416890008219184],[-61.27116924732976,47.39284251781158]]]}},{"type":"Feature","id":"70235","properties":{"MPIO":"70235","DPTO":"70","NOMBRE_MPI":"GALERAS","NOMBRE_DPT":"SUCRE"},"geometry":{"type":"Polygon","coordinates":[[[-62.04961078416436,47.37064483435841],[-62.22910106333424,47.35399657176853],[-62.23495400722022,47.30960120486218],[-62.30909129644256,47.36509541349511],[-62.352012884939704,47.38729309694829],[-62.37347367918828,47.44093749862679],[-62.27592461442204,47.49273209335086],[-62.1237480733867,47.47238421685212],[-62.04961078416436,47.37064483435841]]]}},{"type":"Feature","id":"23300","properties":{"MPIO":"23300","DPTO":"23","NOMBRE_MPI":"COTORRA","NOMBRE_DPT":"CORDOBA"},"geometry":{"type":"Polygon","coordinates":[[[-63.29043488799094,47.42058962212805],[-63.333356476488085,47.368795027403976],[-63.469925167160824,47.35769618567739],[-63.49918988659069,47.41504020126476],[-63.477729092342116,47.466834795988824],[-63.39188591534783,47.452036340353374],[-63.35676825203198,47.50198112812301],[-63.29043488799094,47.483483058578706],[-63.29043488799094,47.42058962212805]]]}},{"type":"Feature","id":"23182","properties":{"MPIO":"23182","DPTO":"23","NOMBRE_MPI":"CHINU","NOMBRE_DPT":"CORDOBA"},"geometry":{"type":"Polygon","coordinates":[[[-62.8709739094961,47.45573595426224],[-62.74220914400467,47.4353880777635],[-62.71099344327947,47.37434444826727],[-62.63685615405713,47.366945220449544],[-62.62319928498985,47.339198116133076],[-62.59003260296933,47.22081047104949],[-62.603689472036606,47.17271549023428],[-62.65246400441973,47.17271549023428],[-62.67977774255427,47.183814331960875],[-62.67782676125895,47.20231240150518],[-62.78317975120649,47.261506224046975],[-62.923650404469875,47.317000432679905],[-63.04656222607534,47.30960120486218],[-63.091434795867805,47.35029695785967],[-62.97827788073897,47.39099271085715],[-62.8709739094961,47.45573595426224]]]}},{"type":"Feature","id":"54800","properties":{"MPIO":"54800","DPTO":"54","NOMBRE_MPI":"TEORAMA","NOMBRE_DPT":"NORTE DE SANTANDER"},"geometry":{"type":"Polygon","coordinates":[[[-59.37871739086469,47.12092089551021],[-59.355305615320795,47.05617765210513],[-59.38457033475067,47.039529389515245],[-59.53869785708133,47.02288112692537],[-59.57186453910185,46.97663595306459],[-59.5445508009673,46.858248307981],[-59.579668464283145,46.80645371325693],[-59.67136458516342,46.78425602980376],[-59.71428617366056,46.74356027680628],[-59.75915874345303,46.619623210859395],[-59.83914897656135,46.599275334360655],[-59.956207854280834,46.464239426687186],[-60.01668827443591,46.48273749623149],[-59.95425687298551,46.577077650907476],[-59.96986472334811,46.634421666494845],[-59.89767841542109,46.697315102945495],[-59.76891364992966,46.75280931157843],[-59.8118352384268,46.832351010618964],[-59.76110972474836,46.88599541229747],[-59.61868809018964,46.98588498783675],[-59.64990379091484,47.02658074083423],[-59.509433137651456,47.10057301901147],[-59.43919781101976,47.104272632920335],[-59.419687998066514,47.16346645546213],[-59.37871739086469,47.12092089551021]]]}},{"type":"Feature","id":"23574","properties":{"MPIO":"23574","DPTO":"23","NOMBRE_MPI":"PUERTO ESCONDIDO","NOMBRE_DPT":"CORDOBA"},"geometry":{"type":"Polygon","coordinates":[[[-63.88353320176968,47.48718267248756],[-63.83475866938656,47.439087691672356],[-63.791837080889415,47.37804406217613],[-63.82695474420526,47.32070004658877],[-63.897190070836956,47.32439966049763],[-63.9323077341528,47.29110313531787],[-64.08058231259749,47.311451011816615],[-64.19764119031697,47.38914290390272],[-64.12740586368528,47.418739815173616],[-64.09228820036944,47.47608383076098],[-64.01424894855644,47.518629390712896],[-63.88353320176968,47.48718267248756]]]}},{"type":"Feature","id":"54810","properties":{"MPIO":"54810","DPTO":"54","NOMBRE_MPI":"TIBU","NOMBRE_DPT":"NORTE DE SANTANDER"},"geometry":{"type":"Polygon","coordinates":[[[-59.5445508009673,46.858248307981],[-59.57186453910185,46.97663595306459],[-59.53869785708133,47.02288112692537],[-59.38457033475067,47.039529389515245],[-59.355305615320795,47.05617765210513],[-59.37871739086469,47.12092089551021],[-59.35335463402547,47.1024228259659],[-59.195325149104164,47.126470316373506],[-59.12508982247247,47.08022514251273],[-59.05485449584077,46.59372591349736],[-59.00412898216233,46.57892745786191],[-58.81488379651582,46.377298499828925],[-58.87731519796622,46.37914830678335],[-58.929991692939986,46.28110853819851],[-58.986570150504406,46.33105332596814],[-59.02168781382025,46.28850776601623],[-59.21483496205741,46.26631008256306],[-59.18947220521819,46.318104677287124],[-59.017785851229604,46.3403023607403],[-59.017785851229604,46.42539348064413],[-59.08021725268,46.414294638917546],[-59.169962392264935,46.432792708461854],[-59.3006781390517,46.432792708461854],[-59.42554094195249,46.40319579719096],[-59.50748215635613,46.464239426687186],[-59.55625668873925,46.577077650907476],[-59.49577626858418,46.60667456217838],[-59.40993309158989,46.6140737899961],[-59.390423278636646,46.721362593353106],[-59.42163897936184,46.77870660894047],[-59.41383505418054,46.8637977288443],[-59.5445508009673,46.858248307981]]]}},{"type":"Feature","id":"70678","properties":{"MPIO":"70678","DPTO":"70","NOMBRE_MPI":"SAN BENITO ABAD","NOMBRE_DPT":"SUCRE"},"geometry":{"type":"Polygon","coordinates":[[[-62.04961078416436,47.37064483435841],[-61.98717938271396,47.29110313531787],[-62.09838531654748,47.183814331960875],[-62.11399316691008,47.089474177284885],[-62.1627676992932,47.074675721649434],[-62.166669661883844,46.982185373927884],[-62.13350297986332,46.926691165294955],[-62.14911083022592,46.87119695666202],[-62.119846110796054,46.83790043148226],[-62.10618924172878,46.81570274802909],[-62.22715008203892,46.726912014216396],[-62.344208959758404,46.74910969766957],[-62.30323835255658,46.8637977288443],[-62.34030699716776,46.92299155138609],[-62.29348344607996,46.969236725246866],[-62.344208959758404,47.02658074083423],[-62.322748165509836,47.08762437033045],[-62.43005213675269,47.15236761373554],[-62.59003260296933,47.22081047104949],[-62.62319928498985,47.339198116133076],[-62.576375733902054,47.34474753699637],[-62.49638550079374,47.29480274922673],[-62.41834624898075,47.33734830917865],[-62.39493447343685,47.30960120486218],[-62.30909129644256,47.36509541349511],[-62.23495400722022,47.30960120486218],[-62.22910106333424,47.35399657176853],[-62.04961078416436,47.37064483435841]]]}},{"type":"Feature","id":"23686","properties":{"MPIO":"23686","DPTO":"23","NOMBRE_MPI":"SAN PELAYO","NOMBRE_DPT":"CORDOBA"},"geometry":{"type":"Polygon","coordinates":[[[-63.83475866938656,47.439087691672356],[-63.63380759596811,47.411340587355895],[-63.49918988659069,47.41504020126476],[-63.469925167160824,47.35769618567739],[-63.333356476488085,47.368795027403976],[-63.29043488799094,47.42058962212805],[-63.28848390669562,47.34289773004194],[-63.317748626125486,47.31515062572548],[-63.52260166213459,47.27815448663686],[-63.598689932652256,47.2985023631356],[-63.74501352980162,47.30220197704446],[-63.82695474420526,47.32070004658877],[-63.791837080889415,47.37804406217613],[-63.83475866938656,47.439087691672356]]]}},{"type":"Feature","id":"20787","properties":{"MPIO":"20787","DPTO":"20","NOMBRE_MPI":"TAMALAMEQUE","NOMBRE_DPT":"CESAR"},"geometry":{"type":"Polygon","coordinates":[[[-60.59612971914737,47.19491317368745],[-60.527845373811004,47.196762980641886],[-60.40688453350087,47.15051780678111],[-60.45370808458866,46.982185373927884],[-60.40688453350087,46.961837497429144],[-60.48687476660918,46.904493481841776],[-60.49077672919984,46.85269888711771],[-60.537600280287634,46.78240622284933],[-60.66441406448374,46.81940236193795],[-60.62344345728192,46.90634328879621],[-60.65856112059777,46.96738691829243],[-60.697580746504265,47.061727072968424],[-60.67611995225569,47.111671860738056],[-60.59612971914737,47.19491317368745]]]}},{"type":"Feature","id":"13549","properties":{"MPIO":"13549","DPTO":"13","NOMBRE_MPI":"PINILLOS","NOMBRE_DPT":"BOLIVAR"},"geometry":{"type":"Polygon","coordinates":[[[-61.53064975960796,47.2689054518647],[-61.524796815721984,47.224510084958354],[-61.3999340128212,47.17271549023428],[-61.27312022862508,47.14311857896339],[-61.21068882717469,47.12832012332794],[-61.23019864012794,47.08207494946716],[-61.34335555525678,47.013632092153216],[-61.33555163007548,46.93963981397597],[-61.269218266034436,46.8637977288443],[-61.130698594066374,46.84160004539112],[-61.11899270629442,46.83790043148226],[-61.30043396675963,46.83975023843669],[-61.452610507794965,46.85269888711771],[-61.493581114996786,46.926691165294955],[-61.57552232940043,46.98033556697345],[-61.56771840421913,47.04137919646968],[-61.52869877831263,47.10982205378363],[-61.61844391789758,47.196762980641886],[-61.53064975960796,47.2689054518647]]]}},{"type":"Feature","id":"20517","properties":{"MPIO":"20517","DPTO":"20","NOMBRE_MPI":"PAILITAS","NOMBRE_DPT":"CESAR"},"geometry":{"type":"Polygon","coordinates":[[[-60.40688453350087,47.15051780678111],[-60.3073844874393,47.13756915810009],[-60.23324719821696,47.15236761373554],[-60.19227659101514,47.09687340510261],[-60.071315750705,47.02658074083423],[-60.07521771329565,46.948888848748126],[-60.15325696510864,46.95258846265699],[-60.19422757231047,46.984035180882316],[-60.28982565578138,46.984035180882316],[-60.40688453350087,46.961837497429144],[-60.45370808458866,46.982185373927884],[-60.40688453350087,47.15051780678111]]]}},{"type":"Feature","id":"70771","properties":{"MPIO":"70771","DPTO":"70","NOMBRE_MPI":"SUCRE","NOMBRE_DPT":"SUCRE"},"geometry":{"type":"Polygon","coordinates":[[[-61.98717938271396,47.29110313531787],[-61.90523816831032,47.26705564491027],[-61.81744401002071,47.2152610501862],[-61.73160083302641,47.104272632920335],[-61.710140038777844,47.02843054778866],[-61.717943963959144,46.9951340226089],[-61.78622830929551,46.9710865322013],[-61.82719891649733,47.00993247824435],[-61.8564636359272,46.984035180882316],[-61.942306812921494,46.98588498783675],[-61.967669569760716,46.911892709659504],[-62.119846110796054,46.83790043148226],[-62.14911083022592,46.87119695666202],[-62.13350297986332,46.926691165294955],[-62.166669661883844,46.982185373927884],[-62.1627676992932,47.074675721649434],[-62.11399316691008,47.089474177284885],[-62.09838531654748,47.183814331960875],[-61.98717938271396,47.29110313531787]]]}},{"type":"Feature","id":"23189","properties":{"MPIO":"23189","DPTO":"23","NOMBRE_MPI":"CIENAGA DE ORO","NOMBRE_DPT":"CORDOBA"},"geometry":{"type":"Polygon","coordinates":[[[-63.11874853400236,47.366945220449544],[-63.091434795867805,47.35029695785967],[-63.04656222607534,47.30960120486218],[-63.08948381457248,47.10982205378363],[-63.11679755270703,47.06357687992285],[-63.077777926800536,47.039529389515245],[-63.04851320737066,46.95258846265699],[-63.22995446783587,46.93594020006711],[-63.18313091674807,47.09132398423932],[-63.284581944104964,47.191213559778596],[-63.341160401669384,47.2097116293229],[-63.37237610239458,47.24485796145709],[-63.317748626125486,47.31515062572548],[-63.28848390669562,47.34289773004194],[-63.11874853400236,47.366945220449544]]]}},{"type":"Feature","id":"13300","properties":{"MPIO":"13300","DPTO":"13","NOMBRE_MPI":"HATILLO DE LOBA","NOMBRE_DPT":"BOLIVAR"},"geometry":{"type":"Polygon","coordinates":[[[-60.8653651379022,47.14866799982668],[-61.01754167893753,47.11722128160135],[-61.091678968159876,47.10982205378363],[-61.21068882717469,47.12832012332794],[-61.050708360958055,47.19491317368745],[-60.93950242712454,47.196762980641886],[-60.8653651379022,47.14866799982668]]]}},{"type":"Feature","id":"23660","properties":{"MPIO":"23660","DPTO":"23","NOMBRE_MPI":"SAHAGUN","NOMBRE_DPT":"CORDOBA"},"geometry":{"type":"Polygon","coordinates":[[[-63.04656222607534,47.30960120486218],[-62.923650404469875,47.317000432679905],[-62.78317975120649,47.261506224046975],[-62.67782676125895,47.20231240150518],[-62.67977774255427,47.183814331960875],[-62.77147386343454,47.181964525006435],[-62.88463077856338,47.14496838591782],[-62.81244447063636,47.06727649383171],[-62.851464096542855,47.04692861733297],[-62.818297414522334,46.89894406097849],[-63.00168965628286,46.917442130522794],[-63.04851320737066,46.95258846265699],[-63.077777926800536,47.039529389515245],[-63.11679755270703,47.06357687992285],[-63.08948381457248,47.10982205378363],[-63.04656222607534,47.30960120486218]]]}},{"type":"Feature","id":"13268","properties":{"MPIO":"13268","DPTO":"13","NOMBRE_MPI":"EL PE¥ON","NOMBRE_DPT":"BOLIVAR"},"geometry":{"type":"Polygon","coordinates":[[[-60.67611995225569,47.111671860738056],[-60.697580746504265,47.061727072968424],[-60.65856112059777,46.96738691829243],[-60.754159204068685,46.869347149707586],[-60.826345511995704,46.83050120366454],[-60.875120044378825,46.80275409934807],[-60.945355371010514,46.80645371325693],[-60.99217892209831,46.83975023843669],[-60.90438476380869,46.854548694072136],[-60.86341415660687,46.91374251661394],[-60.90438476380869,47.05062823124183],[-60.8653651379022,47.14866799982668],[-60.67611995225569,47.111671860738056]]]}},{"type":"Feature","id":"13667","properties":{"MPIO":"13667","DPTO":"13","NOMBRE_MPI":"SAN MARTIN DE LOBA","NOMBRE_DPT":"BOLIVAR"},"geometry":{"type":"Polygon","coordinates":[[[-61.01754167893753,47.11722128160135],[-60.8653651379022,47.14866799982668],[-60.90438476380869,47.05062823124183],[-60.86341415660687,46.91374251661394],[-60.90438476380869,46.854548694072136],[-60.99217892209831,46.83975023843669],[-61.04875737966273,46.861947921889865],[-60.99998284727961,46.90819309575064],[-60.98827695950766,47.039529389515245],[-61.01754167893753,47.11722128160135]]]}},{"type":"Feature","id":"23419","properties":{"MPIO":"23419","DPTO":"23","NOMBRE_MPI":"LOS CORDOBAS","NOMBRE_DPT":"CORDOBA"},"geometry":{"type":"Polygon","coordinates":[[[-64.19764119031697,47.38914290390272],[-64.08058231259749,47.311451011816615],[-63.9323077341528,47.29110313531787],[-63.92255282767618,47.241158347548236],[-64.18593530254503,47.24485796145709],[-64.31274908674114,47.2152610501862],[-64.32055301192244,47.25780661013811],[-64.38883735725881,47.317000432679905],[-64.29128829249257,47.33734830917865],[-64.19764119031697,47.38914290390272]]]}},{"type":"Feature","id":"23162","properties":{"MPIO":"23162","DPTO":"23","NOMBRE_MPI":"CERETE","NOMBRE_DPT":"CORDOBA"},"geometry":{"type":"Polygon","coordinates":[[[-63.317748626125486,47.31515062572548],[-63.37237610239458,47.24485796145709],[-63.341160401669384,47.2097116293229],[-63.444562410321595,47.15236761373554],[-63.48553301752342,47.20046259455075],[-63.63575857726343,47.25040738232039],[-63.74501352980162,47.30220197704446],[-63.598689932652256,47.2985023631356],[-63.52260166213459,47.27815448663686],[-63.317748626125486,47.31515062572548]]]}},{"type":"Feature","id":"13074","properties":{"MPIO":"13074","DPTO":"13","NOMBRE_MPI":"BARRANCO DE LOBA","NOMBRE_DPT":"BOLIVAR"},"geometry":{"type":"Polygon","coordinates":[[[-61.21068882717469,47.12832012332794],[-61.091678968159876,47.10982205378363],[-61.01754167893753,47.11722128160135],[-60.98827695950766,47.039529389515245],[-60.99998284727961,46.90819309575064],[-61.04875737966273,46.861947921889865],[-61.10533583722715,46.832351010618964],[-61.11899270629442,46.83790043148226],[-61.130698594066374,46.84160004539112],[-61.148257425724296,46.93963981397597],[-61.1014338746365,46.93963981397597],[-61.11118878111313,47.00993247824435],[-61.34335555525678,47.013632092153216],[-61.23019864012794,47.08207494946716],[-61.21068882717469,47.12832012332794]]]}},{"type":"Feature","id":"23001","properties":{"MPIO":"23001","DPTO":"23","NOMBRE_MPI":"MONTERIA","NOMBRE_DPT":"CORDOBA"},"geometry":{"type":"Polygon","coordinates":[[[-63.74501352980162,47.30220197704446],[-63.63575857726343,47.25040738232039],[-63.48553301752342,47.20046259455075],[-63.444562410321595,47.15236761373554],[-63.444562410321595,47.04137919646968],[-63.36457217721328,46.95998769047471],[-63.37627806498523,46.92484135834052],[-63.31384666353483,46.882295798388604],[-63.33725843907873,46.78980545066705],[-63.45821927938887,46.639971087358134],[-63.52845460602057,46.669567998629034],[-63.64356250244473,46.669567998629034],[-63.711846847781096,46.71581317248981],[-63.82110180031928,46.739860662897414],[-63.9166998837902,46.739860662897414],[-63.97327834135462,46.80830352021136],[-64.09033721907412,46.8286513967101],[-64.09423918166476,46.984035180882316],[-64.19373922772633,47.03582977560639],[-64.11569997591333,47.08577456337602],[-63.918650865085525,47.15606722764441],[-63.92255282767618,47.241158347548236],[-63.9323077341528,47.29110313531787],[-63.897190070836956,47.32439966049763],[-63.82695474420526,47.32070004658877],[-63.74501352980162,47.30220197704446]]]}},{"type":"Feature","id":"70124","properties":{"MPIO":"70124","DPTO":"70","NOMBRE_MPI":"CAIMITO","NOMBRE_DPT":"SUCRE"},"geometry":{"type":"Polygon","coordinates":[[[-62.59003260296933,47.22081047104949],[-62.43005213675269,47.15236761373554],[-62.322748165509836,47.08762437033045],[-62.344208959758404,47.02658074083423],[-62.29348344607996,46.969236725246866],[-62.34030699716776,46.92299155138609],[-62.426150174162046,46.94518923483926],[-62.4222482115714,46.98588498783675],[-62.63685615405713,47.054327845150695],[-62.66416989219167,47.06727649383171],[-62.60759143462725,47.119071088555785],[-62.65246400441973,47.17271549023428],[-62.603689472036606,47.17271549023428],[-62.59003260296933,47.22081047104949]]]}},{"type":"Feature","id":"05051","properties":{"MPIO":"05051","DPTO":"05","NOMBRE_MPI":"ARBOLETES","NOMBRE_DPT":"ANTIOQUIA"},"geometry":{"type":"Polygon","coordinates":[[[-64.38883735725881,47.317000432679905],[-64.32055301192244,47.25780661013811],[-64.31274908674114,47.2152610501862],[-64.30104319896918,47.13386954419123],[-64.24836670399542,47.054327845150695],[-64.31860203062712,46.92114174443166],[-64.42200403927933,46.85269888711771],[-64.48638642202505,46.94518923483926],[-64.53320997311285,46.97478614611016],[-64.5058962349783,47.00623286433549],[-64.35957263782893,47.083924756421595],[-64.34981773135232,47.119071088555785],[-64.46102366518582,47.1856641389153],[-64.50004329109233,47.24855757536596],[-64.38883735725881,47.317000432679905]]]}},{"type":"Feature","id":"20550","properties":{"MPIO":"20550","DPTO":"20","NOMBRE_MPI":"PELAYA","NOMBRE_DPT":"CESAR"},"geometry":{"type":"Polygon","coordinates":[[[-60.40688453350087,46.961837497429144],[-60.28982565578138,46.984035180882316],[-60.19422757231047,46.984035180882316],[-60.15325696510864,46.95258846265699],[-60.07521771329565,46.948888848748126],[-60.07521771329565,46.902643674887344],[-60.239100142102934,46.86564753579873],[-60.32689430039255,46.86009811493543],[-60.414688458682164,46.78240622284933],[-60.537600280287634,46.78240622284933],[-60.49077672919984,46.85269888711771],[-60.48687476660918,46.904493481841776],[-60.40688453350087,46.961837497429144]]]}},{"type":"Feature","id":"70400","properties":{"MPIO":"70400","DPTO":"70","NOMBRE_MPI":"LA UNION","NOMBRE_DPT":"SUCRE"},"geometry":{"type":"Polygon","coordinates":[[[-62.65246400441973,47.17271549023428],[-62.60759143462725,47.119071088555785],[-62.66416989219167,47.06727649383171],[-62.63685615405713,47.054327845150695],[-62.70123853680285,47.03028035474309],[-62.81244447063636,47.06727649383171],[-62.88463077856338,47.14496838591782],[-62.77147386343454,47.181964525006435],[-62.67977774255427,47.183814331960875],[-62.65246400441973,47.17271549023428]]]}},{"type":"Feature","id":"23678","properties":{"MPIO":"23678","DPTO":"23","NOMBRE_MPI":"SAN CARLOS","NOMBRE_DPT":"CORDOBA"},"geometry":{"type":"Polygon","coordinates":[[[-63.444562410321595,47.15236761373554],[-63.341160401669384,47.2097116293229],[-63.284581944104964,47.191213559778596],[-63.18313091674807,47.09132398423932],[-63.22995446783587,46.93594020006711],[-63.27482703762834,46.89894406097849],[-63.31384666353483,46.882295798388604],[-63.37627806498523,46.92484135834052],[-63.36457217721328,46.95998769047471],[-63.444562410321595,47.04137919646968],[-63.444562410321595,47.15236761373554]]]}},{"type":"Feature","id":"23090","properties":{"MPIO":"23090","DPTO":"23","NOMBRE_MPI":"CANALETE","NOMBRE_DPT":"CORDOBA"},"geometry":{"type":"Polygon","coordinates":[[[-63.92255282767618,47.241158347548236],[-63.918650865085525,47.15606722764441],[-64.11569997591333,47.08577456337602],[-64.19373922772633,47.03582977560639],[-64.24836670399542,47.054327845150695],[-64.30104319896918,47.13386954419123],[-64.31274908674114,47.2152610501862],[-64.18593530254503,47.24485796145709],[-63.92255282767618,47.241158347548236]]]}},{"type":"Feature","id":"54250","properties":{"MPIO":"54250","DPTO":"54","NOMBRE_MPI":"EL TARRA","NOMBRE_DPT":"NORTE DE SANTANDER"},"geometry":{"type":"Polygon","coordinates":[[[-59.75915874345303,46.619623210859395],[-59.71428617366056,46.74356027680628],[-59.67136458516342,46.78425602980376],[-59.579668464283145,46.80645371325693],[-59.5445508009673,46.858248307981],[-59.41383505418054,46.8637977288443],[-59.42163897936184,46.77870660894047],[-59.390423278636646,46.721362593353106],[-59.40993309158989,46.6140737899961],[-59.49577626858418,46.60667456217838],[-59.55625668873925,46.577077650907476],[-59.66551164127744,46.569678423089755],[-59.685021454230686,46.6140737899961],[-59.75915874345303,46.619623210859395]]]}},{"type":"Feature","id":"13030","properties":{"MPIO":"13030","DPTO":"13","NOMBRE_MPI":"ALTOS DEL ROSARIO","NOMBRE_DPT":"BOLIVAR"},"geometry":{"type":"Polygon","coordinates":[[[-61.34335555525678,47.013632092153216],[-61.11118878111313,47.00993247824435],[-61.1014338746365,46.93963981397597],[-61.148257425724296,46.93963981397597],[-61.130698594066374,46.84160004539112],[-61.269218266034436,46.8637977288443],[-61.33555163007548,46.93963981397597],[-61.34335555525678,47.013632092153216]]]}},{"type":"Feature","id":"13580","properties":{"MPIO":"13580","DPTO":"13","NOMBRE_MPI":"REGIDOR","NOMBRE_DPT":"BOLIVAR"},"geometry":{"type":"Polygon","coordinates":[[[-60.65856112059777,46.96738691829243],[-60.62344345728192,46.90634328879621],[-60.66441406448374,46.81940236193795],[-60.68587485873232,46.767607767213875],[-60.826345511995704,46.83050120366454],[-60.754159204068685,46.869347149707586],[-60.65856112059777,46.96738691829243]]]}},{"type":"Feature","id":"05659","properties":{"MPIO":"05659","DPTO":"05","NOMBRE_MPI":"SAN JUAN DE URABA","NOMBRE_DPT":"ANTIOQUIA"},"geometry":{"type":"Polygon","coordinates":[[[-64.50004329109233,47.24855757536596],[-64.46102366518582,47.1856641389153],[-64.34981773135232,47.119071088555785],[-64.35957263782893,47.083924756421595],[-64.5058962349783,47.00623286433549],[-64.53320997311285,46.97478614611016],[-64.5936903932679,47.03767958256081],[-64.57418058031466,47.09132398423932],[-64.59954333715389,47.161616648507696],[-64.65026885083233,47.19491317368745],[-64.50004329109233,47.24855757536596]]]}},{"type":"Feature","id":"13006","properties":{"MPIO":"13006","DPTO":"13","NOMBRE_MPI":"ACHI","NOMBRE_DPT":"BOLIVAR"},"geometry":{"type":"Polygon","coordinates":[[[-61.56771840421913,47.04137919646968],[-61.57552232940043,46.98033556697345],[-61.493581114996786,46.926691165294955],[-61.452610507794965,46.85269888711771],[-61.43114971354639,46.776856801986035],[-61.53650270349394,46.73801085594298],[-61.59503214235367,46.68066684035562],[-61.686728263233945,46.65846915690244],[-61.725747889140436,46.569678423089755],[-61.72379690784511,46.519733635320115],[-61.79403223447681,46.499385758821376],[-61.77842438411421,46.61777340390496],[-61.743306720798365,46.66031896385688],[-61.77062045893291,46.75835873244172],[-61.78622830929551,46.9710865322013],[-61.717943963959144,46.9951340226089],[-61.710140038777844,47.02843054778866],[-61.56771840421913,47.04137919646968]]]}},{"type":"Feature","id":"20383","properties":{"MPIO":"20383","DPTO":"20","NOMBRE_MPI":"LA GLORIA","NOMBRE_DPT":"CESAR"},"geometry":{"type":"Polygon","coordinates":[[[-60.07521771329565,46.902643674887344],[-60.14155107733669,46.80090429239364],[-60.25080602987488,46.767607767213875],[-60.299580562258,46.662168770811306],[-60.29372761837203,46.627022438677116],[-60.37176687018502,46.59557572045179],[-60.442002196816716,46.597425527406216],[-60.62344345728192,46.590026299588494],[-60.648806214121144,46.70286452380879],[-60.68587485873232,46.767607767213875],[-60.66441406448374,46.81940236193795],[-60.537600280287634,46.78240622284933],[-60.414688458682164,46.78240622284933],[-60.32689430039255,46.86009811493543],[-60.239100142102934,46.86564753579873],[-60.07521771329565,46.902643674887344]]]}},{"type":"Feature","id":"70429","properties":{"MPIO":"70429","DPTO":"70","NOMBRE_MPI":"MAJAGUAL","NOMBRE_DPT":"SUCRE"},"geometry":{"type":"Polygon","coordinates":[[[-61.78622830929551,46.9710865322013],[-61.77062045893291,46.75835873244172],[-61.790130271886156,46.72876182117083],[-61.903287187014996,46.691765682082206],[-61.926698962558895,46.65846915690244],[-62.055463728050334,46.676967226446756],[-62.131551998568,46.65846915690244],[-62.199836343904366,46.68066684035562],[-62.22715008203892,46.726912014216396],[-62.10618924172878,46.81570274802909],[-62.119846110796054,46.83790043148226],[-61.967669569760716,46.911892709659504],[-61.942306812921494,46.98588498783675],[-61.8564636359272,46.984035180882316],[-61.82719891649733,47.00993247824435],[-61.78622830929551,46.9710865322013]]]}},{"type":"Feature","id":"70708","properties":{"MPIO":"70708","DPTO":"70","NOMBRE_MPI":"SAN MARCOS","NOMBRE_DPT":"SUCRE"},"geometry":{"type":"Polygon","coordinates":[[[-62.63685615405713,47.054327845150695],[-62.4222482115714,46.98588498783675],[-62.426150174162046,46.94518923483926],[-62.34030699716776,46.92299155138609],[-62.30323835255658,46.8637977288443],[-62.344208959758404,46.74910969766957],[-62.426150174162046,46.77315718807717],[-62.437856061934,46.74910969766957],[-62.57442475260673,46.691765682082206],[-62.64661106053375,46.69916490989993],[-62.683679705144925,46.726912014216396],[-62.66221891089635,46.79905448543921],[-62.77147386343454,46.8046039063025],[-62.826101339703634,46.826801589755675],[-62.818297414522334,46.89894406097849],[-62.851464096542855,47.04692861733297],[-62.81244447063636,47.06727649383171],[-62.70123853680285,47.03028035474309],[-62.63685615405713,47.054327845150695]]]}},{"type":"Feature","id":"05490","properties":{"MPIO":"05490","DPTO":"05","NOMBRE_MPI":"NECOCLI","NOMBRE_DPT":"ANTIOQUIA"},"geometry":{"type":"Polygon","coordinates":[[[-64.53320997311285,46.97478614611016],[-64.48638642202505,46.94518923483926],[-64.42200403927933,46.85269888711771],[-64.49614132850166,46.82125216889238],[-64.5936903932679,46.85269888711771],[-64.68928847673882,46.82495178280124],[-64.77513165373313,46.84160004539112],[-64.82000422352559,46.81570274802909],[-64.91365132570118,46.826801589755675],[-64.97998468974222,46.95258846265699],[-65.11460239911963,47.024730933879795],[-65.13216123077756,47.05247803819626],[-65.03071020342067,47.10612243987477],[-64.77318067243779,47.13386954419123],[-64.65026885083233,47.19491317368745],[-64.59954333715389,47.161616648507696],[-64.57418058031466,47.09132398423932],[-64.5936903932679,47.03767958256081],[-64.53320997311285,46.97478614611016]]]}},{"type":"Feature","id":"13600","properties":{"MPIO":"13600","DPTO":"13","NOMBRE_MPI":"RIO VIEJO","NOMBRE_DPT":"BOLIVAR"},"geometry":{"type":"Polygon","coordinates":[[[-61.04875737966273,46.861947921889865],[-60.99217892209831,46.83975023843669],[-60.945355371010514,46.80645371325693],[-60.875120044378825,46.80275409934807],[-60.826345511995704,46.83050120366454],[-60.68587485873232,46.767607767213875],[-60.648806214121144,46.70286452380879],[-60.62344345728192,46.590026299588494],[-60.635149345053875,46.52528305618341],[-60.70148270909492,46.53638189790999],[-60.75806116665933,46.61777340390496],[-60.85561023142557,46.612223983041666],[-60.95120831489649,46.56597880918089],[-61.00583579116559,46.475338268413765],[-61.06436523002533,46.432792708461854],[-61.218492752355985,46.417994252826404],[-61.44870854520432,46.37174907896563],[-61.52674779701731,46.44389155018844],[-61.48967915240614,46.512334407502394],[-61.33945359266613,46.5604293883176],[-61.24580649049054,46.65106992908472],[-61.185326070335464,46.676967226446756],[-61.10533583722715,46.832351010618964],[-61.04875737966273,46.861947921889865]]]}},{"type":"Feature","id":"27006","properties":{"MPIO":"27006","DPTO":"27","NOMBRE_MPI":"ACANDI","NOMBRE_DPT":"CHOCO"},"geometry":{"type":"Polygon","coordinates":[[[-65.39164174305576,46.84344985234555],[-65.48723982652668,46.85084908016328],[-65.51650454595655,46.77130738112274],[-65.64722029274331,46.669567998629034],[-65.74672033880488,46.756508925487296],[-65.80134781507397,46.911892709659504],[-65.87548510429632,46.96368730438357],[-65.89889687984021,47.02288112692537],[-65.76623015175812,47.15791703459884],[-65.67843599346851,47.069126300786145],[-65.62966146108539,47.04507881037854],[-65.59064183517889,46.97848576001902],[-65.44431823802952,46.902643674887344],[-65.39164174305576,46.84344985234555]]]}},{"type":"Feature","id":"13810","properties":{"MPIO":"13810","DPTO":"13","NOMBRE_MPI":"TIQUISIO","NOMBRE_DPT":"BOLIVAR"},"geometry":{"type":"Polygon","coordinates":[[[-61.11899270629442,46.83790043148226],[-61.10533583722715,46.832351010618964],[-61.185326070335464,46.676967226446756],[-61.24580649049054,46.65106992908472],[-61.33945359266613,46.5604293883176],[-61.48967915240614,46.512334407502394],[-61.55991447903783,46.53638189790999],[-61.59893410494433,46.599275334360655],[-61.59503214235367,46.68066684035562],[-61.53650270349394,46.73801085594298],[-61.43114971354639,46.776856801986035],[-61.452610507794965,46.85269888711771],[-61.30043396675963,46.83975023843669],[-61.11899270629442,46.83790043148226]]]}},{"type":"Feature","id":"05665","properties":{"MPIO":"05665","DPTO":"05","NOMBRE_MPI":"SAN PEDRO DE URABA","NOMBRE_DPT":"ANTIOQUIA"},"geometry":{"type":"Polygon","coordinates":[[[-64.24836670399542,47.054327845150695],[-64.19373922772633,47.03582977560639],[-64.09423918166476,46.984035180882316],[-64.09033721907412,46.8286513967101],[-64.17422941477308,46.78795564371262],[-64.31860203062712,46.66031896385688],[-64.38493539466816,46.58262707177077],[-64.40639618891673,46.66586838472017],[-64.38883735725881,46.826801589755675],[-64.42200403927933,46.85269888711771],[-64.31860203062712,46.92114174443166],[-64.24836670399542,47.054327845150695]]]}},{"type":"Feature","id":"23570","properties":{"MPIO":"23570","DPTO":"23","NOMBRE_MPI":"PUEBLO NUEVO","NOMBRE_DPT":"CORDOBA"},"geometry":{"type":"Polygon","coordinates":[[[-63.22995446783587,46.93594020006711],[-63.04851320737066,46.95258846265699],[-63.00168965628286,46.917442130522794],[-62.818297414522334,46.89894406097849],[-62.826101339703634,46.826801589755675],[-62.77147386343454,46.8046039063025],[-62.66221891089635,46.79905448543921],[-62.683679705144925,46.726912014216396],[-62.64661106053375,46.69916490989993],[-62.71294442457479,46.67141780558346],[-62.77147386343454,46.604824755223945],[-62.89633666633533,46.643670701267],[-62.908042554107276,46.68066684035562],[-62.99778769369222,46.732461435079685],[-63.04851320737066,46.73616104898855],[-63.27482703762834,46.89894406097849],[-63.22995446783587,46.93594020006711]]]}},{"type":"Feature","id":"54670","properties":{"MPIO":"54670","DPTO":"54","NOMBRE_MPI":"SAN CALIXTO","NOMBRE_DPT":"NORTE DE SANTANDER"},"geometry":{"type":"Polygon","coordinates":[[[-59.75915874345303,46.619623210859395],[-59.685021454230686,46.6140737899961],[-59.66551164127744,46.569678423089755],[-59.55625668873925,46.577077650907476],[-59.50748215635613,46.464239426687186],[-59.52699196930938,46.454990391915025],[-59.597227295941074,46.52343324922898],[-59.69477636070731,46.469788847550475],[-59.79232542547355,46.475338268413765],[-59.845001920447324,46.40319579719096],[-59.96791374205279,46.39579656937323],[-59.956207854280834,46.464239426687186],[-59.83914897656135,46.599275334360655],[-59.75915874345303,46.619623210859395]]]}},{"type":"Feature","id":"23555","properties":{"MPIO":"23555","DPTO":"23","NOMBRE_MPI":"PLANETA RICA","NOMBRE_DPT":"CORDOBA"},"geometry":{"type":"Polygon","coordinates":[[[-63.27482703762834,46.89894406097849],[-63.04851320737066,46.73616104898855],[-62.99778769369222,46.732461435079685],[-62.908042554107276,46.68066684035562],[-63.03290535700806,46.639971087358134],[-63.25141526208444,46.60852436913281],[-63.276778018923665,46.449440971051736],[-63.573327175813034,46.54193131877329],[-63.45821927938887,46.639971087358134],[-63.33725843907873,46.78980545066705],[-63.31384666353483,46.882295798388604],[-63.27482703762834,46.89894406097849]]]}},{"type":"Feature","id":"70265","properties":{"MPIO":"70265","DPTO":"70","NOMBRE_MPI":"GUARANDA","NOMBRE_DPT":"SUCRE"},"geometry":{"type":"Polygon","coordinates":[[[-62.131551998568,46.65846915690244],[-62.055463728050334,46.676967226446756],[-61.926698962558895,46.65846915690244],[-61.903287187014996,46.691765682082206],[-61.790130271886156,46.72876182117083],[-61.77062045893291,46.75835873244172],[-61.743306720798365,46.66031896385688],[-61.77842438411421,46.61777340390496],[-61.8408557855646,46.62332282476825],[-61.862316579813175,46.56782861613532],[-61.93255190644487,46.540081511818855],[-61.983277420123315,46.55118035354545],[-62.07692452229891,46.519733635320115],[-62.1081402230241,46.56412900222646],[-62.1003362978428,46.62887224563155],[-62.131551998568,46.65846915690244]]]}},{"type":"Feature","id":"20011","properties":{"MPIO":"20011","DPTO":"20","NOMBRE_MPI":"AGUACHICA","NOMBRE_DPT":"CESAR"},"geometry":{"type":"Polygon","coordinates":[[[-60.442002196816716,46.597425527406216],[-60.37176687018502,46.59557572045179],[-60.29372761837203,46.627022438677116],[-60.21178640396839,46.584476878725205],[-60.280070749304755,46.49013672404922],[-60.22934523562631,46.42169386673527],[-60.24300210469359,46.34955139551246],[-60.32689430039255,46.35510081637575],[-60.40298257091022,46.32365409815042],[-60.41859042127282,46.23856297824659],[-60.50248261697178,46.22931394347444],[-60.49272771049516,46.16087108616048],[-60.67611995225569,46.15162205138833],[-60.72684546593413,46.22931394347444],[-60.72879644722946,46.277408924289645],[-60.71709055945752,46.28850776601623],[-60.67807093355101,46.27925873124408],[-60.617590513395946,46.32550390510485],[-60.553208130650226,46.33105332596814],[-60.5668649997175,46.38099811373778],[-60.43419827163542,46.50863479359353],[-60.442002196816716,46.597425527406216]]]}},{"type":"Feature","id":"23068","properties":{"MPIO":"23068","DPTO":"23","NOMBRE_MPI":"AYAPEL","NOMBRE_DPT":"CORDOBA"},"geometry":{"type":"Polygon","coordinates":[[[-62.344208959758404,46.74910969766957],[-62.22715008203892,46.726912014216396],[-62.199836343904366,46.68066684035562],[-62.131551998568,46.65846915690244],[-62.1003362978428,46.62887224563155],[-62.1081402230241,46.56412900222646],[-62.07692452229891,46.519733635320115],[-62.17252260576982,46.462389619732754],[-62.371522697892956,46.34400197464916],[-62.738307181414015,46.35325100942132],[-62.68563068644025,46.43094290150742],[-62.76952288213921,46.447591164097304],[-62.818297414522334,46.43094290150742],[-62.88463077856338,46.45314058496059],[-62.8787778346774,46.512334407502394],[-62.77147386343454,46.604824755223945],[-62.71294442457479,46.67141780558346],[-62.64661106053375,46.69916490989993],[-62.57442475260673,46.691765682082206],[-62.437856061934,46.74910969766957],[-62.426150174162046,46.77315718807717],[-62.344208959758404,46.74910969766957]]]}},{"type":"Feature","id":"54344","properties":{"MPIO":"54344","DPTO":"54","NOMBRE_MPI":"HACARI","NOMBRE_DPT":"NORTE DE SANTANDER"},"geometry":{"type":"Polygon","coordinates":[[[-59.52699196930938,46.454990391915025],[-59.546501782262624,46.36065023723904],[-59.5757665016925,46.332903132922574],[-59.686972435526016,46.327353712059285],[-59.79427640676888,46.334752939877006],[-59.845001920447324,46.40319579719096],[-59.79232542547355,46.475338268413765],[-59.69477636070731,46.469788847550475],[-59.597227295941074,46.52343324922898],[-59.52699196930938,46.454990391915025]]]}},{"type":"Feature","id":"20295","properties":{"MPIO":"20295","DPTO":"20","NOMBRE_MPI":"GAMARRA","NOMBRE_DPT":"CESAR"},"geometry":{"type":"Polygon","coordinates":[[[-60.62344345728192,46.590026299588494],[-60.442002196816716,46.597425527406216],[-60.43419827163542,46.50863479359353],[-60.5668649997175,46.38099811373778],[-60.553208130650226,46.33105332596814],[-60.617590513395946,46.32550390510485],[-60.67807093355101,46.27925873124408],[-60.71709055945752,46.28850776601623],[-60.720992522048164,46.334752939877006],[-60.65856112059777,46.384697727646646],[-60.635149345053875,46.52528305618341],[-60.62344345728192,46.590026299588494]]]}},{"type":"Feature","id":"13473","properties":{"MPIO":"13473","DPTO":"13","NOMBRE_MPI":"MORALES","NOMBRE_DPT":"BOLIVAR"},"geometry":{"type":"Polygon","coordinates":[[[-61.00583579116559,46.475338268413765],[-60.95120831489649,46.56597880918089],[-60.85561023142557,46.612223983041666],[-60.75806116665933,46.61777340390496],[-60.70148270909492,46.53638189790999],[-60.635149345053875,46.52528305618341],[-60.65856112059777,46.384697727646646],[-60.720992522048164,46.334752939877006],[-60.71709055945752,46.28850776601623],[-60.72879644722946,46.277408924289645],[-60.84585532494895,46.23116375042887],[-60.87707102567415,46.3107054494694],[-61.01168873505156,46.33105332596814],[-61.20678686458404,46.312555256423835],[-61.27507120992041,46.29590699383395],[-61.388228125049245,46.29960660774282],[-61.41749284447912,46.3403023607403],[-61.277022191215735,46.36619965810233],[-61.08192406168325,46.36065023723904],[-60.98437499691701,46.40874521805425],[-61.00583579116559,46.475338268413765]]]}},{"type":"Feature","id":"13458","properties":{"MPIO":"13458","DPTO":"13","NOMBRE_MPI":"MONTECRISTO","NOMBRE_DPT":"BOLIVAR"},"geometry":{"type":"Polygon","coordinates":[[[-61.48967915240614,46.512334407502394],[-61.52674779701731,46.44389155018844],[-61.44870854520432,46.37174907896563],[-61.41749284447912,46.3403023607403],[-61.388228125049245,46.29960660774282],[-61.43310069484172,46.18676838352252],[-61.51504190924536,46.08872861493768],[-61.74525770209369,45.8760008151781],[-61.76086555245629,45.81865679959074],[-61.81744401002071,45.7446645214135],[-61.90133620571967,45.735415486641344],[-61.96571858846539,45.67992127800841],[-61.98132643882799,45.71691741709703],[-61.88182639276643,45.870451394314806],[-61.74720868338901,45.94259386553762],[-61.81159106613473,46.04618305498576],[-61.799885178362786,46.15347185834276],[-61.81939499131603,46.177519348750366],[-61.81159106613473,46.31995448424156],[-61.877924430175774,46.399496183282096],[-61.870120504994475,46.46053981277832],[-61.79403223447681,46.499385758821376],[-61.72379690784511,46.519733635320115],[-61.725747889140436,46.569678423089755],[-61.686728263233945,46.65846915690244],[-61.59503214235367,46.68066684035562],[-61.59893410494433,46.599275334360655],[-61.55991447903783,46.53638189790999],[-61.48967915240614,46.512334407502394]]]}},{"type":"Feature","id":"20310","properties":{"MPIO":"20310","DPTO":"20","NOMBRE_MPI":"GONZALEZ","NOMBRE_DPT":"CESAR"},"geometry":{"type":"Polygon","coordinates":[[[-60.14155107733669,46.53268228400113],[-60.053756919047075,46.512334407502394],[-60.04985495645643,46.469788847550475],[-60.086923601067596,46.40874521805425],[-60.18837462842449,46.432792708461854],[-60.13179617086007,46.477188075368204],[-60.14155107733669,46.53268228400113]]]}},{"type":"Feature","id":"54720","properties":{"MPIO":"54720","DPTO":"54","NOMBRE_MPI":"SARDINATA","NOMBRE_DPT":"NORTE DE SANTANDER"},"geometry":{"type":"Polygon","coordinates":[[[-59.52699196930938,46.454990391915025],[-59.50748215635613,46.464239426687186],[-59.42554094195249,46.40319579719096],[-59.3006781390517,46.432792708461854],[-59.169962392264935,46.432792708461854],[-59.08021725268,46.414294638917546],[-59.017785851229604,46.42539348064413],[-59.017785851229604,46.3403023607403],[-59.18947220521819,46.318104677287124],[-59.21483496205741,46.26631008256306],[-59.02168781382025,46.28850776601623],[-59.04509958936415,46.22376452261114],[-59.10948197210987,46.205266453066834],[-59.13484472894909,46.140523209661744],[-59.20117809299013,46.120175333163004],[-59.292874213870405,46.01843595066929],[-59.355305615320795,46.014736336760436],[-59.435295848429114,46.04618305498576],[-59.41383505418054,46.10167726361869],[-59.540648838376654,46.21451548783899],[-59.5757665016925,46.332903132922574],[-59.546501782262624,46.36065023723904],[-59.52699196930938,46.454990391915025]]]}},{"type":"Feature","id":"05837","properties":{"MPIO":"05837","DPTO":"05","NOMBRE_MPI":"TURBO","NOMBRE_DPT":"ANTIOQUIA"},"geometry":{"type":"Polygon","coordinates":[[[-64.91365132570118,46.826801589755675],[-64.82000422352559,46.81570274802909],[-64.77513165373313,46.84160004539112],[-64.68928847673882,46.82495178280124],[-64.5936903932679,46.85269888711771],[-64.49614132850166,46.82125216889238],[-64.42200403927933,46.85269888711771],[-64.38883735725881,46.826801589755675],[-64.40639618891673,46.66586838472017],[-64.38493539466816,46.58262707177077],[-64.4278569831653,46.51788382836568],[-64.62295511269778,46.434642515416286],[-64.87268071849935,46.384697727646646],[-64.97413174585625,46.34400197464916],[-65.03266118471599,46.3162548703327],[-65.03851412860197,46.25336143388204],[-65.01900431564871,46.177519348750366],[-65.04241609119262,46.140523209661744],[-64.92925917606378,46.0720803523478],[-64.90974936311054,46.005487301988275],[-64.84731796166014,45.93149502381103],[-64.99559254010482,45.93889425162876],[-65.0560729602599,46.049882668894625],[-65.18678870704666,46.070230545393365],[-65.2687299214503,46.105376877527554],[-65.45992608839212,46.23486336433773],[-65.51845552725187,46.31995448424156],[-65.44431823802952,46.35140120246689],[-65.35262211714927,46.399496183282096],[-65.31750445383342,46.49198653100365],[-65.22580833295315,46.55118035354545],[-65.22775931424847,46.66031896385688],[-65.25702403367835,46.754659118532864],[-65.1906906696373,46.65106992908472],[-65.20239655740926,46.58077726481634],[-65.1516710437308,46.61592359695053],[-65.07948473580379,46.61592359695053],[-65.07363179191782,46.534532090955565],[-65.09704356746171,46.5067849866391],[-65.1906906696373,46.52898267009227],[-65.21215146388587,46.42169386673527],[-65.08533767968976,46.39209695546437],[-64.9624258580843,46.40689541109982],[-64.94096506383573,46.43649232237072],[-64.9156023069965,46.63072205258598],[-64.94876898901703,46.77315718807717],[-64.91365132570118,46.826801589755675]]]}},{"type":"Feature","id":"23855","properties":{"MPIO":"23855","DPTO":"23","NOMBRE_MPI":"VALENCIA","NOMBRE_DPT":"CORDOBA"},"geometry":{"type":"Polygon","coordinates":[[[-64.09033721907412,46.8286513967101],[-63.97327834135462,46.80830352021136],[-63.9166998837902,46.739860662897414],[-63.89133712695098,46.669567998629034],[-63.92255282767618,46.619623210859395],[-64.00059207948917,46.57152823004419],[-64.11569997591333,46.55672977440874],[-64.24446474140477,46.47903788232263],[-64.33030791839906,46.469788847550475],[-64.4434648335279,46.49753595186694],[-64.4278569831653,46.51788382836568],[-64.38493539466816,46.58262707177077],[-64.31860203062712,46.66031896385688],[-64.17422941477308,46.78795564371262],[-64.09033721907412,46.8286513967101]]]}},{"type":"Feature","id":"54001","properties":{"MPIO":"54001","DPTO":"54","NOMBRE_MPI":"CUCUTA","NOMBRE_DPT":"NORTE DE SANTANDER"},"geometry":{"type":"Polygon","coordinates":[[[-58.783668095790624,46.34585178160359],[-58.851952441127,46.31440506337827],[-58.857805385012966,46.27555911733521],[-58.80122692744855,46.22191471565671],[-58.7505014137701,46.21821510174785],[-58.74855043247478,46.09982745666426],[-58.77976613319998,45.96849116289965],[-58.937795618121285,45.892649077767985],[-58.93584463682596,45.86120235954265],[-59.01193290734363,45.80200853700086],[-59.050952533250125,45.735415486641344],[-59.11728589729117,45.70951818927931],[-59.12508982247247,45.72986606577805],[-59.08997215915662,45.82605602740846],[-59.03729566418285,45.864901973451516],[-59.082168233975324,45.89449888472241],[-59.074364308794024,46.04433324803133],[-59.002178000867005,46.090578421892104],[-58.94950150589324,46.19601741829467],[-59.02168781382025,46.28850776601623],[-58.986570150504406,46.33105332596814],[-58.929991692939986,46.28110853819851],[-58.87731519796622,46.37914830678335],[-58.81488379651582,46.377298499828925],[-58.783668095790624,46.34585178160359]]]}},{"type":"Feature","id":"54498","properties":{"MPIO":"54498","DPTO":"54","NOMBRE_MPI":"OCA¥A","NOMBRE_DPT":"NORTE DE SANTANDER"},"geometry":{"type":"Polygon","coordinates":[[[-60.01668827443591,46.48273749623149],[-59.956207854280834,46.464239426687186],[-59.96791374205279,46.39579656937323],[-59.958158835576164,46.3162548703327],[-59.989374536301355,46.262610468654195],[-59.999129442777985,46.19786722524911],[-60.07326673200033,46.18676838352252],[-60.16301187158527,46.207116260021266],[-60.16496285288059,46.20896606697569],[-60.19812953490111,46.23486336433773],[-60.17276677806189,46.30885564251497],[-60.086923601067596,46.40874521805425],[-60.04985495645643,46.469788847550475],[-60.01668827443591,46.48273749623149]]]}},{"type":"Feature","id":"13655","properties":{"MPIO":"13655","DPTO":"13","NOMBRE_MPI":"SAN JACINTO DEL CAUCA","NOMBRE_DPT":"BOLIVAR"},"geometry":{"type":"Polygon","coordinates":[[[-61.77842438411421,46.61777340390496],[-61.79403223447681,46.499385758821376],[-61.870120504994475,46.46053981277832],[-61.877924430175774,46.399496183282096],[-61.81159106613473,46.31995448424156],[-61.81939499131603,46.177519348750366],[-62.11399316691008,46.42539348064413],[-62.17252260576982,46.462389619732754],[-62.07692452229891,46.519733635320115],[-61.983277420123315,46.55118035354545],[-61.93255190644487,46.540081511818855],[-61.862316579813175,46.56782861613532],[-61.8408557855646,46.62332282476825],[-61.77842438411421,46.61777340390496]]]}},{"type":"Feature","id":"54553","properties":{"MPIO":"54553","DPTO":"54","NOMBRE_MPI":"PUERTO SANTANDER","NOMBRE_DPT":"NORTE DE SANTANDER"},"geometry":{"type":"Polygon","coordinates":[[[-58.7505014137701,46.21821510174785],[-58.80122692744855,46.22191471565671],[-58.857805385012966,46.27555911733521],[-58.851952441127,46.31440506337827],[-58.783668095790624,46.34585178160359],[-58.74074650729348,46.29960660774282],[-58.7505014137701,46.21821510174785]]]}},{"type":"Feature","id":"27800","properties":{"MPIO":"27800","DPTO":"27","NOMBRE_MPI":"UNGUIA","NOMBRE_DPT":"CHOCO"},"geometry":{"type":"Polygon","coordinates":[[[-65.25702403367835,46.754659118532864],[-65.22775931424847,46.66031896385688],[-65.22580833295315,46.55118035354545],[-65.31750445383342,46.49198653100365],[-65.35262211714927,46.399496183282096],[-65.44431823802952,46.35140120246689],[-65.49309277041264,46.382847920692214],[-65.60234772295084,46.40319579719096],[-65.58673987258824,46.469788847550475],[-65.64722029274331,46.669567998629034],[-65.51650454595655,46.77130738112274],[-65.48723982652668,46.85084908016328],[-65.39164174305576,46.84344985234555],[-65.3643280049212,46.78055641589489],[-65.25702403367835,46.754659118532864]]]}},{"type":"Feature","id":"23079","properties":{"MPIO":"23079","DPTO":"23","NOMBRE_MPI":"BUENAVISTA","NOMBRE_DPT":"CORDOBA"},"geometry":{"type":"Polygon","coordinates":[[[-62.908042554107276,46.68066684035562],[-62.89633666633533,46.643670701267],[-62.77147386343454,46.604824755223945],[-62.8787778346774,46.512334407502394],[-62.88463077856338,46.45314058496059],[-62.99193474980624,46.35140120246689],[-63.04070928218936,46.33660274683144],[-63.11874853400236,46.39579656937323],[-63.276778018923665,46.449440971051736],[-63.25141526208444,46.60852436913281],[-63.03290535700806,46.639971087358134],[-62.908042554107276,46.68066684035562]]]}},{"type":"Feature","id":"23807","properties":{"MPIO":"23807","DPTO":"23","NOMBRE_MPI":"TIERRALTA","NOMBRE_DPT":"CORDOBA"},"geometry":{"type":"Polygon","coordinates":[[[-63.9166998837902,46.739860662897414],[-63.82110180031928,46.739860662897414],[-63.711846847781096,46.71581317248981],[-63.64356250244473,46.669567998629034],[-63.52845460602057,46.669567998629034],[-63.45821927938887,46.639971087358134],[-63.573327175813034,46.54193131877329],[-63.60454287653823,46.49568614491251],[-63.832807688091236,46.417994252826404],[-63.86012142622578,46.332903132922574],[-63.83085670679591,46.21821510174785],[-63.83670965068188,46.15162205138833],[-63.9010920334276,46.06468112453007],[-63.92255282767618,45.898198498631274],[-63.98888619171722,45.76131278400337],[-64.4278569831653,45.78721008136541],[-64.50004329109233,45.84455409695278],[-64.62685707528843,46.04618305498576],[-64.64246492565103,46.09427803580097],[-64.59954333715389,46.220064908702284],[-64.54296487958946,46.318104677287124],[-64.46492562777648,46.41059502500868],[-64.4434648335279,46.49753595186694],[-64.33030791839906,46.469788847550475],[-64.24446474140477,46.47903788232263],[-64.11569997591333,46.55672977440874],[-64.00059207948917,46.57152823004419],[-63.92255282767618,46.619623210859395],[-63.89133712695098,46.669567998629034],[-63.9166998837902,46.739860662897414]]]}},{"type":"Feature","id":"54398","properties":{"MPIO":"54398","DPTO":"54","NOMBRE_MPI":"LA PLAYA","NOMBRE_DPT":"NORTE DE SANTANDER"},"geometry":{"type":"Polygon","coordinates":[[[-59.845001920447324,46.40319579719096],[-59.79427640676888,46.334752939877006],[-59.686972435526016,46.327353712059285],[-59.700629304593285,46.26815988951749],[-59.75525678086238,46.277408924289645],[-59.86841369599122,46.24966181997318],[-59.989374536301355,46.262610468654195],[-59.958158835576164,46.3162548703327],[-59.96791374205279,46.39579656937323],[-59.845001920447324,46.40319579719096]]]}},{"type":"Feature","id":"20614","properties":{"MPIO":"20614","DPTO":"20","NOMBRE_MPI":"RIO DE ORO","NOMBRE_DPT":"CESAR"},"geometry":{"type":"Polygon","coordinates":[[[-60.18837462842449,46.432792708461854],[-60.086923601067596,46.40874521805425],[-60.17276677806189,46.30885564251497],[-60.19812953490111,46.23486336433773],[-60.16496285288059,46.20896606697569],[-60.37957079536632,46.170120120932644],[-60.49272771049516,46.16087108616048],[-60.50248261697178,46.22931394347444],[-60.41859042127282,46.23856297824659],[-60.40298257091022,46.32365409815042],[-60.32689430039255,46.35510081637575],[-60.24300210469359,46.34955139551246],[-60.22934523562631,46.42169386673527],[-60.18837462842449,46.432792708461854]]]}},{"type":"Feature","id":"13042","properties":{"MPIO":"13042","DPTO":"13","NOMBRE_MPI":"ARENAL","NOMBRE_DPT":"BOLIVAR"},"geometry":{"type":"Polygon","coordinates":[[[-61.44870854520432,46.37174907896563],[-61.218492752355985,46.417994252826404],[-61.06436523002533,46.432792708461854],[-61.00583579116559,46.475338268413765],[-60.98437499691701,46.40874521805425],[-61.08192406168325,46.36065023723904],[-61.277022191215735,46.36619965810233],[-61.41749284447912,46.3403023607403],[-61.44870854520432,46.37174907896563]]]}},{"type":"Feature","id":"54261","properties":{"MPIO":"54261","DPTO":"54","NOMBRE_MPI":"EL ZULIA","NOMBRE_DPT":"NORTE DE SANTANDER"},"geometry":{"type":"Polygon","coordinates":[[[-59.02168781382025,46.28850776601623],[-58.94950150589324,46.19601741829467],[-59.002178000867005,46.090578421892104],[-59.074364308794024,46.04433324803133],[-59.082168233975324,45.89449888472241],[-59.19727613039949,45.912996954266724],[-59.25190360666858,45.93889425162876],[-59.21093299946676,45.970340969854085],[-59.306531082937674,45.97774019767181],[-59.292874213870405,46.01843595066929],[-59.20117809299013,46.120175333163004],[-59.13484472894909,46.140523209661744],[-59.10948197210987,46.205266453066834],[-59.04509958936415,46.22376452261114],[-59.02168781382025,46.28850776601623]]]}},{"type":"Feature","id":"54003","properties":{"MPIO":"54003","DPTO":"54","NOMBRE_MPI":"ABREGO","NOMBRE_DPT":"NORTE DE SANTANDER"},"geometry":{"type":"Polygon","coordinates":[[[-59.686972435526016,46.327353712059285],[-59.5757665016925,46.332903132922574],[-59.540648838376654,46.21451548783899],[-59.622590052780296,46.14607263052504],[-59.64014888443822,46.09427803580097],[-59.73769794920446,46.0720803523478],[-59.75915874345303,46.00733710894271],[-59.716237154955884,45.898198498631274],[-59.7884234628829,45.833455255226184],[-59.893776452830444,45.864901973451516],[-60.17081579676657,45.900048305585706],[-60.16301187158527,45.9832896185351],[-60.07521771329565,45.999937881124985],[-60.04985495645643,46.035084213259175],[-60.071315750705,46.09797764970983],[-60.18447266583384,46.14607263052504],[-60.16301187158527,46.207116260021266],[-60.07326673200033,46.18676838352252],[-59.999129442777985,46.19786722524911],[-59.989374536301355,46.262610468654195],[-59.86841369599122,46.24966181997318],[-59.75525678086238,46.277408924289645],[-59.700629304593285,46.26815988951749],[-59.686972435526016,46.327353712059285]]]}},{"type":"Feature","id":"05495","properties":{"MPIO":"05495","DPTO":"05","NOMBRE_MPI":"NECHI","NOMBRE_DPT":"ANTIOQUIA"},"geometry":{"type":"Polygon","coordinates":[[[-62.17252260576982,46.462389619732754],[-62.11399316691008,46.42539348064413],[-62.131551998568,46.36065023723904],[-62.1003362978428,46.32550390510485],[-62.1861794748371,46.24966181997318],[-62.21154223167632,46.147922437479465],[-62.19788536260904,46.07947958016552],[-62.289581483489314,46.077629773211086],[-62.29348344607996,46.15162205138833],[-62.34615994105373,46.16642050702378],[-62.34811092234905,46.247812013018745],[-62.320797184214506,46.28850776601623],[-62.371522697892956,46.34400197464916],[-62.17252260576982,46.462389619732754]]]}},{"type":"Feature","id":"54109","properties":{"MPIO":"54109","DPTO":"54","NOMBRE_MPI":"BUCARASICA","NOMBRE_DPT":"NORTE DE SANTANDER"},"geometry":{"type":"Polygon","coordinates":[[[-59.540648838376654,46.21451548783899],[-59.41383505418054,46.10167726361869],[-59.435295848429114,46.04618305498576],[-59.460658605268335,46.02398537153259],[-59.53869785708133,46.02398537153259],[-59.6069822024177,46.05173247584905],[-59.622590052780296,46.14607263052504],[-59.540648838376654,46.21451548783899]]]}},{"type":"Feature","id":"23466","properties":{"MPIO":"23466","DPTO":"23","NOMBRE_MPI":"MONTELIBANO","NOMBRE_DPT":"CORDOBA"},"geometry":{"type":"Polygon","coordinates":[[[-63.573327175813034,46.54193131877329],[-63.276778018923665,46.449440971051736],[-63.11874853400236,46.39579656937323],[-63.04070928218936,46.33660274683144],[-62.91389549799325,46.25891085474534],[-62.95096414260442,46.19416761134025],[-63.1382583469556,46.157171472251626],[-63.19483680452002,46.06098151062121],[-63.30799371964886,46.0961278427554],[-63.347013345555354,46.22931394347444],[-63.38603297146185,46.29590699383395],[-63.51284675565797,46.334752939877006],[-63.583082082289664,46.327353712059285],[-63.645513483740054,46.26631008256306],[-63.60259189524291,46.170120120932644],[-63.76647432405019,46.105376877527554],[-63.82110180031928,46.01843595066929],[-63.85036651974916,45.920396182084446],[-63.81915081902396,45.84270428999834],[-63.81915081902396,45.76686220486667],[-63.98888619171722,45.76131278400337],[-63.92255282767618,45.898198498631274],[-63.9010920334276,46.06468112453007],[-63.83670965068188,46.15162205138833],[-63.83085670679591,46.21821510174785],[-63.86012142622578,46.332903132922574],[-63.832807688091236,46.417994252826404],[-63.60454287653823,46.49568614491251],[-63.573327175813034,46.54193131877329]]]}},{"type":"Feature","id":"05250","properties":{"MPIO":"05250","DPTO":"05","NOMBRE_MPI":"EL BAGRE","NOMBRE_DPT":"ANTIOQUIA"},"geometry":{"type":"Polygon","coordinates":[[[-62.11399316691008,46.42539348064413],[-61.81939499131603,46.177519348750366],[-61.799885178362786,46.15347185834276],[-61.81159106613473,46.04618305498576],[-61.74720868338901,45.94259386553762],[-61.88182639276643,45.870451394314806],[-61.98132643882799,45.71691741709703],[-61.96571858846539,45.67992127800841],[-61.95206171939812,45.655873787600804],[-62.016444102143836,45.63367610414763],[-62.0691205971176,45.68362089191727],[-62.14130690504462,45.69102011973499],[-62.1861794748371,45.72616645186918],[-62.256414801468786,45.86675178040595],[-62.19008143742774,45.914846761221156],[-62.15886573670255,45.98698923244397],[-62.18813045613242,45.990688846352825],[-62.19788536260904,46.07947958016552],[-62.21154223167632,46.147922437479465],[-62.1861794748371,46.24966181997318],[-62.1003362978428,46.32550390510485],[-62.131551998568,46.36065023723904],[-62.11399316691008,46.42539348064413]]]}},{"type":"Feature","id":"13744","properties":{"MPIO":"13744","DPTO":"13","NOMBRE_MPI":"SIMITI","NOMBRE_DPT":"BOLIVAR"},"geometry":{"type":"Polygon","coordinates":[[[-61.20678686458404,46.312555256423835],[-61.01168873505156,46.33105332596814],[-60.87707102567415,46.3107054494694],[-60.84585532494895,46.23116375042887],[-60.87121808178817,46.16827031397821],[-60.81659060551908,45.927795409902174],[-60.86926710049285,45.78905988831984],[-60.95120831489649,45.69656954059829],[-61.122894668885074,45.687320505826136],[-61.187277051630794,45.713217803188165],[-61.19898293940274,45.75391355618565],[-61.26531630344378,45.792759502228705],[-61.25751237826249,45.84085448304391],[-61.16191429479157,46.00733710894271],[-61.187277051630794,46.06283131757564],[-61.099482893341175,46.18306876961366],[-61.21068882717469,46.27925873124408],[-61.20678686458404,46.312555256423835]]]}},{"type":"Feature","id":"23350","properties":{"MPIO":"23350","DPTO":"23","NOMBRE_MPI":"LA APARTADA","NOMBRE_DPT":"CORDOBA"},"geometry":{"type":"Polygon","coordinates":[[[-62.88463077856338,46.45314058496059],[-62.818297414522334,46.43094290150742],[-62.76952288213921,46.447591164097304],[-62.68563068644025,46.43094290150742],[-62.738307181414015,46.35325100942132],[-62.81244447063636,46.29590699383395],[-62.91389549799325,46.25891085474534],[-63.04070928218936,46.33660274683144],[-62.99193474980624,46.35140120246689],[-62.88463077856338,46.45314058496059]]]}},{"type":"Feature","id":"68575","properties":{"MPIO":"68575","DPTO":"68","NOMBRE_MPI":"PUERTO WILCHES","NOMBRE_DPT":"SANTANDER"},"geometry":{"type":"Polygon","coordinates":[[[-60.84585532494895,46.23116375042887],[-60.72879644722946,46.277408924289645],[-60.72684546593413,46.22931394347444],[-60.67611995225569,46.15162205138833],[-60.68587485873232,46.120175333163004],[-60.625394438577246,46.04803286194019],[-60.73269840982011,45.95369270726421],[-60.75806116665933,45.883400042995824],[-60.761963129249985,45.835305062180616],[-60.777570979612584,45.77611123963882],[-60.70733565298089,45.698419347552715],[-60.81659060551908,45.6854706988717],[-60.74245331629673,45.62442706937547],[-60.78927686738453,45.555984212061524],[-60.68782584002764,45.500490003428595],[-60.58052186878478,45.38950158616273],[-60.56296303712685,45.32290853580321],[-60.59612971914737,45.3044104662589],[-60.75611018536401,45.38395216529943],[-60.86926710049285,45.39320120007159],[-61.029247566709486,45.3580548679374],[-61.09558093075053,45.363604288800694],[-61.083875042978576,45.45239502261339],[-61.027296585414156,45.565233246833685],[-61.02534560411883,45.622577262421046],[-61.02144364152818,45.655873787600804],[-60.95120831489649,45.69656954059829],[-60.86926710049285,45.78905988831984],[-60.81659060551908,45.927795409902174],[-60.87121808178817,46.16827031397821],[-60.84585532494895,46.23116375042887]]]}},{"type":"Feature","id":"13688","properties":{"MPIO":"13688","DPTO":"13","NOMBRE_MPI":"SANTA ROSA DEL SUR","NOMBRE_DPT":"BOLIVAR"},"geometry":{"type":"Polygon","coordinates":[[[-61.388228125049245,46.29960660774282],[-61.27507120992041,46.29590699383395],[-61.20678686458404,46.312555256423835],[-61.21068882717469,46.27925873124408],[-61.099482893341175,46.18306876961366],[-61.187277051630794,46.06283131757564],[-61.16191429479157,46.00733710894271],[-61.25751237826249,45.84085448304391],[-61.26531630344378,45.792759502228705],[-61.19898293940274,45.75391355618565],[-61.187277051630794,45.713217803188165],[-61.64965961862277,45.655873787600804],[-61.65941452509939,45.70951818927931],[-61.71209102007317,45.67622166409954],[-61.79793419706746,45.58003170246913],[-61.85061069204123,45.570782667696974],[-61.95206171939812,45.655873787600804],[-61.96571858846539,45.67992127800841],[-61.90133620571967,45.735415486641344],[-61.81744401002071,45.7446645214135],[-61.76086555245629,45.81865679959074],[-61.74525770209369,45.8760008151781],[-61.51504190924536,46.08872861493768],[-61.43310069484172,46.18676838352252],[-61.388228125049245,46.29960660774282]]]}},{"type":"Feature","id":"20770","properties":{"MPIO":"20770","DPTO":"20","NOMBRE_MPI":"SAN MARTIN","NOMBRE_DPT":"CESAR"},"geometry":{"type":"Polygon","coordinates":[[[-60.16496285288059,46.20896606697569],[-60.16301187158527,46.207116260021266],[-60.18447266583384,46.14607263052504],[-60.209835422673066,46.090578421892104],[-60.28982565578138,46.049882668894625],[-60.45175710329334,45.99438846026169],[-60.50833556085776,45.93149502381103],[-60.59417873785205,45.93889425162876],[-60.56296303712685,45.90374791949456],[-60.58052186878478,45.85380313172493],[-60.75806116665933,45.883400042995824],[-60.73269840982011,45.95369270726421],[-60.625394438577246,46.04803286194019],[-60.68587485873232,46.120175333163004],[-60.67611995225569,46.15162205138833],[-60.49272771049516,46.16087108616048],[-60.37957079536632,46.170120120932644],[-60.16496285288059,46.20896606697569]]]}},{"type":"Feature","id":"54871","properties":{"MPIO":"54871","DPTO":"54","NOMBRE_MPI":"VILLA CARO","NOMBRE_DPT":"NORTE DE SANTANDER"},"geometry":{"type":"Polygon","coordinates":[[[-59.622590052780296,46.14607263052504],[-59.6069822024177,46.05173247584905],[-59.53869785708133,46.02398537153259],[-59.460658605268335,46.02398537153259],[-59.51138411894678,45.9832896185351],[-59.525040988014055,45.9296452168566],[-59.69087439811666,45.80940776481858],[-59.716237154955884,45.898198498631274],[-59.75915874345303,46.00733710894271],[-59.73769794920446,46.0720803523478],[-59.64014888443822,46.09427803580097],[-59.622590052780296,46.14607263052504]]]}},{"type":"Feature","id":"05045","properties":{"MPIO":"05045","DPTO":"05","NOMBRE_MPI":"APARTADO","NOMBRE_DPT":"ANTIOQUIA"},"geometry":{"type":"Polygon","coordinates":[[[-64.4278569831653,46.51788382836568],[-64.4434648335279,46.49753595186694],[-64.46492562777648,46.41059502500868],[-64.54296487958946,46.318104677287124],[-64.60734726233518,46.32920351901372],[-64.64831786953701,46.25521124083647],[-64.70489632710142,46.23486336433773],[-64.83366109259286,46.24966181997318],[-64.97413174585625,46.34400197464916],[-64.87268071849935,46.384697727646646],[-64.62295511269778,46.434642515416286],[-64.4278569831653,46.51788382836568]]]}},{"type":"Feature","id":"05154","properties":{"MPIO":"05154","DPTO":"05","NOMBRE_MPI":"CAUCASIA","NOMBRE_DPT":"ANTIOQUIA"},"geometry":{"type":"Polygon","coordinates":[[[-62.738307181414015,46.35325100942132],[-62.371522697892956,46.34400197464916],[-62.320797184214506,46.28850776601623],[-62.34811092234905,46.247812013018745],[-62.34615994105373,46.16642050702378],[-62.29348344607996,46.15162205138833],[-62.289581483489314,46.077629773211086],[-62.19788536260904,46.07947958016552],[-62.18813045613242,45.990688846352825],[-62.24665989499216,45.95739232117307],[-62.359816810121,45.962941742036364],[-62.41834624898075,45.91114714731229],[-62.59393456555998,45.86675178040595],[-62.55101297706283,45.94629347944648],[-62.54125807058621,46.055432089757915],[-62.67977774255427,46.13312398184402],[-62.67587577996362,46.2034166461124],[-62.74220914400467,46.27555911733521],[-62.81244447063636,46.29590699383395],[-62.738307181414015,46.35325100942132]]]}},{"type":"Feature","id":"20710","properties":{"MPIO":"20710","DPTO":"20","NOMBRE_MPI":"SAN ALBERTO","NOMBRE_DPT":"CESAR"},"geometry":{"type":"Polygon","coordinates":[[[-60.18447266583384,46.14607263052504],[-60.071315750705,46.09797764970983],[-60.04985495645643,46.035084213259175],[-60.07521771329565,45.999937881124985],[-60.16301187158527,45.9832896185351],[-60.17081579676657,45.900048305585706],[-60.27811976800943,45.813107378727445],[-60.35811000111775,45.80940776481858],[-60.51028654215308,45.85935255258822],[-60.58052186878478,45.85380313172493],[-60.56296303712685,45.90374791949456],[-60.59417873785205,45.93889425162876],[-60.50833556085776,45.93149502381103],[-60.45175710329334,45.99438846026169],[-60.28982565578138,46.049882668894625],[-60.209835422673066,46.090578421892104],[-60.18447266583384,46.14607263052504]]]}},{"type":"Feature","id":"54418","properties":{"MPIO":"54418","DPTO":"54","NOMBRE_MPI":"LOURDES","NOMBRE_DPT":"NORTE DE SANTANDER"},"geometry":{"type":"Polygon","coordinates":[[[-59.355305615320795,46.014736336760436],[-59.37676640956937,45.948143286400914],[-59.525040988014055,45.9296452168566],[-59.51138411894678,45.9832896185351],[-59.460658605268335,46.02398537153259],[-59.435295848429114,46.04618305498576],[-59.355305615320795,46.014736336760436]]]}},{"type":"Feature","id":"54313","properties":{"MPIO":"54313","DPTO":"54","NOMBRE_MPI":"GRAMALOTE","NOMBRE_DPT":"NORTE DE SANTANDER"},"geometry":{"type":"Polygon","coordinates":[[[-59.292874213870405,46.01843595066929],[-59.306531082937674,45.97774019767181],[-59.32994285848157,45.949993093355346],[-59.32213893330027,45.84085448304391],[-59.44309977361041,45.850103517816066],[-59.44309977361041,45.8760008151781],[-59.525040988014055,45.9296452168566],[-59.37676640956937,45.948143286400914],[-59.355305615320795,46.014736336760436],[-59.292874213870405,46.01843595066929]]]}},{"type":"Feature","id":"05120","properties":{"MPIO":"05120","DPTO":"05","NOMBRE_MPI":"CACERES","NOMBRE_DPT":"ANTIOQUIA"},"geometry":{"type":"Polygon","coordinates":[[[-62.91389549799325,46.25891085474534],[-62.81244447063636,46.29590699383395],[-62.74220914400467,46.27555911733521],[-62.67587577996362,46.2034166461124],[-62.67977774255427,46.13312398184402],[-62.54125807058621,46.055432089757915],[-62.55101297706283,45.94629347944648],[-62.59393456555998,45.86675178040595],[-62.61539535980855,45.777961046593255],[-62.49248353820309,45.69102011973499],[-62.57442475260673,45.6854706988717],[-62.58222867778803,45.71136799623373],[-62.781228769911166,45.67992127800841],[-62.81634643322701,45.75206374923122],[-63.013395544054816,45.868601587360374],[-63.03095437571274,45.94074405858319],[-63.155817178613525,46.01658614371486],[-63.19483680452002,46.06098151062121],[-63.1382583469556,46.157171472251626],[-62.95096414260442,46.19416761134025],[-62.91389549799325,46.25891085474534]]]}},{"type":"Feature","id":"23580","properties":{"MPIO":"23580","DPTO":"23","NOMBRE_MPI":"PUERTO LIBERTADOR","NOMBRE_DPT":"CORDOBA"},"geometry":{"type":"Polygon","coordinates":[[[-63.71769979166707,45.77981085354769],[-63.81915081902396,45.76686220486667],[-63.81915081902396,45.84270428999834],[-63.85036651974916,45.920396182084446],[-63.82110180031928,46.01843595066929],[-63.76647432405019,46.105376877527554],[-63.60259189524291,46.170120120932644],[-63.645513483740054,46.26631008256306],[-63.583082082289664,46.327353712059285],[-63.51284675565797,46.334752939877006],[-63.38603297146185,46.29590699383395],[-63.347013345555354,46.22931394347444],[-63.30799371964886,46.0961278427554],[-63.4367584851403,46.05913170366678],[-63.49138596140939,45.9592421281275],[-63.71769979166707,45.77981085354769]]]}},{"type":"Feature","id":"54680","properties":{"MPIO":"54680","DPTO":"54","NOMBRE_MPI":"SANTIAGO","NOMBRE_DPT":"NORTE DE SANTANDER"},"geometry":{"type":"Polygon","coordinates":[[[-59.306531082937674,45.97774019767181],[-59.21093299946676,45.970340969854085],[-59.25190360666858,45.93889425162876],[-59.19727613039949,45.912996954266724],[-59.20312907428546,45.82420622045403],[-59.277266363507806,45.80755795786415],[-59.32213893330027,45.84085448304391],[-59.32994285848157,45.949993093355346],[-59.306531082937674,45.97774019767181]]]}},{"type":"Feature","id":"54673","properties":{"MPIO":"54673","DPTO":"54","NOMBRE_MPI":"SAN CAYETANO","NOMBRE_DPT":"NORTE DE SANTANDER"},"geometry":{"type":"Polygon","coordinates":[[[-59.19727613039949,45.912996954266724],[-59.082168233975324,45.89449888472241],[-59.03729566418285,45.864901973451516],[-59.08997215915662,45.82605602740846],[-59.12508982247247,45.72986606577805],[-59.154354541902336,45.742814714459065],[-59.17776631744624,45.82605602740846],[-59.20312907428546,45.82420622045403],[-59.19727613039949,45.912996954266724]]]}},{"type":"Feature","id":"27615","properties":{"MPIO":"27615","DPTO":"27","NOMBRE_MPI":"RIOSUCIO","NOMBRE_DPT":"CHOCO"},"geometry":{"type":"Polygon","coordinates":[[[-65.60234772295084,46.40319579719096],[-65.49309277041264,46.382847920692214],[-65.44431823802952,46.35140120246689],[-65.51845552725187,46.31995448424156],[-65.45992608839212,46.23486336433773],[-65.2687299214503,46.105376877527554],[-65.29604365958484,46.06283131757564],[-65.33506328549134,46.08132938711995],[-65.4657790322781,46.0665309314845],[-65.47943590134537,46.03138459935031],[-65.37018094880719,45.96479154899079],[-65.35262211714927,45.920396182084446],[-65.20044557611392,45.8519533247705],[-65.21995538906718,45.73171587273248],[-65.2843377718129,45.713217803188165],[-65.34286721067264,45.742814714459065],[-65.4735829574594,45.77241162572996],[-65.5360143589098,45.69656954059829],[-65.53991632150044,45.64847455978308],[-65.60820066683681,45.65217417369194],[-65.6550242179246,45.59483015810458],[-65.69209286253577,45.61332822764889],[-65.6706320682872,45.678071471053975],[-65.86377921652436,45.565233246833685],[-65.88719099206826,45.50418961733746],[-65.85402431004773,45.44684560175009],[-65.89304393595424,45.450545215658956],[-65.92621061797476,45.328457956666504],[-65.945720430928,45.3340073775298],[-66.06473028994282,45.35435525402854],[-66.11545580362126,45.28961201062345],[-66.18569113025296,45.26556452021585],[-66.17788720507166,45.38395216529943],[-66.23056370004542,45.45979425043111],[-66.20129898061556,45.51343865210961],[-66.2364166439314,45.62627687632991],[-66.2286127187501,45.7391151005502],[-66.32811276481166,45.76686220486667],[-66.32811276481166,45.83715486913505],[-66.40420103532934,45.92594560294774],[-66.34567159646959,46.00918691589714],[-66.35542650294622,46.04433324803133],[-66.39249514755738,46.1793691557048],[-66.31640687703973,46.20896606697569],[-66.2442205691127,46.16827031397821],[-66.17593622377633,46.049882668894625],[-66.11155384103061,46.070230545393365],[-66.07838715901009,46.13127417488959],[-65.84036744098046,46.31440506337827],[-65.60234772295084,46.40319579719096]]]}},{"type":"Feature","id":"05147","properties":{"MPIO":"05147","DPTO":"05","NOMBRE_MPI":"CAREPA","NOMBRE_DPT":"ANTIOQUIA"},"geometry":{"type":"Polygon","coordinates":[[[-64.97413174585625,46.34400197464916],[-64.83366109259286,46.24966181997318],[-64.70489632710142,46.23486336433773],[-64.64831786953701,46.25521124083647],[-64.60734726233518,46.32920351901372],[-64.54296487958946,46.318104677287124],[-64.59954333715389,46.220064908702284],[-64.84926894295546,46.20156683915797],[-65.03851412860197,46.25336143388204],[-65.03266118471599,46.3162548703327],[-64.97413174585625,46.34400197464916]]]}},{"type":"Feature","id":"54660","properties":{"MPIO":"54660","DPTO":"54","NOMBRE_MPI":"SALAZAR","NOMBRE_DPT":"NORTE DE SANTANDER"},"geometry":{"type":"Polygon","coordinates":[[[-59.32213893330027,45.84085448304391],[-59.277266363507806,45.80755795786415],[-59.32994285848157,45.7391151005502],[-59.390423278636646,45.75021394227679],[-59.44309977361041,45.722466837960326],[-59.66551164127744,45.720617031005894],[-59.702580285888615,45.7446645214135],[-59.69087439811666,45.80940776481858],[-59.525040988014055,45.9296452168566],[-59.44309977361041,45.8760008151781],[-59.44309977361041,45.850103517816066],[-59.32213893330027,45.84085448304391]]]}},{"type":"Feature","id":"54874","properties":{"MPIO":"54874","DPTO":"54","NOMBRE_MPI":"VILLA DEL ROSARIO","NOMBRE_DPT":"NORTE DE SANTANDER"},"geometry":{"type":"Polygon","coordinates":[[[-58.93584463682596,45.86120235954265],[-58.922187767758686,45.80755795786415],[-58.99827603827636,45.70026915450715],[-59.01193290734363,45.620727455466614],[-59.06265842102207,45.622577262421046],[-59.082168233975324,45.63737571805649],[-59.002178000867005,45.735415486641344],[-59.01193290734363,45.80200853700086],[-58.93584463682596,45.86120235954265]]]}},{"type":"Feature","id":"54128","properties":{"MPIO":"54128","DPTO":"54","NOMBRE_MPI":"CACHIRA","NOMBRE_DPT":"NORTE DE SANTANDER"},"geometry":{"type":"Polygon","coordinates":[[[-59.716237154955884,45.898198498631274],[-59.69087439811666,45.80940776481858],[-59.702580285888615,45.7446645214135],[-59.66551164127744,45.720617031005894],[-59.72989402402316,45.670672243236254],[-59.8196391636081,45.67437185714512],[-59.96010981687149,45.69656954059829],[-60.0557079003424,45.69656954059829],[-60.110335376611495,45.642925138919786],[-60.143502058632016,45.622577262421046],[-60.287874674486055,45.68177108496284],[-60.27421780541878,45.72431664491475],[-60.20398247878709,45.77241162572996],[-60.08497261977227,45.78166066050212],[-59.98742355500603,45.80940776481858],[-59.893776452830444,45.864901973451516],[-59.7884234628829,45.833455255226184],[-59.716237154955884,45.898198498631274]]]}},{"type":"Feature","id":"54239","properties":{"MPIO":"54239","DPTO":"54","NOMBRE_MPI":"DURANIA","NOMBRE_DPT":"NORTE DE SANTANDER"},"geometry":{"type":"Polygon","coordinates":[[[-59.277266363507806,45.80755795786415],[-59.20312907428546,45.82420622045403],[-59.17776631744624,45.82605602740846],[-59.154354541902336,45.742814714459065],[-59.218736924648056,45.670672243236254],[-59.31043304552833,45.64477494587422],[-59.32994285848157,45.7391151005502],[-59.277266363507806,45.80755795786415]]]}},{"type":"Feature","id":"54405","properties":{"MPIO":"54405","DPTO":"54","NOMBRE_MPI":"LOS PATIOS","NOMBRE_DPT":"NORTE DE SANTANDER"},"geometry":{"type":"Polygon","coordinates":[[[-59.01193290734363,45.80200853700086],[-59.002178000867005,45.735415486641344],[-59.082168233975324,45.63737571805649],[-59.14069767283507,45.67252205019068],[-59.11728589729117,45.70951818927931],[-59.050952533250125,45.735415486641344],[-59.01193290734363,45.80200853700086]]]}},{"type":"Feature","id":"54385","properties":{"MPIO":"54385","DPTO":"54","NOMBRE_MPI":"LA ESPERANZA","NOMBRE_DPT":"NORTE DE SANTANDER"},"geometry":{"type":"Polygon","coordinates":[[[-59.893776452830444,45.864901973451516],[-59.98742355500603,45.80940776481858],[-60.08497261977227,45.78166066050212],[-60.20398247878709,45.77241162572996],[-60.27421780541878,45.72431664491475],[-60.287874674486055,45.68177108496284],[-60.36396294500372,45.68362089191727],[-60.45370808458866,45.722466837960326],[-60.527845373811004,45.82605602740846],[-60.58052186878478,45.85380313172493],[-60.51028654215308,45.85935255258822],[-60.35811000111775,45.80940776481858],[-60.27811976800943,45.813107378727445],[-60.17081579676657,45.900048305585706],[-59.893776452830444,45.864901973451516]]]}},{"type":"Feature","id":"05172","properties":{"MPIO":"05172","DPTO":"05","NOMBRE_MPI":"CHIGORODO","NOMBRE_DPT":"ANTIOQUIA"},"geometry":{"type":"Polygon","coordinates":[[[-65.03851412860197,46.25336143388204],[-64.84926894295546,46.20156683915797],[-64.59954333715389,46.220064908702284],[-64.64246492565103,46.09427803580097],[-64.62685707528843,46.04618305498576],[-64.76342576596117,45.93889425162876],[-64.84731796166014,45.93149502381103],[-64.90974936311054,46.005487301988275],[-64.92925917606378,46.0720803523478],[-65.04241609119262,46.140523209661744],[-65.01900431564871,46.177519348750366],[-65.03851412860197,46.25336143388204]]]}},{"type":"Feature","id":"05790","properties":{"MPIO":"05790","DPTO":"05","NOMBRE_MPI":"TARAZA","NOMBRE_DPT":"ANTIOQUIA"},"geometry":{"type":"Polygon","coordinates":[[[-63.30799371964886,46.0961278427554],[-63.19483680452002,46.06098151062121],[-63.155817178613525,46.01658614371486],[-63.03095437571274,45.94074405858319],[-63.013395544054816,45.868601587360374],[-62.81634643322701,45.75206374923122],[-62.781228769911166,45.67992127800841],[-62.86512096561013,45.56893286074254],[-62.96852297426234,45.56708305378811],[-62.92950334835585,45.66512282237296],[-62.88463077856338,45.698419347552715],[-62.956817086490396,45.75391355618565],[-63.08948381457248,45.70951818927931],[-63.26312114985639,45.722466837960326],[-63.29043488799094,45.692869926689426],[-63.35481727073666,45.75576336314008],[-63.551866381564466,45.77611123963882],[-63.71769979166707,45.77981085354769],[-63.49138596140939,45.9592421281275],[-63.4367584851403,46.05913170366678],[-63.30799371964886,46.0961278427554]]]}},{"type":"Feature","id":"54099","properties":{"MPIO":"54099","DPTO":"54","NOMBRE_MPI":"BOCHALEMA","NOMBRE_DPT":"NORTE DE SANTANDER"},"geometry":{"type":"Polygon","coordinates":[[[-59.154354541902336,45.742814714459065],[-59.12508982247247,45.72986606577805],[-59.11728589729117,45.70951818927931],[-59.14069767283507,45.67252205019068],[-59.226540849829355,45.576332088560264],[-59.212883980762086,45.565233246833685],[-59.32604089589093,45.53378652860835],[-59.36115855920677,45.555984212061524],[-59.35725659661612,45.635525911102064],[-59.31043304552833,45.64477494587422],[-59.218736924648056,45.670672243236254],[-59.154354541902336,45.742814714459065]]]}},{"type":"Feature","id":"68615","properties":{"MPIO":"68615","DPTO":"68","NOMBRE_MPI":"RIONEGRO","NOMBRE_DPT":"SANTANDER"},"geometry":{"type":"Polygon","coordinates":[[[-60.75806116665933,45.883400042995824],[-60.58052186878478,45.85380313172493],[-60.527845373811004,45.82605602740846],[-60.45370808458866,45.722466837960326],[-60.36396294500372,45.68362089191727],[-60.287874674486055,45.68177108496284],[-60.143502058632016,45.622577262421046],[-60.110335376611495,45.642925138919786],[-60.09277654495357,45.620727455466614],[-60.143502058632016,45.56708305378811],[-60.07326673200033,45.55228459815267],[-60.04205103127513,45.51343865210961],[-59.98157061112006,45.506039424291885],[-59.87426663987719,45.535636335562785],[-59.901580378011744,45.47274289911213],[-59.973766685938756,45.42279811134249],[-59.93864902262291,45.400600427889316],[-59.90548234060239,45.308110080167765],[-60.01278631184526,45.28776220366902],[-60.0557079003424,45.293311624532315],[-60.11423733920215,45.31735911493992],[-60.16886481547124,45.43944637393237],[-60.23714916080761,45.441296180886795],[-60.239100142102934,45.506039424291885],[-60.272266824123456,45.50788923124632],[-60.350306075936444,45.543035563380506],[-60.39127668313827,45.61332822764889],[-60.45175710329334,45.63367610414763],[-60.50443359826711,45.70026915450715],[-60.619541494691276,45.7391151005502],[-60.62344345728192,45.77611123963882],[-60.69172780261829,45.82605602740846],[-60.761963129249985,45.835305062180616],[-60.75806116665933,45.883400042995824]]]}},{"type":"Feature","id":"54051","properties":{"MPIO":"54051","DPTO":"54","NOMBRE_MPI":"ARBOLEDAS","NOMBRE_DPT":"NORTE DE SANTANDER"},"geometry":{"type":"Polygon","coordinates":[[[-59.66551164127744,45.720617031005894],[-59.44309977361041,45.722466837960326],[-59.390423278636646,45.75021394227679],[-59.32994285848157,45.7391151005502],[-59.31043304552833,45.64477494587422],[-59.35725659661612,45.635525911102064],[-59.44114879231509,45.63922552501092],[-59.5601586513299,45.520837879927335],[-59.63429594055224,45.50233981038302],[-59.64990379091484,45.52638730079063],[-59.700629304593285,45.56153363292482],[-59.72989402402316,45.670672243236254],[-59.66551164127744,45.720617031005894]]]}},{"type":"Feature","id":"05895","properties":{"MPIO":"05895","DPTO":"05","NOMBRE_MPI":"ZARAGOZA","NOMBRE_DPT":"ANTIOQUIA"},"geometry":{"type":"Polygon","coordinates":[[[-62.18813045613242,45.990688846352825],[-62.15886573670255,45.98698923244397],[-62.19008143742774,45.914846761221156],[-62.256414801468786,45.86675178040595],[-62.1861794748371,45.72616645186918],[-62.14130690504462,45.69102011973499],[-62.0691205971176,45.68362089191727],[-62.016444102143836,45.63367610414763],[-62.34811092234905,45.59667996505901],[-62.433954099343346,45.57263247465141],[-62.3988364360275,45.605928999831164],[-62.4066403612088,45.7150676101426],[-62.49248353820309,45.69102011973499],[-62.61539535980855,45.777961046593255],[-62.59393456555998,45.86675178040595],[-62.41834624898075,45.91114714731229],[-62.359816810121,45.962941742036364],[-62.24665989499216,45.95739232117307],[-62.18813045613242,45.990688846352825]]]}},{"type":"Feature","id":"68655","properties":{"MPIO":"68655","DPTO":"68","NOMBRE_MPI":"SABANA DE TORRES","NOMBRE_DPT":"SANTANDER"},"geometry":{"type":"Polygon","coordinates":[[[-60.272266824123456,45.50788923124632],[-60.287874674486055,45.46349386433997],[-60.37176687018502,45.378402744436144],[-60.56296303712685,45.32290853580321],[-60.58052186878478,45.38950158616273],[-60.68782584002764,45.500490003428595],[-60.78927686738453,45.555984212061524],[-60.74245331629673,45.62442706937547],[-60.81659060551908,45.6854706988717],[-60.70733565298089,45.698419347552715],[-60.777570979612584,45.77611123963882],[-60.761963129249985,45.835305062180616],[-60.69172780261829,45.82605602740846],[-60.62344345728192,45.77611123963882],[-60.619541494691276,45.7391151005502],[-60.50443359826711,45.70026915450715],[-60.45175710329334,45.63367610414763],[-60.39127668313827,45.61332822764889],[-60.350306075936444,45.543035563380506],[-60.272266824123456,45.50788923124632]]]}},{"type":"Feature","id":"54172","properties":{"MPIO":"54172","DPTO":"54","NOMBRE_MPI":"CHINACOTA","NOMBRE_DPT":"NORTE DE SANTANDER"},"geometry":{"type":"Polygon","coordinates":[[[-59.14069767283507,45.67252205019068],[-59.082168233975324,45.63737571805649],[-59.06265842102207,45.622577262421046],[-59.107530990814546,45.56708305378811],[-59.10167804692857,45.528237107745056],[-59.09387412174727,45.465343671294406],[-59.16215846708364,45.44684560175009],[-59.212883980762086,45.565233246833685],[-59.226540849829355,45.576332088560264],[-59.14069767283507,45.67252205019068]]]}},{"type":"Feature","id":"54599","properties":{"MPIO":"54599","DPTO":"54","NOMBRE_MPI":"RAGONVALIA","NOMBRE_DPT":"NORTE DE SANTANDER"},"geometry":{"type":"Polygon","coordinates":[[[-59.06265842102207,45.622577262421046],[-59.01193290734363,45.620727455466614],[-59.00803094475298,45.52268768688177],[-59.10167804692857,45.528237107745056],[-59.107530990814546,45.56708305378811],[-59.06265842102207,45.622577262421046]]]}},{"type":"Feature","id":"68780","properties":{"MPIO":"68780","DPTO":"68","NOMBRE_MPI":"SURATA","NOMBRE_DPT":"SANTANDER"},"geometry":{"type":"Polygon","coordinates":[[[-59.72989402402316,45.670672243236254],[-59.700629304593285,45.56153363292482],[-59.76306070604368,45.47459270606656],[-59.7962273880642,45.5245374938362],[-59.87426663987719,45.535636335562785],[-59.87426663987719,45.57448228160584],[-59.813786219722125,45.63737571805649],[-59.8196391636081,45.67437185714512],[-59.72989402402316,45.670672243236254]]]}},{"type":"Feature","id":"54223","properties":{"MPIO":"54223","DPTO":"54","NOMBRE_MPI":"CUCUTILLA","NOMBRE_DPT":"NORTE DE SANTANDER"},"geometry":{"type":"Polygon","coordinates":[[[-59.32604089589093,45.53378652860835],[-59.33384482107222,45.46904328520326],[-59.48992332469821,45.42464791829692],[-59.52309000671873,45.398750620934884],[-59.5679625765112,45.3876517792083],[-59.597227295941074,45.40245023484375],[-59.63429594055224,45.50233981038302],[-59.5601586513299,45.520837879927335],[-59.44114879231509,45.63922552501092],[-59.35725659661612,45.635525911102064],[-59.36115855920677,45.555984212061524],[-59.32604089589093,45.53378652860835]]]}},{"type":"Feature","id":"68255","properties":{"MPIO":"68255","DPTO":"68","NOMBRE_MPI":"EL PLAYON","NOMBRE_DPT":"SANTANDER"},"geometry":{"type":"Polygon","coordinates":[[[-59.8196391636081,45.67437185714512],[-59.813786219722125,45.63737571805649],[-59.87426663987719,45.57448228160584],[-59.87426663987719,45.535636335562785],[-59.98157061112006,45.506039424291885],[-60.04205103127513,45.51343865210961],[-60.07326673200033,45.55228459815267],[-60.143502058632016,45.56708305378811],[-60.09277654495357,45.620727455466614],[-60.110335376611495,45.642925138919786],[-60.0557079003424,45.69656954059829],[-59.96010981687149,45.69656954059829],[-59.8196391636081,45.67437185714512]]]}},{"type":"Feature","id":"54520","properties":{"MPIO":"54520","DPTO":"54","NOMBRE_MPI":"PAMPLONITA","NOMBRE_DPT":"NORTE DE SANTANDER"},"geometry":{"type":"Polygon","coordinates":[[[-59.32604089589093,45.53378652860835],[-59.212883980762086,45.565233246833685],[-59.16215846708364,45.44684560175009],[-59.13484472894909,45.39505100702603],[-59.18752122392286,45.38950158616273],[-59.26165851314521,45.40799965570704],[-59.33384482107222,45.46904328520326],[-59.32604089589093,45.53378652860835]]]}},{"type":"Feature","id":"54347","properties":{"MPIO":"54347","DPTO":"54","NOMBRE_MPI":"HERRAN","NOMBRE_DPT":"NORTE DE SANTANDER"},"geometry":{"type":"Polygon","coordinates":[[[-59.10167804692857,45.528237107745056],[-59.00803094475298,45.52268768688177],[-59.03144272029688,45.485691547793145],[-58.97486426273246,45.38210235834501],[-59.09387412174727,45.465343671294406],[-59.10167804692857,45.528237107745056]]]}},{"type":"Feature","id":"13670","properties":{"MPIO":"13670","DPTO":"13","NOMBRE_MPI":"SAN PABLO","NOMBRE_DPT":"BOLIVAR"},"geometry":{"type":"Polygon","coordinates":[[[-60.95120831489649,45.69656954059829],[-61.02144364152818,45.655873787600804],[-61.02534560411883,45.622577262421046],[-61.13655153795234,45.62997649023877],[-61.24580649049054,45.570782667696974],[-61.35115948043808,45.58743093028686],[-61.38627714375392,45.528237107745056],[-61.59893410494433,45.45979425043111],[-61.55601251644718,45.36915370966399],[-61.60283606753498,45.29146181757788],[-61.60868901142095,45.21931934635507],[-61.71404200136849,45.248916257625964],[-61.70623807618719,45.284062589760154],[-61.76281653375161,45.4172486904792],[-61.73940475820771,45.48939116170201],[-61.72964985173109,45.565233246833685],[-61.653561581213424,45.59667996505901],[-61.64965961862277,45.655873787600804],[-61.187277051630794,45.713217803188165],[-61.122894668885074,45.687320505826136],[-60.95120831489649,45.69656954059829]]]}},{"type":"Feature","id":"68132","properties":{"MPIO":"68132","DPTO":"68","NOMBRE_MPI":"CALIFORNIA","NOMBRE_DPT":"SANTANDER"},"geometry":{"type":"Polygon","coordinates":[[[-59.64990379091484,45.52638730079063],[-59.71428617366056,45.3876517792083],[-59.749403836976406,45.365454095755126],[-59.77866855640628,45.400600427889316],[-59.76306070604368,45.47459270606656],[-59.700629304593285,45.56153363292482],[-59.64990379091484,45.52638730079063]]]}},{"type":"Feature","id":"27372","properties":{"MPIO":"27372","DPTO":"27","NOMBRE_MPI":"JURADO","NOMBRE_DPT":"CHOCO"},"geometry":{"type":"Polygon","coordinates":[[[-66.35542650294622,46.04433324803133],[-66.34567159646959,46.00918691589714],[-66.40420103532934,45.92594560294774],[-66.32811276481166,45.83715486913505],[-66.32811276481166,45.76686220486667],[-66.2286127187501,45.7391151005502],[-66.2364166439314,45.62627687632991],[-66.20129898061556,45.51343865210961],[-66.23056370004542,45.45979425043111],[-66.17788720507166,45.38395216529943],[-66.18569113025296,45.26556452021585],[-66.11545580362126,45.28961201062345],[-66.06473028994282,45.35435525402854],[-65.945720430928,45.3340073775298],[-66.04131851439892,45.29516143148675],[-66.11350482232594,45.23041818808166],[-66.1817891676623,45.186022821175314],[-66.2286127187501,45.32475834275764],[-66.37883827849011,45.415398883524766],[-66.4256618295779,45.42279811134249],[-66.40029907273869,45.48199193388428],[-66.34567159646959,45.52268768688177],[-66.42761281087323,45.62442706937547],[-66.48224028714233,45.642925138919786],[-66.61880897781506,45.73726529359577],[-66.66953449149351,45.80385834395529],[-66.62271094040571,45.91114714731229],[-66.52711285693479,46.01658614371486],[-66.35542650294622,46.04433324803133]]]}},{"type":"Feature","id":"05736","properties":{"MPIO":"05736","DPTO":"05","NOMBRE_MPI":"SEGOVIA","NOMBRE_DPT":"ANTIOQUIA"},"geometry":{"type":"Polygon","coordinates":[[[-61.95206171939812,45.655873787600804],[-61.85061069204123,45.570782667696974],[-61.79793419706746,45.58003170246913],[-61.71209102007317,45.67622166409954],[-61.65941452509939,45.70951818927931],[-61.64965961862277,45.655873787600804],[-61.653561581213424,45.59667996505901],[-61.72964985173109,45.565233246833685],[-61.73940475820771,45.48939116170201],[-62.01254213955319,45.42464791829692],[-62.1159441482054,45.38395216529943],[-62.145208867635276,45.328457956666504],[-62.264218726650086,45.39505100702603],[-62.35786582882568,45.40430004179818],[-62.36566975400698,45.450545215658956],[-62.449561949705945,45.528237107745056],[-62.433954099343346,45.57263247465141],[-62.34811092234905,45.59667996505901],[-62.016444102143836,45.63367610414763],[-61.95206171939812,45.655873787600804]]]}},{"type":"Feature","id":"68867","properties":{"MPIO":"68867","DPTO":"68","NOMBRE_MPI":"VETAS","NOMBRE_DPT":"SANTANDER"},"geometry":{"type":"Polygon","coordinates":[[[-59.63429594055224,45.50233981038302],[-59.597227295941074,45.40245023484375],[-59.5679625765112,45.3876517792083],[-59.573815520397176,45.343256412301955],[-59.62454103407562,45.300710852350036],[-59.628442996666266,45.298861045395604],[-59.667462622572764,45.33770699143866],[-59.749403836976406,45.365454095755126],[-59.71428617366056,45.3876517792083],[-59.64990379091484,45.52638730079063],[-59.63429594055224,45.50233981038302]]]}},{"type":"Feature","id":"54820","properties":{"MPIO":"54820","DPTO":"54","NOMBRE_MPI":"TOLEDO","NOMBRE_DPT":"NORTE DE SANTANDER"},"geometry":{"type":"Polygon","coordinates":[[[-59.09387412174727,45.465343671294406],[-58.97486426273246,45.38210235834501],[-58.88511912314752,45.343256412301955],[-58.70953080656828,45.343256412301955],[-58.61978566698334,45.3044104662589],[-58.65490333029919,45.20637069767405],[-58.5378444525797,44.95849656578029],[-58.713432769158935,44.98809347705119],[-58.762207301542055,44.9473977240537],[-58.85975636630829,44.96219617968915],[-58.92023678646336,45.058386141319566],[-59.082168233975324,45.136078033405674],[-59.03924664547817,45.20452089071962],[-59.07046234620337,45.23966722285381],[-59.10167804692857,45.38950158616273],[-59.13484472894909,45.39505100702603],[-59.16215846708364,45.44684560175009],[-59.09387412174727,45.465343671294406]]]}},{"type":"Feature","id":"68444","properties":{"MPIO":"68444","DPTO":"68","NOMBRE_MPI":"MATANZA","NOMBRE_DPT":"SANTANDER"},"geometry":{"type":"Polygon","coordinates":[[[-59.87426663987719,45.535636335562785],[-59.7962273880642,45.5245374938362],[-59.76306070604368,45.47459270606656],[-59.77866855640628,45.400600427889316],[-59.749403836976406,45.365454095755126],[-59.86841369599122,45.30995988712219],[-59.88792350894447,45.263714713261415],[-59.90548234060239,45.308110080167765],[-59.93864902262291,45.400600427889316],[-59.973766685938756,45.42279811134249],[-59.901580378011744,45.47274289911213],[-59.87426663987719,45.535636335562785]]]}},{"type":"Feature","id":"13160","properties":{"MPIO":"13160","DPTO":"13","NOMBRE_MPI":"CANTAGALLO","NOMBRE_DPT":"BOLIVAR"},"geometry":{"type":"Polygon","coordinates":[[[-61.083875042978576,45.45239502261339],[-61.54235564737991,45.213769925491775],[-61.56186546033315,45.21561973244621],[-61.60868901142095,45.21931934635507],[-61.60283606753498,45.29146181757788],[-61.55601251644718,45.36915370966399],[-61.59893410494433,45.45979425043111],[-61.38627714375392,45.528237107745056],[-61.35115948043808,45.58743093028686],[-61.24580649049054,45.570782667696974],[-61.13655153795234,45.62997649023877],[-61.02534560411883,45.622577262421046],[-61.027296585414156,45.565233246833685],[-61.083875042978576,45.45239502261339]]]}},{"type":"Feature","id":"54518","properties":{"MPIO":"54518","DPTO":"54","NOMBRE_MPI":"PAMPLONA","NOMBRE_DPT":"NORTE DE SANTANDER"},"geometry":{"type":"Polygon","coordinates":[[[-59.18752122392286,45.38950158616273],[-59.19922711169481,45.328457956666504],[-59.15045257931169,45.284062589760154],[-59.19922711169481,45.24521664371711],[-59.242148700191954,45.313659501031054],[-59.35725659661612,45.328457956666504],[-59.37481542827405,45.37470313052728],[-59.52309000671873,45.398750620934884],[-59.48992332469821,45.42464791829692],[-59.33384482107222,45.46904328520326],[-59.26165851314521,45.40799965570704],[-59.18752122392286,45.38950158616273]]]}},{"type":"Feature","id":"05040","properties":{"MPIO":"05040","DPTO":"05","NOMBRE_MPI":"ANORI","NOMBRE_DPT":"ANTIOQUIA"},"geometry":{"type":"Polygon","coordinates":[[[-62.49248353820309,45.69102011973499],[-62.4066403612088,45.7150676101426],[-62.3988364360275,45.605928999831164],[-62.433954099343346,45.57263247465141],[-62.611493397217906,45.44869540870452],[-62.68563068644025,45.35990467489183],[-62.699287555507524,45.30256065930447],[-62.86902292820078,45.22671857417279],[-62.923650404469875,45.272963748033575],[-62.99193474980624,45.3044104662589],[-62.95096414260442,45.34140660534752],[-62.95486610519507,45.41909849743362],[-63.02315045053144,45.506039424291885],[-63.021199469236116,45.53933594947165],[-62.99388573110157,45.56153363292482],[-62.96852297426234,45.56708305378811],[-62.86512096561013,45.56893286074254],[-62.781228769911166,45.67992127800841],[-62.58222867778803,45.71136799623373],[-62.57442475260673,45.6854706988717],[-62.49248353820309,45.69102011973499]]]}},{"type":"Feature","id":"05854","properties":{"MPIO":"05854","DPTO":"05","NOMBRE_MPI":"VALDIVIA","NOMBRE_DPT":"ANTIOQUIA"},"geometry":{"type":"Polygon","coordinates":[[[-62.96852297426234,45.56708305378811],[-62.99388573110157,45.56153363292482],[-63.04851320737066,45.578181895514696],[-63.148013253432225,45.48754135474758],[-63.245562318198466,45.435746760023505],[-63.228003486540544,45.578181895514696],[-63.2241015239499,45.655873787600804],[-63.29043488799094,45.692869926689426],[-63.26312114985639,45.722466837960326],[-63.08948381457248,45.70951818927931],[-62.956817086490396,45.75391355618565],[-62.88463077856338,45.698419347552715],[-62.92950334835585,45.66512282237296],[-62.96852297426234,45.56708305378811]]]}},{"type":"Feature","id":"05361","properties":{"MPIO":"05361","DPTO":"05","NOMBRE_MPI":"ITUANGO","NOMBRE_DPT":"ANTIOQUIA"},"geometry":{"type":"Polygon","coordinates":[[[-63.81915081902396,45.76686220486667],[-63.71769979166707,45.77981085354769],[-63.551866381564466,45.77611123963882],[-63.35481727073666,45.75576336314008],[-63.29043488799094,45.692869926689426],[-63.2241015239499,45.655873787600804],[-63.228003486540544,45.578181895514696],[-63.284581944104964,45.58188150942356],[-63.405542784415104,45.5485849842438],[-63.55381736285979,45.46349386433997],[-63.6728272218746,45.441296180886795],[-63.805493949956684,45.54673517728937],[-63.79573904348006,45.59852977201344],[-63.856219463635135,45.585581123332425],[-63.934258715448124,45.520837879927335],[-64.0103469859658,45.56708305378811],[-64.1605725457058,45.56708305378811],[-64.39859226373542,45.7391151005502],[-64.50004329109233,45.84455409695278],[-64.4278569831653,45.78721008136541],[-63.98888619171722,45.76131278400337],[-63.81915081902396,45.76686220486667]]]}},{"type":"Feature","id":"68406","properties":{"MPIO":"68406","DPTO":"68","NOMBRE_MPI":"LEBRIJA","NOMBRE_DPT":"SANTANDER"},"geometry":{"type":"Polygon","coordinates":[[[-60.37176687018502,45.378402744436144],[-60.287874674486055,45.46349386433997],[-60.272266824123456,45.50788923124632],[-60.239100142102934,45.506039424291885],[-60.23714916080761,45.441296180886795],[-60.16886481547124,45.43944637393237],[-60.11423733920215,45.31735911493992],[-60.0557079003424,45.293311624532315],[-60.11423733920215,45.106481122134774],[-60.20398247878709,45.14902668208669],[-60.18837462842449,45.17677378640315],[-60.295678599667355,45.26926413412471],[-60.37176687018502,45.378402744436144]]]}},{"type":"Feature","id":"54377","properties":{"MPIO":"54377","DPTO":"54","NOMBRE_MPI":"LABATECA","NOMBRE_DPT":"NORTE DE SANTANDER"},"geometry":{"type":"Polygon","coordinates":[[[-59.13484472894909,45.39505100702603],[-59.10167804692857,45.38950158616273],[-59.07046234620337,45.23966722285381],[-59.03924664547817,45.20452089071962],[-59.082168233975324,45.136078033405674],[-59.22458986853403,45.16382513772214],[-59.19922711169481,45.24521664371711],[-59.15045257931169,45.284062589760154],[-59.19922711169481,45.328457956666504],[-59.18752122392286,45.38950158616273],[-59.13484472894909,45.39505100702603]]]}},{"type":"Feature","id":"54480","properties":{"MPIO":"54480","DPTO":"54","NOMBRE_MPI":"MUTISCUA","NOMBRE_DPT":"NORTE DE SANTANDER"},"geometry":{"type":"Polygon","coordinates":[[[-59.5679625765112,45.3876517792083],[-59.52309000671873,45.398750620934884],[-59.37481542827405,45.37470313052728],[-59.35725659661612,45.328457956666504],[-59.411884072885215,45.272963748033575],[-59.484070380812234,45.28221278280573],[-59.573815520397176,45.343256412301955],[-59.5679625765112,45.3876517792083]]]}},{"type":"Feature","id":"68169","properties":{"MPIO":"68169","DPTO":"68","NOMBRE_MPI":"CHARTA","NOMBRE_DPT":"SANTANDER"},"geometry":{"type":"Polygon","coordinates":[[[-59.749403836976406,45.365454095755126],[-59.667462622572764,45.33770699143866],[-59.628442996666266,45.298861045395604],[-59.751354818271736,45.29701123844117],[-59.87621762117252,45.26001509935256],[-59.88792350894447,45.263714713261415],[-59.86841369599122,45.30995988712219],[-59.749403836976406,45.365454095755126]]]}},{"type":"Feature","id":"54125","properties":{"MPIO":"54125","DPTO":"54","NOMBRE_MPI":"CACOTA","NOMBRE_DPT":"NORTE DE SANTANDER"},"geometry":{"type":"Polygon","coordinates":[[[-59.411884072885215,45.272963748033575],[-59.35725659661612,45.328457956666504],[-59.242148700191954,45.313659501031054],[-59.19922711169481,45.24521664371711],[-59.32604089589093,45.213769925491775],[-59.38261935345534,45.258165292398125],[-59.411884072885215,45.272963748033575]]]}},{"type":"Feature","id":"54743","properties":{"MPIO":"54743","DPTO":"54","NOMBRE_MPI":"SILOS","NOMBRE_DPT":"NORTE DE SANTANDER"},"geometry":{"type":"Polygon","coordinates":[[[-59.62454103407562,45.300710852350036],[-59.573815520397176,45.343256412301955],[-59.484070380812234,45.28221278280573],[-59.411884072885215,45.272963748033575],[-59.38261935345534,45.258165292398125],[-59.37286444697872,45.21007031158291],[-59.445050754905736,45.150876489041124],[-59.4977272498795,45.03803826482083],[-59.62454103407562,45.0898328595449],[-59.66160967868679,45.11757996386136],[-59.5913743520551,45.1971216629019],[-59.62454103407562,45.300710852350036]]]}},{"type":"Feature","id":"05031","properties":{"MPIO":"05031","DPTO":"05","NOMBRE_MPI":"AMALFI","NOMBRE_DPT":"ANTIOQUIA"},"geometry":{"type":"Polygon","coordinates":[[[-62.433954099343346,45.57263247465141],[-62.449561949705945,45.528237107745056],[-62.36566975400698,45.450545215658956],[-62.35786582882568,45.40430004179818],[-62.385179566960225,45.26556452021585],[-62.4222482115714,45.21192011853735],[-62.586130640378684,45.073184596955016],[-62.64466007923843,45.123129384724656],[-62.699287555507524,45.0842834386816],[-62.79878760156909,45.09538228040819],[-62.88463077856338,45.15272629599555],[-62.86902292820078,45.22671857417279],[-62.699287555507524,45.30256065930447],[-62.68563068644025,45.35990467489183],[-62.611493397217906,45.44869540870452],[-62.433954099343346,45.57263247465141]]]}},{"type":"Feature","id":"05893","properties":{"MPIO":"05893","DPTO":"05","NOMBRE_MPI":"YONDO","NOMBRE_DPT":"ANTIOQUIA"},"geometry":{"type":"Polygon","coordinates":[[[-61.083875042978576,45.45239502261339],[-61.09558093075053,45.363604288800694],[-61.09558093075053,45.274813554988],[-61.04875737966273,45.18232320726645],[-61.140453500542996,45.123129384724656],[-61.32384574230353,45.06393556218286],[-61.437002657432366,44.9769946353246],[-61.57942429199108,44.928899654509394],[-61.75306162727499,44.85305756937772],[-61.78427732800019,44.85675718328658],[-61.81744401002071,44.93999849623598],[-61.87402246758513,44.980694249233466],[-61.88377737406175,45.073184596955016],[-61.80378714095343,45.07503440390945],[-61.73940475820771,45.14717687513226],[-61.671120412871346,45.15457610294998],[-61.56186546033315,45.21561973244621],[-61.54235564737991,45.213769925491775],[-61.083875042978576,45.45239502261339]]]}},{"type":"Feature","id":"68307","properties":{"MPIO":"68307","DPTO":"68","NOMBRE_MPI":"GIRON","NOMBRE_DPT":"SANTANDER"},"geometry":{"type":"Polygon","coordinates":[[[-60.0557079003424,45.293311624532315],[-60.01278631184526,45.28776220366902],[-60.040100049979806,45.1619753307677],[-59.99717846148266,45.14162745426896],[-59.98547257371071,45.086133245636034],[-59.98742355500603,44.978844442279026],[-60.10058047013487,44.96959540750687],[-60.15520794640397,45.01399077441322],[-60.17081579676657,45.08058382477274],[-60.3464041133458,45.19527185594747],[-60.50833556085776,45.26741432717028],[-60.520041448629705,45.26926413412471],[-60.59612971914737,45.3044104662589],[-60.56296303712685,45.32290853580321],[-60.37176687018502,45.378402744436144],[-60.295678599667355,45.26926413412471],[-60.18837462842449,45.17677378640315],[-60.20398247878709,45.14902668208669],[-60.11423733920215,45.106481122134774],[-60.0557079003424,45.293311624532315]]]}},{"type":"Feature","id":"05604","properties":{"MPIO":"05604","DPTO":"05","NOMBRE_MPI":"REMEDIOS","NOMBRE_DPT":"ANTIOQUIA"},"geometry":{"type":"Polygon","coordinates":[[[-62.35786582882568,45.40430004179818],[-62.264218726650086,45.39505100702603],[-62.145208867635276,45.328457956666504],[-62.1159441482054,45.38395216529943],[-62.01254213955319,45.42464791829692],[-61.73940475820771,45.48939116170201],[-61.76281653375161,45.4172486904792],[-61.70623807618719,45.284062589760154],[-61.71404200136849,45.248916257625964],[-61.60868901142095,45.21931934635507],[-61.56186546033315,45.21561973244621],[-61.671120412871346,45.15457610294998],[-61.73940475820771,45.14717687513226],[-61.80378714095343,45.07503440390945],[-61.88377737406175,45.073184596955016],[-61.87402246758513,44.980694249233466],[-61.97157153235136,44.9473977240537],[-62.0691205971176,44.96404598664358],[-62.07107157841293,45.03248884395753],[-62.04570882157371,45.108330929089206],[-62.06716961582228,45.158275716858846],[-62.17252260576982,45.1619753307677],[-62.24470891369684,45.136078033405674],[-62.33250307198646,45.14717687513226],[-62.385179566960225,45.26556452021585],[-62.35786582882568,45.40430004179818]]]}},{"type":"Feature","id":"68820","properties":{"MPIO":"68820","DPTO":"68","NOMBRE_MPI":"TONA","NOMBRE_DPT":"SANTANDER"},"geometry":{"type":"Polygon","coordinates":[[[-59.628442996666266,45.298861045395604],[-59.62454103407562,45.300710852350036],[-59.5913743520551,45.1971216629019],[-59.66160967868679,45.11757996386136],[-59.74745285568108,45.16012552381328],[-59.81768818231278,45.16567494467657],[-59.86451173340057,45.208220504628486],[-59.87621762117252,45.26001509935256],[-59.751354818271736,45.29701123844117],[-59.628442996666266,45.298861045395604]]]}},{"type":"Feature","id":"05887","properties":{"MPIO":"05887","DPTO":"05","NOMBRE_MPI":"YARUMAL","NOMBRE_DPT":"ANTIOQUIA"},"geometry":{"type":"Polygon","coordinates":[[[-62.99388573110157,45.56153363292482],[-63.021199469236116,45.53933594947165],[-63.068023020323906,45.52638730079063],[-63.034856338303385,45.45609463652225],[-63.13630736566028,45.284062589760154],[-63.325552551306785,45.156425909904414],[-63.33140549519276,45.13052861254238],[-63.37042512109926,45.20267108376519],[-63.46212124197952,45.248916257625964],[-63.41919965348237,45.32290853580321],[-63.487483998818746,45.38950158616273],[-63.41919965348237,45.4172486904792],[-63.347013345555354,45.38950158616273],[-63.245562318198466,45.435746760023505],[-63.148013253432225,45.48754135474758],[-63.04851320737066,45.578181895514696],[-62.99388573110157,45.56153363292482]]]}},{"type":"Feature","id":"54174","properties":{"MPIO":"54174","DPTO":"54","NOMBRE_MPI":"CHITAGA","NOMBRE_DPT":"NORTE DE SANTANDER"},"geometry":{"type":"Polygon","coordinates":[[[-59.38261935345534,45.258165292398125],[-59.32604089589093,45.213769925491775],[-59.19922711169481,45.24521664371711],[-59.22458986853403,45.16382513772214],[-59.082168233975324,45.136078033405674],[-58.92023678646336,45.058386141319566],[-58.85975636630829,44.96219617968915],[-58.95145248718856,44.87340544587646],[-59.02949173900155,44.85305756937772],[-59.171913373560265,44.90300235714736],[-59.244099681487285,44.901152550192926],[-59.22458986853403,44.95479695187143],[-59.2694624383265,45.00474173964106],[-59.40603112899924,45.00289193268664],[-59.4977272498795,45.03803826482083],[-59.445050754905736,45.150876489041124],[-59.37286444697872,45.21007031158291],[-59.38261935345534,45.258165292398125]]]}},{"type":"Feature","id":"68001","properties":{"MPIO":"68001","DPTO":"68","NOMBRE_MPI":"BUCARAMANGA","NOMBRE_DPT":"SANTANDER"},"geometry":{"type":"Polygon","coordinates":[[[-60.01278631184526,45.28776220366902],[-59.90548234060239,45.308110080167765],[-59.88792350894447,45.263714713261415],[-59.87621762117252,45.26001509935256],[-59.86451173340057,45.208220504628486],[-59.99717846148266,45.14162745426896],[-60.040100049979806,45.1619753307677],[-60.01278631184526,45.28776220366902]]]}},{"type":"Feature","id":"68081","properties":{"MPIO":"68081","DPTO":"68","NOMBRE_MPI":"BARRANCABERMEJA","NOMBRE_DPT":"SANTANDER"},"geometry":{"type":"Polygon","coordinates":[[[-61.09558093075053,45.363604288800694],[-61.029247566709486,45.3580548679374],[-60.86926710049285,45.39320120007159],[-60.75611018536401,45.38395216529943],[-60.59612971914737,45.3044104662589],[-60.520041448629705,45.26926413412471],[-60.802933736451806,45.09908189431705],[-60.79708079256583,45.04173787872969],[-60.923894576761946,45.00844135354993],[-61.02144364152818,45.11018073604364],[-61.09558093075053,45.10463131518034],[-61.13460055665702,45.058386141319566],[-61.32384574230353,45.06393556218286],[-61.140453500542996,45.123129384724656],[-61.04875737966273,45.18232320726645],[-61.09558093075053,45.274813554988],[-61.09558093075053,45.363604288800694]]]}},{"type":"Feature","id":"05107","properties":{"MPIO":"05107","DPTO":"05","NOMBRE_MPI":"BRICE¥O","NOMBRE_DPT":"ANTIOQUIA"},"geometry":{"type":"Polygon","coordinates":[[[-63.228003486540544,45.578181895514696],[-63.245562318198466,45.435746760023505],[-63.347013345555354,45.38950158616273],[-63.41919965348237,45.4172486904792],[-63.487483998818746,45.38950158616273],[-63.52650362472524,45.400600427889316],[-63.55381736285979,45.46349386433997],[-63.405542784415104,45.5485849842438],[-63.284581944104964,45.58188150942356],[-63.228003486540544,45.578181895514696]]]}},{"type":"Feature","id":"05543","properties":{"MPIO":"05543","DPTO":"05","NOMBRE_MPI":"PEQUE","NOMBRE_DPT":"ANTIOQUIA"},"geometry":{"type":"Polygon","coordinates":[[[-63.934258715448124,45.520837879927335],[-63.856219463635135,45.585581123332425],[-63.79573904348006,45.59852977201344],[-63.805493949956684,45.54673517728937],[-63.6728272218746,45.441296180886795],[-63.74501352980162,45.38210235834501],[-63.80159198736604,45.274813554988],[-63.86597437011176,45.328457956666504],[-63.885484183065,45.38210235834501],[-63.9557195096967,45.4116992696159],[-63.951817547106046,45.43204714611464],[-63.934258715448124,45.520837879927335]]]}},{"type":"Feature","id":"05234","properties":{"MPIO":"05234","DPTO":"05","NOMBRE_MPI":"DABEIBA","NOMBRE_DPT":"ANTIOQUIA"},"geometry":{"type":"Polygon","coordinates":[[[-64.1605725457058,45.56708305378811],[-64.0103469859658,45.56708305378811],[-63.934258715448124,45.520837879927335],[-63.951817547106046,45.43204714611464],[-64.2542196478814,45.4172486904792],[-64.34591576876166,45.348805833165244],[-64.41029815150738,45.263714713261415],[-64.4746805342531,45.25446567848926],[-64.56052371124738,45.28776220366902],[-64.62880805658376,45.28221278280573],[-64.66782768249026,45.17677378640315],[-64.81805324223026,45.15457610294998],[-64.79464146668637,45.30995988712219],[-64.76342576596117,45.3580548679374],[-64.77708263502845,45.428347532205784],[-64.73221006523598,45.53378652860835],[-64.69123945803415,45.53008691469949],[-64.6092982436305,45.57263247465141],[-64.57418058031466,45.63922552501092],[-64.43175894575594,45.62627687632991],[-64.30299418026452,45.58003170246913],[-64.1605725457058,45.56708305378811]]]}},{"type":"Feature","id":"05134","properties":{"MPIO":"05134","DPTO":"05","NOMBRE_MPI":"CAMPAMENTO","NOMBRE_DPT":"ANTIOQUIA"},"geometry":{"type":"Polygon","coordinates":[[[-63.021199469236116,45.53933594947165],[-63.02315045053144,45.506039424291885],[-62.95486610519507,45.41909849743362],[-62.95096414260442,45.34140660534752],[-62.99193474980624,45.3044104662589],[-63.13630736566028,45.284062589760154],[-63.034856338303385,45.45609463652225],[-63.068023020323906,45.52638730079063],[-63.021199469236116,45.53933594947165]]]}},{"type":"Feature","id":"68689","properties":{"MPIO":"68689","DPTO":"68","NOMBRE_MPI":"SAN VICENTE DE CHUCURI","NOMBRE_DPT":"SANTANDER"},"geometry":{"type":"Polygon","coordinates":[[[-60.520041448629705,45.26926413412471],[-60.50833556085776,45.26741432717028],[-60.537600280287634,45.19897146985633],[-60.51418850474373,45.108330929089206],[-60.45956102847464,45.09723208736262],[-60.3464041133458,45.05468652741071],[-60.3307962629832,45.001042125732205],[-60.360060982413074,44.901152550192926],[-60.41078649609152,44.82531046506125],[-60.43029630904476,44.75316799383844],[-60.473217897541915,44.814211623334664],[-60.53955126158296,44.851207762423286],[-60.64295327023517,44.8401089206967],[-60.69953172779959,45.001042125732205],[-60.79708079256583,45.04173787872969],[-60.802933736451806,45.09908189431705],[-60.520041448629705,45.26926413412471]]]}},{"type":"Feature","id":"68276","properties":{"MPIO":"68276","DPTO":"68","NOMBRE_MPI":"FLORIDABLANCA","NOMBRE_DPT":"SANTANDER"},"geometry":{"type":"Polygon","coordinates":[[[-59.86451173340057,45.208220504628486],[-59.81768818231278,45.16567494467657],[-59.92109019096499,45.09723208736262],[-59.98547257371071,45.086133245636034],[-59.99717846148266,45.14162745426896],[-59.86451173340057,45.208220504628486]]]}},{"type":"Feature","id":"68092","properties":{"MPIO":"68092","DPTO":"68","NOMBRE_MPI":"BETULIA","NOMBRE_DPT":"SANTANDER"},"geometry":{"type":"Polygon","coordinates":[[[-60.50833556085776,45.26741432717028],[-60.3464041133458,45.19527185594747],[-60.17081579676657,45.08058382477274],[-60.15520794640397,45.01399077441322],[-60.231296216921635,44.96219617968915],[-60.295678599667355,45.0306390370031],[-60.30933546873463,45.093532473453756],[-60.45956102847464,45.09723208736262],[-60.51418850474373,45.108330929089206],[-60.537600280287634,45.19897146985633],[-60.50833556085776,45.26741432717028]]]}},{"type":"Feature","id":"68547","properties":{"MPIO":"68547","DPTO":"68","NOMBRE_MPI":"PIEDECUESTA","NOMBRE_DPT":"SANTANDER"},"geometry":{"type":"Polygon","coordinates":[[[-59.81768818231278,45.16567494467657],[-59.74745285568108,45.16012552381328],[-59.66160967868679,45.11757996386136],[-59.76306070604368,45.015840581367655],[-59.84109995785667,44.96959540750687],[-59.749403836976406,44.89745293628406],[-59.78257051899693,44.87525525283089],[-59.83134505138005,44.866006218058736],[-59.87426663987719,44.89005370846634],[-59.98742355500603,44.978844442279026],[-59.98547257371071,45.086133245636034],[-59.92109019096499,45.09723208736262],[-59.81768818231278,45.16567494467657]]]}},{"type":"Feature","id":"05819","properties":{"MPIO":"05819","DPTO":"05","NOMBRE_MPI":"TOLEDO","NOMBRE_DPT":"ANTIOQUIA"},"geometry":{"type":"Polygon","coordinates":[[[-63.55381736285979,45.46349386433997],[-63.52650362472524,45.400600427889316],[-63.54796441897381,45.348805833165244],[-63.65136642762603,45.313659501031054],[-63.6728272218746,45.441296180886795],[-63.55381736285979,45.46349386433997]]]}},{"type":"Feature","id":"81001","properties":{"MPIO":"81001","DPTO":"81","NOMBRE_MPI":"ARAUCA","NOMBRE_DPT":"ARAUCA"},"geometry":{"type":"Polygon","coordinates":[[[-56.9653535285479,44.429451776813],[-57.0355888551796,44.46459810894719],[-57.113628106992586,44.46829772285605],[-57.19752030269156,44.62738112093713],[-57.41407922647261,44.64772899743587],[-57.28531446098117,44.75316799383844],[-57.25214777896065,44.80496258856251],[-57.16825558326168,44.74761857297514],[-57.09997123792532,44.74576876602072],[-56.89511820191621,44.799413167699214],[-56.63173572704736,44.801262974653646],[-56.54784353134839,44.7568676077473],[-56.44834348528683,44.75316799383844],[-56.389814046427084,44.68472513652449],[-56.25129437445902,44.653278418299166],[-56.179108066532,44.5903849818485],[-55.868902040575364,44.5903849818485],[-55.506019519644944,44.10018613892427],[-55.59771564052521,44.102035945878704],[-55.722578443426,44.14273169887618],[-55.89426479741458,44.21857378400786],[-56.02302956290602,44.29626567609397],[-56.179108066532,44.35545949863576],[-56.214225729847854,44.35545949863576],[-56.41907876585695,44.27036837873193],[-56.549794512643714,44.244471081369895],[-56.655147502591255,44.314763745638274],[-56.75854951124347,44.329562201273724],[-56.90877507098348,44.42020274204084],[-56.9653535285479,44.429451776813]]]}},{"type":"Feature","id":"68705","properties":{"MPIO":"68705","DPTO":"68","NOMBRE_MPI":"SANTA BARBARA","NOMBRE_DPT":"SANTANDER"},"geometry":{"type":"Polygon","coordinates":[[[-59.62454103407562,45.0898328595449],[-59.622590052780296,45.03248884395753],[-59.686972435526016,44.936298882327115],[-59.749403836976406,44.89745293628406],[-59.84109995785667,44.96959540750687],[-59.76306070604368,45.015840581367655],[-59.66160967868679,45.11757996386136],[-59.62454103407562,45.0898328595449]]]}},{"type":"Feature","id":"05628","properties":{"MPIO":"05628","DPTO":"05","NOMBRE_MPI":"SABANALARGA","NOMBRE_DPT":"ANTIOQUIA"},"geometry":{"type":"Polygon","coordinates":[[[-63.6728272218746,45.441296180886795],[-63.65136642762603,45.313659501031054],[-63.670876240579275,45.2507660645804],[-63.69038605353252,45.1915722420386],[-63.838660631977206,45.186022821175314],[-63.80159198736604,45.274813554988],[-63.74501352980162,45.38210235834501],[-63.6728272218746,45.441296180886795]]]}},{"type":"Feature","id":"81736","properties":{"MPIO":"81736","DPTO":"81","NOMBRE_MPI":"SARAVENA","NOMBRE_DPT":"ARAUCA"},"geometry":{"type":"Polygon","coordinates":[[[-58.0500991287485,44.90300235714736],[-58.0422952035672,44.74761857297514],[-58.253001183462274,44.688424750433356],[-58.58076604107684,44.66807687393461],[-58.44224636910879,44.83270969287898],[-58.40322674320229,44.91040158496508],[-58.23349137050903,44.91040158496508],[-58.11253053019889,44.93999849623598],[-58.0500991287485,44.90300235714736]]]}},{"type":"Feature","id":"81065","properties":{"MPIO":"81065","DPTO":"81","NOMBRE_MPI":"ARAUQUITA","NOMBRE_DPT":"ARAUCA"},"geometry":{"type":"Polygon","coordinates":[[[-57.25214777896065,44.80496258856251],[-57.28531446098117,44.75316799383844],[-57.41407922647261,44.64772899743587],[-57.19752030269156,44.62738112093713],[-57.113628106992586,44.46829772285605],[-57.0355888551796,44.46459810894719],[-56.9653535285479,44.429451776813],[-56.904873108392835,44.251870309187616],[-57.06485357460947,44.28331702741295],[-57.4843145531043,44.344360656909174],[-57.74184408408718,44.53859038712444],[-57.97010889564018,44.708772626932095],[-58.0422952035672,44.74761857297514],[-58.0500991287485,44.90300235714736],[-57.972059876935504,44.915951005828376],[-57.892069643827185,44.88265448064861],[-57.70672642077133,44.84565834156],[-57.65795188838821,44.86045679719544],[-57.57015773009859,44.82531046506125],[-57.43163805813053,44.81976104419796],[-57.33799095595494,44.79756336074479],[-57.25214777896065,44.80496258856251]]]}},{"type":"Feature","id":"68318","properties":{"MPIO":"68318","DPTO":"68","NOMBRE_MPI":"GUACA","NOMBRE_DPT":"SANTANDER"},"geometry":{"type":"Polygon","coordinates":[[[-59.4977272498795,45.03803826482083],[-59.48797234340288,44.96774560055245],[-59.630393977961596,44.88265448064861],[-59.71233519236524,44.86230660414987],[-59.78257051899693,44.87525525283089],[-59.749403836976406,44.89745293628406],[-59.686972435526016,44.936298882327115],[-59.622590052780296,45.03248884395753],[-59.62454103407562,45.0898328595449],[-59.4977272498795,45.03803826482083]]]}},{"type":"Feature","id":"05842","properties":{"MPIO":"05842","DPTO":"05","NOMBRE_MPI":"URAMITA","NOMBRE_DPT":"ANTIOQUIA"},"geometry":{"type":"Polygon","coordinates":[[[-63.9557195096967,45.4116992696159],[-64.06302348093956,45.3340073775298],[-64.24836670399542,45.32105872884878],[-64.34591576876166,45.348805833165244],[-64.2542196478814,45.4172486904792],[-63.951817547106046,45.43204714611464],[-63.9557195096967,45.4116992696159]]]}},{"type":"Feature","id":"15223","properties":{"MPIO":"15223","DPTO":"15","NOMBRE_MPI":"CUBARA","NOMBRE_DPT":"BOYACA"},"geometry":{"type":"Polygon","coordinates":[[[-58.40322674320229,44.91040158496508],[-58.44224636910879,44.83270969287898],[-58.58076604107684,44.66807687393461],[-58.76415828283738,44.673626294797906],[-58.84219753465037,44.644029383527005],[-58.91243286128206,44.653278418299166],[-58.94755052459791,44.79756336074479],[-59.17581533615091,44.830859885924546],[-59.171913373560265,44.90300235714736],[-59.02949173900155,44.85305756937772],[-58.95145248718856,44.87340544587646],[-58.85975636630829,44.96219617968915],[-58.762207301542055,44.9473977240537],[-58.713432769158935,44.98809347705119],[-58.5378444525797,44.95849656578029],[-58.40322674320229,44.91040158496508]]]}},{"type":"Feature","id":"05475","properties":{"MPIO":"05475","DPTO":"05","NOMBRE_MPI":"MURINDO","NOMBRE_DPT":"ANTIOQUIA"},"geometry":{"type":"Polygon","coordinates":[[[-64.77708263502845,45.428347532205784],[-64.76342576596117,45.3580548679374],[-64.79464146668637,45.30995988712219],[-64.81805324223026,45.15457610294998],[-64.84536698036482,45.106481122134774],[-65.06972982932716,45.123129384724656],[-65.23946520202043,45.150876489041124],[-65.2531220710877,45.22301896026393],[-65.31165150994744,45.274813554988],[-65.28043580922224,45.32290853580321],[-65.19264165093263,45.313659501031054],[-65.11655338041496,45.36730390270956],[-65.16142595020743,45.49124096865644],[-64.98193567103755,45.49679038951973],[-64.77708263502845,45.428347532205784]]]}},{"type":"Feature","id":"05647","properties":{"MPIO":"05647","DPTO":"05","NOMBRE_MPI":"SAN ANDRES","NOMBRE_DPT":"ANTIOQUIA"},"geometry":{"type":"Polygon","coordinates":[[[-63.52650362472524,45.400600427889316],[-63.487483998818746,45.38950158616273],[-63.41919965348237,45.32290853580321],[-63.46212124197952,45.248916257625964],[-63.503091849181345,45.2507660645804],[-63.583082082289664,45.2803629758513],[-63.670876240579275,45.2507660645804],[-63.65136642762603,45.313659501031054],[-63.54796441897381,45.348805833165244],[-63.52650362472524,45.400600427889316]]]}},{"type":"Feature","id":"05138","properties":{"MPIO":"05138","DPTO":"05","NOMBRE_MPI":"CA¥ASGORDAS","NOMBRE_DPT":"ANTIOQUIA"},"geometry":{"type":"Polygon","coordinates":[[[-63.885484183065,45.38210235834501],[-63.9401116593341,45.328457956666504],[-63.95767049099202,45.25631548544369],[-64.00449404207981,45.213769925491775],[-63.96937637876397,45.12497919167909],[-64.06887642482553,45.06948498304615],[-64.13325880757125,45.1619753307677],[-64.16252352700113,45.24706645067154],[-64.24836670399542,45.32105872884878],[-64.06302348093956,45.3340073775298],[-63.9557195096967,45.4116992696159],[-63.885484183065,45.38210235834501]]]}},{"type":"Feature","id":"68162","properties":{"MPIO":"68162","DPTO":"68","NOMBRE_MPI":"CERRITO","NOMBRE_DPT":"SANTANDER"},"geometry":{"type":"Polygon","coordinates":[[[-59.48797234340288,44.96774560055245],[-59.4977272498795,45.03803826482083],[-59.40603112899924,45.00289193268664],[-59.2694624383265,45.00474173964106],[-59.22458986853403,44.95479695187143],[-59.244099681487285,44.901152550192926],[-59.25580556925923,44.81791123724353],[-59.445050754905736,44.829010078970114],[-59.50358019376548,44.86230660414987],[-59.48797234340288,44.96774560055245]]]}},{"type":"Feature","id":"68895","properties":{"MPIO":"68895","DPTO":"68","NOMBRE_MPI":"ZAPATOCA","NOMBRE_DPT":"SANTANDER"},"geometry":{"type":"Polygon","coordinates":[[[-60.15520794640397,45.01399077441322],[-60.10058047013487,44.96959540750687],[-60.08497261977227,44.952947144917],[-60.143502058632016,44.85305756937772],[-60.17276677806189,44.821610851152386],[-60.23324719821696,44.799413167699214],[-60.28202173060008,44.80681239551694],[-60.360060982413074,44.901152550192926],[-60.3307962629832,45.001042125732205],[-60.3464041133458,45.05468652741071],[-60.45956102847464,45.09723208736262],[-60.30933546873463,45.093532473453756],[-60.295678599667355,45.0306390370031],[-60.231296216921635,44.96219617968915],[-60.15520794640397,45.01399077441322]]]}},{"type":"Feature","id":"05113","properties":{"MPIO":"05113","DPTO":"05","NOMBRE_MPI":"BURITICA","NOMBRE_DPT":"ANTIOQUIA"},"geometry":{"type":"Polygon","coordinates":[[[-63.80159198736604,45.274813554988],[-63.838660631977206,45.186022821175314],[-63.854268482339805,45.108330929089206],[-63.83085670679591,45.03988807177525],[-63.8776802578837,45.058386141319566],[-63.96937637876397,45.12497919167909],[-64.00449404207981,45.213769925491775],[-63.95767049099202,45.25631548544369],[-63.9401116593341,45.328457956666504],[-63.885484183065,45.38210235834501],[-63.86597437011176,45.328457956666504],[-63.80159198736604,45.274813554988]]]}},{"type":"Feature","id":"05858","properties":{"MPIO":"05858","DPTO":"05","NOMBRE_MPI":"VEGACHI","NOMBRE_DPT":"ANTIOQUIA"},"geometry":{"type":"Polygon","coordinates":[[[-62.385179566960225,45.26556452021585],[-62.33250307198646,45.14717687513226],[-62.24470891369684,45.136078033405674],[-62.17252260576982,45.1619753307677],[-62.06716961582228,45.158275716858846],[-62.04570882157371,45.108330929089206],[-62.07107157841293,45.03248884395753],[-62.320797184214506,45.06208575522843],[-62.41834624898075,45.021390002230945],[-62.498336482089066,45.02693942309424],[-62.586130640378684,45.073184596955016],[-62.4222482115714,45.21192011853735],[-62.385179566960225,45.26556452021585]]]}},{"type":"Feature","id":"05038","properties":{"MPIO":"05038","DPTO":"05","NOMBRE_MPI":"ANGOSTURA","NOMBRE_DPT":"ANTIOQUIA"},"geometry":{"type":"Polygon","coordinates":[[[-62.99193474980624,45.3044104662589],[-62.923650404469875,45.272963748033575],[-62.9334053109465,45.21931934635507],[-63.03290535700806,45.16012552381328],[-63.18313091674807,45.128678805587946],[-63.33140549519276,45.13052861254238],[-63.325552551306785,45.156425909904414],[-63.13630736566028,45.284062589760154],[-62.99193474980624,45.3044104662589]]]}},{"type":"Feature","id":"05315","properties":{"MPIO":"05315","DPTO":"05","NOMBRE_MPI":"GUADALUPE","NOMBRE_DPT":"ANTIOQUIA"},"geometry":{"type":"Polygon","coordinates":[[[-62.923650404469875,45.272963748033575],[-62.86902292820078,45.22671857417279],[-62.97437591814832,45.128678805587946],[-63.03290535700806,45.16012552381328],[-62.9334053109465,45.21931934635507],[-62.923650404469875,45.272963748033575]]]}},{"type":"Feature","id":"68745","properties":{"MPIO":"68745","DPTO":"68","NOMBRE_MPI":"SIMACOTA","NOMBRE_DPT":"SANTANDER"},"geometry":{"type":"Polygon","coordinates":[[[-60.923894576761946,45.00844135354993],[-60.89267887603675,44.89190351542077],[-60.91804163287597,44.76796644947389],[-60.81463962422375,44.701373399114374],[-60.65075719541647,44.66807687393461],[-60.53174733640166,44.66067764611689],[-60.47516887883724,44.65697803220802],[-60.38932570184294,44.60518343748395],[-60.34250215075515,44.60518343748395],[-60.32689430039255,44.57743633316748],[-60.350306075936444,44.53489077321557],[-60.37371785148035,44.507143668899104],[-60.52979635510633,44.55338884275989],[-60.600031681738024,44.59778420966623],[-60.70148270909492,44.65697803220802],[-60.857561212720896,44.63847996266371],[-60.96486518396377,44.71247224084095],[-60.996080884688965,44.77721548424604],[-61.083875042978576,44.87340544587646],[-61.17362018256352,44.93999849623598],[-61.19508097681209,44.98439386314232],[-61.13460055665702,45.058386141319566],[-61.09558093075053,45.10463131518034],[-61.02144364152818,45.11018073604364],[-60.923894576761946,45.00844135354993]]]}},{"type":"Feature","id":"68669","properties":{"MPIO":"68669","DPTO":"68","NOMBRE_MPI":"SAN ANDRES","NOMBRE_DPT":"SANTANDER"},"geometry":{"type":"Polygon","coordinates":[[[-59.48797234340288,44.96774560055245],[-59.50358019376548,44.86230660414987],[-59.546501782262624,44.80311278160808],[-59.57771748298782,44.76056722165616],[-59.75525678086238,44.74021934515742],[-59.71233519236524,44.86230660414987],[-59.630393977961596,44.88265448064861],[-59.48797234340288,44.96774560055245]]]}},{"type":"Feature","id":"05284","properties":{"MPIO":"05284","DPTO":"05","NOMBRE_MPI":"FRONTINO","NOMBRE_DPT":"ANTIOQUIA"},"geometry":{"type":"Polygon","coordinates":[[[-64.34591576876166,45.348805833165244],[-64.24836670399542,45.32105872884878],[-64.16252352700113,45.24706645067154],[-64.13325880757125,45.1619753307677],[-64.20544511549828,45.113880349952495],[-64.29323927378789,45.09723208736262],[-64.26592553565334,45.02508961613981],[-64.50394525368297,45.00474173964106],[-64.61124922492583,45.043587685684116],[-64.66197473860429,45.04173787872969],[-64.76147478466585,44.97329502141574],[-64.81415127963962,45.05283672045627],[-64.83951403647883,45.04728729959298],[-64.84536698036482,45.106481122134774],[-64.81805324223026,45.15457610294998],[-64.66782768249026,45.17677378640315],[-64.62880805658376,45.28221278280573],[-64.56052371124738,45.28776220366902],[-64.4746805342531,45.25446567848926],[-64.41029815150738,45.263714713261415],[-64.34591576876166,45.348805833165244]]]}},{"type":"Feature","id":"05658","properties":{"MPIO":"05658","DPTO":"05","NOMBRE_MPI":"SAN JOSE DE LA MONTA¥A","NOMBRE_DPT":"ANTIOQUIA"},"geometry":{"type":"Polygon","coordinates":[[[-63.503091849181345,45.2507660645804],[-63.518699699543944,45.16012552381328],[-63.63380759596811,45.11942977081579],[-63.65331740892135,45.18417301422088],[-63.69038605353252,45.1915722420386],[-63.670876240579275,45.2507660645804],[-63.583082082289664,45.2803629758513],[-63.503091849181345,45.2507660645804]]]}},{"type":"Feature","id":"05310","properties":{"MPIO":"05310","DPTO":"05","NOMBRE_MPI":"GOMEZ PLATA","NOMBRE_DPT":"ANTIOQUIA"},"geometry":{"type":"Polygon","coordinates":[[[-62.97437591814832,45.128678805587946],[-62.86902292820078,45.22671857417279],[-62.88463077856338,45.15272629599555],[-62.79878760156909,45.09538228040819],[-62.79878760156909,45.02508961613981],[-62.835856246180256,44.96774560055245],[-62.95486610519507,44.886354094557475],[-63.05241516996131,44.97329502141574],[-63.06412105773326,45.01399077441322],[-63.021199469236116,45.02323980918538],[-62.97437591814832,45.128678805587946]]]}},{"type":"Feature","id":"68207","properties":{"MPIO":"68207","DPTO":"68","NOMBRE_MPI":"CONCEPCION","NOMBRE_DPT":"SANTANDER"},"geometry":{"type":"Polygon","coordinates":[[[-59.171913373560265,44.90300235714736],[-59.17581533615091,44.830859885924546],[-59.19727613039949,44.7272706964764],[-59.308482064233,44.7568676077473],[-59.38066837216002,44.71617185474982],[-59.48992332469821,44.75316799383844],[-59.546501782262624,44.80311278160808],[-59.50358019376548,44.86230660414987],[-59.445050754905736,44.829010078970114],[-59.25580556925923,44.81791123724353],[-59.244099681487285,44.901152550192926],[-59.171913373560265,44.90300235714736]]]}},{"type":"Feature","id":"68418","properties":{"MPIO":"68418","DPTO":"68","NOMBRE_MPI":"LOS SANTOS","NOMBRE_DPT":"SANTANDER"},"geometry":{"type":"Polygon","coordinates":[[[-60.10058047013487,44.96959540750687],[-59.98742355500603,44.978844442279026],[-59.87426663987719,44.89005370846634],[-59.96010981687149,44.816061430289096],[-60.063511825523705,44.80496258856251],[-60.143502058632016,44.85305756937772],[-60.08497261977227,44.952947144917],[-60.10058047013487,44.96959540750687]]]}},{"type":"Feature","id":"27099","properties":{"MPIO":"27099","DPTO":"27","NOMBRE_MPI":"BOJAYA","NOMBRE_DPT":"CHOCO"},"geometry":{"type":"Polygon","coordinates":[[[-65.2999456221755,45.33770699143866],[-65.36822996751187,45.28776220366902],[-65.38383781787446,45.23411780199052],[-65.34286721067264,45.20637069767405],[-65.28823973440355,45.050986913501845],[-65.13606319336822,44.96219617968915],[-65.17898478186535,44.928899654509394],[-65.13606319336822,44.90670197105622],[-65.182886744456,44.829010078970114],[-65.2219063703625,44.83270969287898],[-65.2531220710877,44.779065291200475],[-65.33701426678667,44.7328201173397],[-65.41700449989499,44.73466992429413],[-65.51650454595655,44.799413167699214],[-65.59649477906487,44.72542088952197],[-65.57503398481629,44.66622706698018],[-65.63356342367604,44.64032976961815],[-65.69014188124045,44.57743633316748],[-65.85012234745709,44.54598961494216],[-65.91060276761216,44.57743633316748],[-65.84817136616176,44.62738112093713],[-65.87548510429632,44.79571355379036],[-65.85207332875241,44.86230660414987],[-65.88133804818229,44.96774560055245],[-65.84622038486644,45.00844135354993],[-65.88524001077293,45.11203054299807],[-65.97888711294853,45.1619753307677],[-65.9535243561093,45.25631548544369],[-65.90474982372618,45.30256065930447],[-65.62966146108539,45.31735911493992],[-65.5828379099976,45.28221278280573],[-65.55357319056772,45.32290853580321],[-65.38969076176043,45.37470313052728],[-65.38578879916979,45.348805833165244],[-65.2999456221755,45.33770699143866]]]}},{"type":"Feature","id":"68235","properties":{"MPIO":"68235","DPTO":"68","NOMBRE_MPI":"EL CARMEN DE CHUCURI","NOMBRE_DPT":"SANTANDER"},"geometry":{"type":"Polygon","coordinates":[[[-60.79708079256583,45.04173787872969],[-60.69953172779959,45.001042125732205],[-60.64295327023517,44.8401089206967],[-60.53955126158296,44.851207762423286],[-60.473217897541915,44.814211623334664],[-60.43029630904476,44.75316799383844],[-60.53174733640166,44.66067764611689],[-60.65075719541647,44.66807687393461],[-60.81463962422375,44.701373399114374],[-60.91804163287597,44.76796644947389],[-60.89267887603675,44.89190351542077],[-60.923894576761946,45.00844135354993],[-60.79708079256583,45.04173787872969]]]}},{"type":"Feature","id":"05686","properties":{"MPIO":"05686","DPTO":"05","NOMBRE_MPI":"SANTA ROSA DE OSOS","NOMBRE_DPT":"ANTIOQUIA"},"geometry":{"type":"Polygon","coordinates":[[[-63.46212124197952,45.248916257625964],[-63.37042512109926,45.20267108376519],[-63.33140549519276,45.13052861254238],[-63.18313091674807,45.128678805587946],[-63.19483680452002,45.09538228040819],[-63.06412105773326,45.01399077441322],[-63.05241516996131,44.97329502141574],[-62.95486610519507,44.886354094557475],[-63.03290535700806,44.901152550192926],[-63.206542692291976,44.89190351542077],[-63.26702311244704,44.85490737633215],[-63.317748626125486,44.87710505978532],[-63.37237610239458,44.92704984755496],[-63.37237610239458,44.97514482837017],[-63.46602320457017,45.050986913501845],[-63.495287924000046,45.06948498304615],[-63.518699699543944,45.16012552381328],[-63.503091849181345,45.2507660645804],[-63.46212124197952,45.248916257625964]]]}},{"type":"Feature","id":"68573","properties":{"MPIO":"68573","DPTO":"68","NOMBRE_MPI":"PUERTO PARRA","NOMBRE_DPT":"SANTANDER"},"geometry":{"type":"Polygon","coordinates":[[[-61.13460055665702,45.058386141319566],[-61.19508097681209,44.98439386314232],[-61.17362018256352,44.93999849623598],[-61.083875042978576,44.87340544587646],[-60.996080884688965,44.77721548424604],[-60.96486518396377,44.71247224084095],[-61.06046326743468,44.708772626932095],[-61.083875042978576,44.69027455738778],[-61.20873784587937,44.72172127561311],[-61.27116924732976,44.81791123724353],[-61.30433592935028,44.79016413292706],[-61.37847321857262,44.793863746835925],[-61.39798303152587,44.94554791709927],[-61.437002657432366,44.9769946353246],[-61.32384574230353,45.06393556218286],[-61.13460055665702,45.058386141319566]]]}},{"type":"Feature","id":"81300","properties":{"MPIO":"81300","DPTO":"81","NOMBRE_MPI":"FORTUL","NOMBRE_DPT":"ARAUCA"},"geometry":{"type":"Polygon","coordinates":[[[-58.58076604107684,44.66807687393461],[-58.253001183462274,44.688424750433356],[-58.0422952035672,44.74761857297514],[-57.97010889564018,44.708772626932095],[-57.74184408408718,44.53859038712444],[-57.91157945678044,44.53859038712444],[-58.03058931579525,44.49604482717252],[-58.110579548903566,44.48494598544593],[-58.21398155755578,44.516392703671265],[-58.38956987413501,44.5126930897624],[-58.721236694340234,44.35915911254462],[-58.84219753465037,44.31291393868384],[-58.98266818791376,44.34066104300031],[-58.97096230014181,44.401704672496535],[-58.85390342242232,44.386906216861085],[-58.75245239506543,44.436851004630725],[-58.66856019936646,44.588535174894076],[-58.58076604107684,44.66807687393461]]]}},{"type":"Feature","id":"05873","properties":{"MPIO":"05873","DPTO":"05","NOMBRE_MPI":"VIGIA DEL FUERTE","NOMBRE_DPT":"ANTIOQUIA"},"geometry":{"type":"Polygon","coordinates":[[[-65.28043580922224,45.32290853580321],[-65.31165150994744,45.274813554988],[-65.2531220710877,45.22301896026393],[-65.23946520202043,45.150876489041124],[-65.06972982932716,45.123129384724656],[-64.84536698036482,45.106481122134774],[-64.83951403647883,45.04728729959298],[-64.84926894295546,44.980694249233466],[-64.7965924479817,44.88820390151191],[-64.83561207388819,44.858606990241015],[-64.77122969114247,44.78831432597263],[-64.85707286813675,44.699523592159935],[-64.72830810264533,44.69212436434221],[-64.67563160767155,44.62738112093713],[-64.94096506383573,44.6255313139827],[-65.09314160487106,44.64772899743587],[-65.10094553005236,44.71617185474982],[-65.16922987538874,44.76796644947389],[-65.182886744456,44.829010078970114],[-65.13606319336822,44.90670197105622],[-65.17898478186535,44.928899654509394],[-65.13606319336822,44.96219617968915],[-65.28823973440355,45.050986913501845],[-65.34286721067264,45.20637069767405],[-65.38383781787446,45.23411780199052],[-65.36822996751187,45.28776220366902],[-65.2999456221755,45.33770699143866],[-65.28043580922224,45.32290853580321]]]}},{"type":"Feature","id":"15180","properties":{"MPIO":"15180","DPTO":"15","NOMBRE_MPI":"CHISCAS","NOMBRE_DPT":"BOYACA"},"geometry":{"type":"Polygon","coordinates":[[[-59.17581533615091,44.830859885924546],[-58.94755052459791,44.79756336074479],[-58.91243286128206,44.653278418299166],[-59.03924664547817,44.57743633316748],[-59.025589776410904,44.501594248035815],[-59.115334915995845,44.486795792400365],[-59.171913373560265,44.5126930897624],[-59.29677617646105,44.501594248035815],[-59.277266363507806,44.588535174894076],[-59.22263888723871,44.623681507028266],[-59.19727613039949,44.7272706964764],[-59.17581533615091,44.830859885924546]]]}},{"type":"Feature","id":"05150","properties":{"MPIO":"05150","DPTO":"05","NOMBRE_MPI":"CAROLINA","NOMBRE_DPT":"ANTIOQUIA"},"geometry":{"type":"Polygon","coordinates":[[[-62.97437591814832,45.128678805587946],[-63.021199469236116,45.02323980918538],[-63.06412105773326,45.01399077441322],[-63.19483680452002,45.09538228040819],[-63.18313091674807,45.128678805587946],[-63.03290535700806,45.16012552381328],[-62.97437591814832,45.128678805587946]]]}},{"type":"Feature","id":"05890","properties":{"MPIO":"05890","DPTO":"05","NOMBRE_MPI":"YOLOMBO","NOMBRE_DPT":"ANTIOQUIA"},"geometry":{"type":"Polygon","coordinates":[[[-62.79878760156909,45.09538228040819],[-62.699287555507524,45.0842834386816],[-62.64466007923843,45.123129384724656],[-62.586130640378684,45.073184596955016],[-62.625150266285175,45.03988807177525],[-62.560767883539455,44.94184830319041],[-62.385179566960225,44.92704984755496],[-62.0691205971176,44.96404598664358],[-61.97157153235136,44.9473977240537],[-62.055463728050334,44.901152550192926],[-62.14325788633995,44.914101198873944],[-62.28177755830801,44.858606990241015],[-62.45151293100127,44.87710505978532],[-62.46712078136387,44.80866220247137],[-62.58417965908336,44.821610851152386],[-62.70709148068882,44.85305756937772],[-62.72660129364207,44.85305756937772],[-62.761718956957914,44.89560312932963],[-62.84756213395221,44.87710505978532],[-62.95486610519507,44.886354094557475],[-62.835856246180256,44.96774560055245],[-62.79878760156909,45.02508961613981],[-62.79878760156909,45.09538228040819]]]}},{"type":"Feature","id":"68051","properties":{"MPIO":"68051","DPTO":"68","NOMBRE_MPI":"ARATOCA","NOMBRE_DPT":"SANTANDER"},"geometry":{"type":"Polygon","coordinates":[[[-59.83134505138005,44.866006218058736],[-59.84695290174265,44.80311278160808],[-59.81573720101745,44.73836953820299],[-59.88402154635382,44.71247224084095],[-59.950354910394864,44.723571082567545],[-59.99717846148266,44.76611664251946],[-59.942550985213565,44.78276490510934],[-59.96010981687149,44.816061430289096],[-59.87426663987719,44.89005370846634],[-59.83134505138005,44.866006218058736]]]}},{"type":"Feature","id":"27075","properties":{"MPIO":"27075","DPTO":"27","NOMBRE_MPI":"BAHIA SOLANO","NOMBRE_DPT":"CHOCO"},"geometry":{"type":"Polygon","coordinates":[[[-65.945720430928,45.3340073775298],[-65.92621061797476,45.328457956666504],[-65.90474982372618,45.30256065930447],[-65.9535243561093,45.25631548544369],[-65.97888711294853,45.1619753307677],[-65.88524001077293,45.11203054299807],[-65.84622038486644,45.00844135354993],[-65.88133804818229,44.96774560055245],[-65.85207332875241,44.86230660414987],[-65.87548510429632,44.79571355379036],[-65.84817136616176,44.62738112093713],[-65.91060276761216,44.57743633316748],[-65.91840669279345,44.52749154539785],[-65.99449496331113,44.501594248035815],[-66.02961262662697,44.5903849818485],[-66.06668127123814,44.57743633316748],[-66.12716169139321,44.6495788043903],[-66.17983818636698,44.76056722165616],[-66.15837739211841,44.834559499833404],[-66.07838715901009,44.79756336074479],[-66.023759682741,44.90300235714736],[-65.97498515035788,44.928899654509394],[-65.93206356186073,45.093532473453756],[-66.0081518323784,45.178623593357585],[-66.01400477626437,45.2211691533095],[-66.11350482232594,45.23041818808166],[-66.04131851439892,45.29516143148675],[-65.945720430928,45.3340073775298]]]}},{"type":"Feature","id":"68160","properties":{"MPIO":"68160","DPTO":"68","NOMBRE_MPI":"CEPITA","NOMBRE_DPT":"SANTANDER"},"geometry":{"type":"Polygon","coordinates":[[[-59.78257051899693,44.87525525283089],[-59.71233519236524,44.86230660414987],[-59.75525678086238,44.74021934515742],[-59.772815612520304,44.70507301302323],[-59.81573720101745,44.73836953820299],[-59.84695290174265,44.80311278160808],[-59.83134505138005,44.866006218058736],[-59.78257051899693,44.87525525283089]]]}},{"type":"Feature","id":"05411","properties":{"MPIO":"05411","DPTO":"05","NOMBRE_MPI":"LIBORINA","NOMBRE_DPT":"ANTIOQUIA"},"geometry":{"type":"Polygon","coordinates":[[[-63.69038605353252,45.1915722420386],[-63.65331740892135,45.18417301422088],[-63.63380759596811,45.11942977081579],[-63.6728272218746,45.043587685684116],[-63.83085670679591,45.03988807177525],[-63.854268482339805,45.108330929089206],[-63.838660631977206,45.186022821175314],[-63.69038605353252,45.1915722420386]]]}},{"type":"Feature","id":"05086","properties":{"MPIO":"05086","DPTO":"05","NOMBRE_MPI":"BELMIRA","NOMBRE_DPT":"ANTIOQUIA"},"geometry":{"type":"Polygon","coordinates":[[[-63.63380759596811,45.11942977081579],[-63.518699699543944,45.16012552381328],[-63.495287924000046,45.06948498304615],[-63.46602320457017,45.050986913501845],[-63.567474231927065,45.03248884395753],[-63.53040558731589,44.95849656578029],[-63.423101616073026,44.87525525283089],[-63.598689932652256,44.866006218058736],[-63.598689932652256,44.886354094557475],[-63.64941544633071,45.00289193268664],[-63.6728272218746,45.043587685684116],[-63.63380759596811,45.11942977081579]]]}},{"type":"Feature","id":"05885","properties":{"MPIO":"05885","DPTO":"05","NOMBRE_MPI":"YALI","NOMBRE_DPT":"ANTIOQUIA"},"geometry":{"type":"Polygon","coordinates":[[[-62.07107157841293,45.03248884395753],[-62.0691205971176,44.96404598664358],[-62.385179566960225,44.92704984755496],[-62.560767883539455,44.94184830319041],[-62.625150266285175,45.03988807177525],[-62.586130640378684,45.073184596955016],[-62.498336482089066,45.02693942309424],[-62.41834624898075,45.021390002230945],[-62.320797184214506,45.06208575522843],[-62.07107157841293,45.03248884395753]]]}},{"type":"Feature","id":"68296","properties":{"MPIO":"68296","DPTO":"68","NOMBRE_MPI":"GALAN","NOMBRE_DPT":"SANTANDER"},"geometry":{"type":"Polygon","coordinates":[[[-60.23324719821696,44.799413167699214],[-60.26056093635151,44.76056722165616],[-60.30543350614398,44.70507301302323],[-60.30153154355333,44.66067764611689],[-60.31909037521125,44.65512822525359],[-60.32689430039255,44.7032232060688],[-60.43029630904476,44.75316799383844],[-60.41078649609152,44.82531046506125],[-60.360060982413074,44.901152550192926],[-60.28202173060008,44.80681239551694],[-60.23324719821696,44.799413167699214]]]}},{"type":"Feature","id":"68432","properties":{"MPIO":"68432","DPTO":"68","NOMBRE_MPI":"MALAGA","NOMBRE_DPT":"SANTANDER"},"geometry":{"type":"Polygon","coordinates":[[[-59.48992332469821,44.75316799383844],[-59.51138411894678,44.70507301302323],[-59.5835704268738,44.72542088952197],[-59.57771748298782,44.76056722165616],[-59.546501782262624,44.80311278160808],[-59.48992332469821,44.75316799383844]]]}},{"type":"Feature","id":"68190","properties":{"MPIO":"68190","DPTO":"68","NOMBRE_MPI":"CIMITARRA","NOMBRE_DPT":"SANTANDER"},"geometry":{"type":"Polygon","coordinates":[[[-61.437002657432366,44.9769946353246],[-61.39798303152587,44.94554791709927],[-61.37847321857262,44.793863746835925],[-61.30433592935028,44.79016413292706],[-61.27116924732976,44.81791123724353],[-61.20873784587937,44.72172127561311],[-61.083875042978576,44.69027455738778],[-61.06436523002533,44.608883051392816],[-61.130698594066374,44.49789463412695],[-61.355061443028724,44.44055061853959],[-61.50528700276874,44.42575216290414],[-61.596983123649004,44.44055061853959],[-61.741355739503035,44.4886455993548],[-61.89938522442435,44.47569695067378],[-61.99498330789527,44.486795792400365],[-62.05156176545968,44.53304096626114],[-61.918895037377595,44.6255313139827],[-61.85061069204123,44.629230927891555],[-61.8876793366524,44.786464519018196],[-61.78427732800019,44.85675718328658],[-61.75306162727499,44.85305756937772],[-61.57942429199108,44.928899654509394],[-61.437002657432366,44.9769946353246]]]}},{"type":"Feature","id":"68872","properties":{"MPIO":"68872","DPTO":"68","NOMBRE_MPI":"VILLANUEVA","NOMBRE_DPT":"SANTANDER"},"geometry":{"type":"Polygon","coordinates":[[[-60.143502058632016,44.85305756937772],[-60.063511825523705,44.80496258856251],[-60.04400201257045,44.76611664251946],[-60.0557079003424,44.7328201173397],[-60.13764911474605,44.701373399114374],[-60.17276677806189,44.821610851152386],[-60.143502058632016,44.85305756937772]]]}},{"type":"Feature","id":"05004","properties":{"MPIO":"05004","DPTO":"05","NOMBRE_MPI":"ABRIAQUI","NOMBRE_DPT":"ANTIOQUIA"},"geometry":{"type":"Polygon","coordinates":[[[-64.06887642482553,45.06948498304615],[-64.06302348093956,45.04173787872969],[-64.09228820036944,44.92520004060053],[-64.15276862052451,44.93074946146382],[-64.26592553565334,45.02508961613981],[-64.29323927378789,45.09723208736262],[-64.20544511549828,45.113880349952495],[-64.13325880757125,45.1619753307677],[-64.06887642482553,45.06948498304615]]]}},{"type":"Feature","id":"68152","properties":{"MPIO":"68152","DPTO":"68","NOMBRE_MPI":"CARCASI","NOMBRE_DPT":"SANTANDER"},"geometry":{"type":"Polygon","coordinates":[[[-59.19727613039949,44.7272706964764],[-59.22263888723871,44.623681507028266],[-59.277266363507806,44.588535174894076],[-59.35725659661612,44.58483556098521],[-59.42554094195249,44.644029383527005],[-59.38066837216002,44.71617185474982],[-59.308482064233,44.7568676077473],[-59.19727613039949,44.7272706964764]]]}},{"type":"Feature","id":"05579","properties":{"MPIO":"05579","DPTO":"05","NOMBRE_MPI":"PUERTO BERRIO","NOMBRE_DPT":"ANTIOQUIA"},"geometry":{"type":"Polygon","coordinates":[[[-61.97157153235136,44.9473977240537],[-61.87402246758513,44.980694249233466],[-61.81744401002071,44.93999849623598],[-61.78427732800019,44.85675718328658],[-61.8876793366524,44.786464519018196],[-61.85061069204123,44.629230927891555],[-61.918895037377595,44.6255313139827],[-62.05156176545968,44.53304096626114],[-62.080826484889556,44.5182425106257],[-62.102287279138125,44.52379193148899],[-62.19008143742774,44.516392703671265],[-62.19593438131372,44.58298575403078],[-62.31104227773788,44.69212436434221],[-62.21349321297164,44.723571082567545],[-62.145208867635276,44.843808534605564],[-62.055463728050334,44.901152550192926],[-61.97157153235136,44.9473977240537]]]}},{"type":"Feature","id":"68370","properties":{"MPIO":"68370","DPTO":"68","NOMBRE_MPI":"JORDAN","NOMBRE_DPT":"SANTANDER"},"geometry":{"type":"Polygon","coordinates":[[[-59.96010981687149,44.816061430289096],[-59.942550985213565,44.78276490510934],[-59.99717846148266,44.76611664251946],[-60.04400201257045,44.76611664251946],[-60.063511825523705,44.80496258856251],[-59.96010981687149,44.816061430289096]]]}},{"type":"Feature","id":"15332","properties":{"MPIO":"15332","DPTO":"15","NOMBRE_MPI":"GUICAN","NOMBRE_DPT":"BOYACA"},"geometry":{"type":"Polygon","coordinates":[[[-58.91243286128206,44.653278418299166],[-58.84219753465037,44.644029383527005],[-58.76415828283738,44.673626294797906],[-58.58076604107684,44.66807687393461],[-58.66856019936646,44.588535174894076],[-58.75245239506543,44.436851004630725],[-58.85390342242232,44.386906216861085],[-58.97096230014181,44.401704672496535],[-58.98266818791376,44.34066104300031],[-59.04509958936415,44.322162973456],[-59.099727065633246,44.394305444678814],[-59.15045257931169,44.4054042864054],[-59.15045257931169,44.466447915901625],[-59.115334915995845,44.486795792400365],[-59.025589776410904,44.501594248035815],[-59.03924664547817,44.57743633316748],[-58.91243286128206,44.653278418299166]]]}},{"type":"Feature","id":"05306","properties":{"MPIO":"05306","DPTO":"05","NOMBRE_MPI":"GIRALDO","NOMBRE_DPT":"ANTIOQUIA"},"geometry":{"type":"Polygon","coordinates":[[[-63.8776802578837,45.058386141319566],[-63.951817547106046,45.02693942309424],[-64.06302348093956,45.04173787872969],[-64.06887642482553,45.06948498304615],[-63.96937637876397,45.12497919167909],[-63.8776802578837,45.058386141319566]]]}},{"type":"Feature","id":"68079","properties":{"MPIO":"68079","DPTO":"68","NOMBRE_MPI":"BARICHARA","NOMBRE_DPT":"SANTANDER"},"geometry":{"type":"Polygon","coordinates":[[[-60.23324719821696,44.799413167699214],[-60.17276677806189,44.821610851152386],[-60.13764911474605,44.701373399114374],[-60.19617855360579,44.66807687393461],[-60.26056093635151,44.76056722165616],[-60.23324719821696,44.799413167699214]]]}},{"type":"Feature","id":"68266","properties":{"MPIO":"68266","DPTO":"68","NOMBRE_MPI":"ENCISO","NOMBRE_DPT":"SANTANDER"},"geometry":{"type":"Polygon","coordinates":[[[-59.48992332469821,44.75316799383844],[-59.38066837216002,44.71617185474982],[-59.42554094195249,44.644029383527005],[-59.48992332469821,44.629230927891555],[-59.532844913195355,44.621831700073834],[-59.51138411894678,44.70507301302323],[-59.48992332469821,44.75316799383844]]]}},{"type":"Feature","id":"68468","properties":{"MPIO":"68468","DPTO":"68","NOMBRE_MPI":"MOLAGAVITA","NOMBRE_DPT":"SANTANDER"},"geometry":{"type":"Polygon","coordinates":[[[-59.57771748298782,44.76056722165616],[-59.5835704268738,44.72542088952197],[-59.60893318371302,44.61813208616497],[-59.66551164127744,44.594084595757366],[-59.69672734200264,44.601483823575094],[-59.772815612520304,44.70507301302323],[-59.75525678086238,44.74021934515742],[-59.57771748298782,44.76056722165616]]]}},{"type":"Feature","id":"81220","properties":{"MPIO":"81220","DPTO":"81","NOMBRE_MPI":"CRAVO NORTE","NOMBRE_DPT":"ARAUCA"},"geometry":{"type":"Polygon","coordinates":[[[-56.549794512643714,44.244471081369895],[-56.41907876585695,44.27036837873193],[-56.214225729847854,44.35545949863576],[-56.179108066532,44.35545949863576],[-56.02302956290602,44.29626567609397],[-55.89426479741458,44.21857378400786],[-55.722578443426,44.14273169887618],[-55.59771564052521,44.102035945878704],[-55.506019519644944,44.10018613892427],[-55.137284054828555,43.595188840364585],[-55.160695830372454,43.56189231518483],[-55.394813585811434,43.54894366650381],[-55.60747054700184,43.59703864731902],[-55.69526470529145,43.60443787513674],[-55.77720591969509,43.62663555858992],[-55.78500984487639,43.67103092549626],[-55.822078489487566,43.71542629240261],[-55.950843254979006,43.74317339671907],[-55.980107974408874,43.80606683316973],[-56.077657039175115,43.90040698784571],[-56.24349044927772,43.9115058295723],[-56.45224544787747,43.9411027408432],[-56.54589255005307,43.917055250435595],[-56.817078950103216,43.93370351302548],[-56.824882875284516,43.97069965211409],[-56.791716193263994,44.09093710415212],[-56.7448926421762,44.194526293600255],[-56.68636320331645,44.224123204871155],[-56.549794512643714,44.244471081369895]]]}},{"type":"Feature","id":"81794","properties":{"MPIO":"81794","DPTO":"81","NOMBRE_MPI":"TAME","NOMBRE_DPT":"ARAUCA"},"geometry":{"type":"Polygon","coordinates":[[[-57.74184408408718,44.53859038712444],[-57.4843145531043,44.344360656909174],[-57.43749100201651,44.29996529000283],[-57.51943221642015,44.20562513532684],[-57.54284399196405,44.11128498065086],[-57.52723614160145,44.074288841562236],[-57.7594029157451,44.06134019288122],[-57.92913828843836,44.04099231638248],[-58.0344912783859,44.0483915442002],[-58.12228543667551,44.094636718060976],[-58.270560015120196,44.09278691110654],[-58.37201104247709,44.06134019288122],[-58.528089546103075,44.072439034607804],[-58.744648469884126,44.03544289551918],[-58.81098183392517,44.00769579120272],[-58.99242309439038,44.094636718060976],[-59.01193290734363,44.16307957537493],[-59.12508982247247,44.18712706578253],[-59.14850159801637,44.23152243268888],[-59.15045257931169,44.24817069527876],[-59.04509958936415,44.322162973456],[-58.98266818791376,44.34066104300031],[-58.84219753465037,44.31291393868384],[-58.721236694340234,44.35915911254462],[-58.38956987413501,44.5126930897624],[-58.21398155755578,44.516392703671265],[-58.110579548903566,44.48494598544593],[-58.03058931579525,44.49604482717252],[-57.91157945678044,44.53859038712444],[-57.74184408408718,44.53859038712444]]]}},{"type":"Feature","id":"68684","properties":{"MPIO":"68684","DPTO":"68","NOMBRE_MPI":"SAN JOSE DE MIRANDA","NOMBRE_DPT":"SANTANDER"},"geometry":{"type":"Polygon","coordinates":[[[-59.5835704268738,44.72542088952197],[-59.51138411894678,44.70507301302323],[-59.532844913195355,44.621831700073834],[-59.564060613920546,44.57743633316748],[-59.60893318371302,44.61813208616497],[-59.5835704268738,44.72542088952197]]]}},{"type":"Feature","id":"05264","properties":{"MPIO":"05264","DPTO":"05","NOMBRE_MPI":"ENTRERRIOS","NOMBRE_DPT":"ANTIOQUIA"},"geometry":{"type":"Polygon","coordinates":[[[-63.46602320457017,45.050986913501845],[-63.37237610239458,44.97514482837017],[-63.37237610239458,44.92704984755496],[-63.317748626125486,44.87710505978532],[-63.333356476488085,44.86785602501317],[-63.423101616073026,44.87525525283089],[-63.53040558731589,44.95849656578029],[-63.567474231927065,45.03248884395753],[-63.46602320457017,45.050986913501845]]]}},{"type":"Feature","id":"68229","properties":{"MPIO":"68229","DPTO":"68","NOMBRE_MPI":"CURITI","NOMBRE_DPT":"SANTANDER"},"geometry":{"type":"Polygon","coordinates":[[[-60.04400201257045,44.76611664251946],[-59.99717846148266,44.76611664251946],[-59.950354910394864,44.723571082567545],[-59.88402154635382,44.71247224084095],[-59.81573720101745,44.73836953820299],[-59.772815612520304,44.70507301302323],[-59.86451173340057,44.67177648784347],[-59.901580378011744,44.623681507028266],[-59.96206079816681,44.61628227921054],[-60.0557079003424,44.66067764611689],[-60.0557079003424,44.7328201173397],[-60.04400201257045,44.76611664251946]]]}},{"type":"Feature","id":"81591","properties":{"MPIO":"81591","DPTO":"81","NOMBRE_MPI":"PUERTO RONDON","NOMBRE_DPT":"ARAUCA"},"geometry":{"type":"Polygon","coordinates":[[[-56.9653535285479,44.429451776813],[-56.90877507098348,44.42020274204084],[-56.75854951124347,44.329562201273724],[-56.655147502591255,44.314763745638274],[-56.549794512643714,44.244471081369895],[-56.68636320331645,44.224123204871155],[-56.7448926421762,44.194526293600255],[-56.791716193263994,44.09093710415212],[-56.824882875284516,43.97069965211409],[-56.817078950103216,43.93370351302548],[-56.93413782782271,43.96145061734194],[-57.08631436885804,43.95960081038751],[-57.250196797665325,44.01509501902044],[-57.412128245177286,44.039142509428046],[-57.52723614160145,44.074288841562236],[-57.54284399196405,44.11128498065086],[-57.51943221642015,44.20562513532684],[-57.43749100201651,44.29996529000283],[-57.4843145531043,44.344360656909174],[-57.06485357460947,44.28331702741295],[-56.904873108392835,44.251870309187616],[-56.9653535285479,44.429451776813]]]}},{"type":"Feature","id":"05501","properties":{"MPIO":"05501","DPTO":"05","NOMBRE_MPI":"OLAYA","NOMBRE_DPT":"ANTIOQUIA"},"geometry":{"type":"Polygon","coordinates":[[[-63.83085670679591,45.03988807177525],[-63.6728272218746,45.043587685684116],[-63.64941544633071,45.00289193268664],[-63.70599390389512,44.98809347705119],[-63.71574881037175,44.93999849623598],[-63.807444931252014,44.936298882327115],[-63.791837080889415,44.96219617968915],[-63.83085670679591,45.03988807177525]]]}},{"type":"Feature","id":"05042","properties":{"MPIO":"05042","DPTO":"05","NOMBRE_MPI":"SANTAFE DE ANTIOQUIA","NOMBRE_DPT":"ANTIOQUIA"},"geometry":{"type":"Polygon","coordinates":[[[-63.8776802578837,45.058386141319566],[-63.83085670679591,45.03988807177525],[-63.791837080889415,44.96219617968915],[-63.807444931252014,44.936298882327115],[-63.83475866938656,44.880804673694186],[-63.832807688091236,44.80681239551694],[-63.864023388816435,44.793863746835925],[-63.91084693990423,44.816061430289096],[-63.9401116593341,44.84565834156],[-64.09228820036944,44.92520004060053],[-64.06302348093956,45.04173787872969],[-63.951817547106046,45.02693942309424],[-63.8776802578837,45.058386141319566]]]}},{"type":"Feature","id":"68121","properties":{"MPIO":"68121","DPTO":"68","NOMBRE_MPI":"CABRERA","NOMBRE_DPT":"SANTANDER"},"geometry":{"type":"Polygon","coordinates":[[[-60.26056093635151,44.76056722165616],[-60.19617855360579,44.66807687393461],[-60.182521684538514,44.63847996266371],[-60.21373738526371,44.63108073484599],[-60.303482524848654,44.61628227921054],[-60.30153154355333,44.66067764611689],[-60.30543350614398,44.70507301302323],[-60.26056093635151,44.76056722165616]]]}},{"type":"Feature","id":"68679","properties":{"MPIO":"68679","DPTO":"68","NOMBRE_MPI":"SAN GIL","NOMBRE_DPT":"SANTANDER"},"geometry":{"type":"Polygon","coordinates":[[[-60.13764911474605,44.701373399114374],[-60.0557079003424,44.7328201173397],[-60.0557079003424,44.66067764611689],[-59.96206079816681,44.61628227921054],[-60.03034514350318,44.56078807057761],[-60.08107065718163,44.566337491440905],[-60.12204126438345,44.59223478880294],[-60.11423733920215,44.64587919048144],[-60.182521684538514,44.63847996266371],[-60.19617855360579,44.66807687393461],[-60.13764911474605,44.701373399114374]]]}},{"type":"Feature","id":"05425","properties":{"MPIO":"05425","DPTO":"05","NOMBRE_MPI":"MACEO","NOMBRE_DPT":"ANTIOQUIA"},"geometry":{"type":"Polygon","coordinates":[[[-62.46712078136387,44.80866220247137],[-62.45151293100127,44.87710505978532],[-62.28177755830801,44.858606990241015],[-62.14325788633995,44.914101198873944],[-62.055463728050334,44.901152550192926],[-62.145208867635276,44.843808534605564],[-62.21349321297164,44.723571082567545],[-62.31104227773788,44.69212436434221],[-62.41249330509477,44.74946837992958],[-62.46712078136387,44.80866220247137]]]}},{"type":"Feature","id":"68464","properties":{"MPIO":"68464","DPTO":"68","NOMBRE_MPI":"MOGOTES","NOMBRE_DPT":"SANTANDER"},"geometry":{"type":"Polygon","coordinates":[[[-59.772815612520304,44.70507301302323],[-59.69672734200264,44.601483823575094],[-59.76306070604368,44.57558652621306],[-59.751354818271736,44.54783942189659],[-59.8118352384268,44.429451776813],[-59.93669804132759,44.43870081158516],[-60.061560844228374,44.444250232448454],[-60.05765888163773,44.46459810894719],[-60.03034514350318,44.56078807057761],[-59.96206079816681,44.61628227921054],[-59.901580378011744,44.623681507028266],[-59.86451173340057,44.67177648784347],[-59.772815612520304,44.70507301302323]]]}},{"type":"Feature","id":"68344","properties":{"MPIO":"68344","DPTO":"68","NOMBRE_MPI":"HATO","NOMBRE_DPT":"SANTANDER"},"geometry":{"type":"Polygon","coordinates":[[[-60.31909037521125,44.65512822525359],[-60.34250215075515,44.60518343748395],[-60.38932570184294,44.60518343748395],[-60.47516887883724,44.65697803220802],[-60.53174733640166,44.66067764611689],[-60.43029630904476,44.75316799383844],[-60.32689430039255,44.7032232060688],[-60.31909037521125,44.65512822525359]]]}},{"type":"Feature","id":"05761","properties":{"MPIO":"05761","DPTO":"05","NOMBRE_MPI":"SOPETRAN","NOMBRE_DPT":"ANTIOQUIA"},"geometry":{"type":"Polygon","coordinates":[[[-63.64941544633071,45.00289193268664],[-63.598689932652256,44.886354094557475],[-63.678680165760575,44.89005370846634],[-63.75281745498292,44.866006218058736],[-63.78793511829876,44.81236181638023],[-63.832807688091236,44.80681239551694],[-63.83475866938656,44.880804673694186],[-63.807444931252014,44.936298882327115],[-63.71574881037175,44.93999849623598],[-63.70599390389512,44.98809347705119],[-63.64941544633071,45.00289193268664]]]}},{"type":"Feature","id":"68686","properties":{"MPIO":"68686","DPTO":"68","NOMBRE_MPI":"SAN MIGUEL","NOMBRE_DPT":"SANTANDER"},"geometry":{"type":"Polygon","coordinates":[[[-59.48992332469821,44.629230927891555],[-59.42554094195249,44.644029383527005],[-59.35725659661612,44.58483556098521],[-59.419687998066514,44.531191159306715],[-59.48992332469821,44.629230927891555]]]}},{"type":"Feature","id":"05847","properties":{"MPIO":"05847","DPTO":"05","NOMBRE_MPI":"URRAO","NOMBRE_DPT":"ANTIOQUIA"},"geometry":{"type":"Polygon","coordinates":[[[-64.83951403647883,45.04728729959298],[-64.81415127963962,45.05283672045627],[-64.76147478466585,44.97329502141574],[-64.66197473860429,45.04173787872969],[-64.61124922492583,45.043587685684116],[-64.50394525368297,45.00474173964106],[-64.26592553565334,45.02508961613981],[-64.15276862052451,44.93074946146382],[-64.13325880757125,44.81051200942581],[-64.06107249964424,44.76056722165616],[-64.08448427518813,44.701373399114374],[-64.1449646953432,44.693974171296645],[-64.1683764708871,44.531191159306715],[-64.34981773135232,44.46274830199276],[-64.38493539466816,44.42575216290414],[-64.45517072129985,44.46089849503833],[-64.48053347813908,44.63847996266371],[-64.56247469254271,44.63478034875485],[-64.67563160767155,44.62738112093713],[-64.72830810264533,44.69212436434221],[-64.85707286813675,44.699523592159935],[-64.77122969114247,44.78831432597263],[-64.83561207388819,44.858606990241015],[-64.7965924479817,44.88820390151191],[-64.84926894295546,44.980694249233466],[-64.83951403647883,45.04728729959298]]]}},{"type":"Feature","id":"68147","properties":{"MPIO":"68147","DPTO":"68","NOMBRE_MPI":"CAPITANEJO","NOMBRE_DPT":"SANTANDER"},"geometry":{"type":"Polygon","coordinates":[[[-59.532844913195355,44.621831700073834],[-59.48992332469821,44.629230927891555],[-59.419687998066514,44.531191159306715],[-59.460658605268335,44.44979965331174],[-59.48602136210756,44.45534907417504],[-59.515286081537425,44.494195020218086],[-59.564060613920546,44.57743633316748],[-59.532844913195355,44.621831700073834]]]}},{"type":"Feature","id":"05190","properties":{"MPIO":"05190","DPTO":"05","NOMBRE_MPI":"CISNEROS","NOMBRE_DPT":"ANTIOQUIA"},"geometry":{"type":"Polygon","coordinates":[[[-62.72660129364207,44.85305756937772],[-62.81634643322701,44.843808534605564],[-62.84756213395221,44.87710505978532],[-62.761718956957914,44.89560312932963],[-62.72660129364207,44.85305756937772]]]}},{"type":"Feature","id":"68425","properties":{"MPIO":"68425","DPTO":"68","NOMBRE_MPI":"MACARAVITA","NOMBRE_DPT":"SANTANDER"},"geometry":{"type":"Polygon","coordinates":[[[-59.35725659661612,44.58483556098521],[-59.277266363507806,44.588535174894076],[-59.29677617646105,44.501594248035815],[-59.306531082937674,44.49234521326366],[-59.34359972754885,44.4886455993548],[-59.419687998066514,44.451649460266175],[-59.460658605268335,44.44979965331174],[-59.419687998066514,44.531191159306715],[-59.35725659661612,44.58483556098521]]]}},{"type":"Feature","id":"15218","properties":{"MPIO":"15218","DPTO":"15","NOMBRE_MPI":"COVARACHIA","NOMBRE_DPT":"BOYACA"},"geometry":{"type":"Polygon","coordinates":[[[-59.60893318371302,44.61813208616497],[-59.564060613920546,44.57743633316748],[-59.515286081537425,44.494195020218086],[-59.5757665016925,44.47014752981049],[-59.66551164127744,44.594084595757366],[-59.60893318371302,44.61813208616497]]]}},{"type":"Feature","id":"05237","properties":{"MPIO":"05237","DPTO":"05","NOMBRE_MPI":"DON MATIAS","NOMBRE_DPT":"ANTIOQUIA"},"geometry":{"type":"Polygon","coordinates":[[[-62.95486610519507,44.886354094557475],[-63.02705241312209,44.851207762423286],[-63.1538661973182,44.84195872765113],[-63.31189568223951,44.786464519018196],[-63.36262119591795,44.78831432597263],[-63.31969960742081,44.80866220247137],[-63.333356476488085,44.86785602501317],[-63.317748626125486,44.87710505978532],[-63.26702311244704,44.85490737633215],[-63.206542692291976,44.89190351542077],[-63.03290535700806,44.901152550192926],[-62.95486610519507,44.886354094557475]]]}},{"type":"Feature","id":"05690","properties":{"MPIO":"05690","DPTO":"05","NOMBRE_MPI":"SANTO DOMINGO","NOMBRE_DPT":"ANTIOQUIA"},"geometry":{"type":"Polygon","coordinates":[[[-62.84756213395221,44.87710505978532],[-62.81634643322701,44.843808534605564],[-62.72660129364207,44.85305756937772],[-62.70709148068882,44.85305756937772],[-62.75001306918597,44.821610851152386],[-62.84951311524753,44.80681239551694],[-62.73440521882337,44.723571082567545],[-62.89633666633533,44.73097031038527],[-63.01729750664546,44.78461471206377],[-63.02705241312209,44.851207762423286],[-62.95486610519507,44.886354094557475],[-62.84756213395221,44.87710505978532]]]}},{"type":"Feature","id":"68549","properties":{"MPIO":"68549","DPTO":"68","NOMBRE_MPI":"PINCHOTE","NOMBRE_DPT":"SANTANDER"},"geometry":{"type":"Polygon","coordinates":[[[-60.182521684538514,44.63847996266371],[-60.11423733920215,44.64587919048144],[-60.12204126438345,44.59223478880294],[-60.16496285288059,44.56448768448647],[-60.21373738526371,44.63108073484599],[-60.182521684538514,44.63847996266371]]]}},{"type":"Feature","id":"68522","properties":{"MPIO":"68522","DPTO":"68","NOMBRE_MPI":"PALMAR","NOMBRE_DPT":"SANTANDER"},"geometry":{"type":"Polygon","coordinates":[[[-60.31909037521125,44.65512822525359],[-60.30153154355333,44.66067764611689],[-60.303482524848654,44.61628227921054],[-60.32689430039255,44.57743633316748],[-60.34250215075515,44.60518343748395],[-60.31909037521125,44.65512822525359]]]}},{"type":"Feature","id":"68682","properties":{"MPIO":"68682","DPTO":"68","NOMBRE_MPI":"SAN JOAQUIN","NOMBRE_DPT":"SANTANDER"},"geometry":{"type":"Polygon","coordinates":[[[-59.8118352384268,44.429451776813],[-59.751354818271736,44.54783942189659],[-59.76306070604368,44.57558652621306],[-59.69672734200264,44.601483823575094],[-59.669413603868094,44.56818729839533],[-59.68307047293536,44.45719888112947],[-59.8118352384268,44.429451776813]]]}},{"type":"Feature","id":"68502","properties":{"MPIO":"68502","DPTO":"68","NOMBRE_MPI":"ONZAGA","NOMBRE_DPT":"SANTANDER"},"geometry":{"type":"Polygon","coordinates":[[[-59.69672734200264,44.601483823575094],[-59.66551164127744,44.594084595757366],[-59.5757665016925,44.47014752981049],[-59.595276314645744,44.41280351422312],[-59.64209986573354,44.31846335954714],[-59.65575673480082,44.28516683436738],[-59.800129350654856,44.20747494228127],[-59.77866855640628,44.294415869139534],[-59.8118352384268,44.429451776813],[-59.68307047293536,44.45719888112947],[-59.669413603868094,44.56818729839533],[-59.69672734200264,44.601483823575094]]]}},{"type":"Feature","id":"05670","properties":{"MPIO":"05670","DPTO":"05","NOMBRE_MPI":"SAN ROQUE","NOMBRE_DPT":"ANTIOQUIA"},"geometry":{"type":"Polygon","coordinates":[[[-62.46712078136387,44.80866220247137],[-62.41249330509477,44.74946837992958],[-62.46126783747789,44.71062243388653],[-62.43590508063867,44.6199818931194],[-62.47882666913581,44.62738112093713],[-62.56466984613011,44.69212436434221],[-62.67002283607765,44.693974171296645],[-62.73440521882337,44.723571082567545],[-62.84951311524753,44.80681239551694],[-62.75001306918597,44.821610851152386],[-62.70709148068882,44.85305756937772],[-62.58417965908336,44.821610851152386],[-62.46712078136387,44.80866220247137]]]}},{"type":"Feature","id":"68861","properties":{"MPIO":"68861","DPTO":"68","NOMBRE_MPI":"VELEZ","NOMBRE_DPT":"SANTANDER"},"geometry":{"type":"Polygon","coordinates":[[[-61.06046326743468,44.708772626932095],[-60.96486518396377,44.71247224084095],[-60.857561212720896,44.63847996266371],[-60.86146317531155,44.53489077321557],[-60.93364948323857,44.471997336764915],[-60.91999261417129,44.27776760654965],[-60.945355371010514,44.20747494228127],[-60.8497572875396,44.18897687273696],[-60.84585532494895,44.16677918928379],[-60.91413967028532,44.102035945878704],[-61.00778677246091,44.174178417101515],[-61.03119854800481,44.18342745187367],[-60.95901224007779,44.29996529000283],[-61.02534560411883,44.38505640990665],[-61.00388480987026,44.45349926722061],[-60.91999261417129,44.5182425106257],[-60.91023770769467,44.61628227921054],[-61.06046326743468,44.708772626932095]]]}},{"type":"Feature","id":"68385","properties":{"MPIO":"68385","DPTO":"68","NOMBRE_MPI":"LANDAZURI","NOMBRE_DPT":"SANTANDER"},"geometry":{"type":"Polygon","coordinates":[[[-61.083875042978576,44.69027455738778],[-61.06046326743468,44.708772626932095],[-60.91023770769467,44.61628227921054],[-60.91999261417129,44.5182425106257],[-61.00388480987026,44.45349926722061],[-61.02534560411883,44.38505640990665],[-61.15215938831494,44.366558340362346],[-61.36481634950535,44.416503128131986],[-61.49163013370146,44.394305444678814],[-61.50528700276874,44.42575216290414],[-61.355061443028724,44.44055061853959],[-61.130698594066374,44.49789463412695],[-61.06436523002533,44.608883051392816],[-61.083875042978576,44.69027455738778]]]}},{"type":"Feature","id":"68755","properties":{"MPIO":"68755","DPTO":"68","NOMBRE_MPI":"SOCORRO","NOMBRE_DPT":"SANTANDER"},"geometry":{"type":"Polygon","coordinates":[[[-60.21373738526371,44.63108073484599],[-60.16496285288059,44.56448768448647],[-60.215688366559036,44.51084328280797],[-60.350306075936444,44.53489077321557],[-60.32689430039255,44.57743633316748],[-60.303482524848654,44.61628227921054],[-60.21373738526371,44.63108073484599]]]}},{"type":"Feature","id":"05125","properties":{"MPIO":"05125","DPTO":"05","NOMBRE_MPI":"CAICEDO","NOMBRE_DPT":"ANTIOQUIA"},"geometry":{"type":"Polygon","coordinates":[[[-64.15276862052451,44.93074946146382],[-64.09228820036944,44.92520004060053],[-63.9401116593341,44.84565834156],[-63.91084693990423,44.816061430289096],[-63.98498422912657,44.76981625642832],[-64.06107249964424,44.76056722165616],[-64.13325880757125,44.81051200942581],[-64.15276862052451,44.93074946146382]]]}},{"type":"Feature","id":"05079","properties":{"MPIO":"05079","DPTO":"05","NOMBRE_MPI":"BARBOSA","NOMBRE_DPT":"ANTIOQUIA"},"geometry":{"type":"Polygon","coordinates":[[[-63.02705241312209,44.851207762423286],[-63.01729750664546,44.78461471206377],[-63.12850344047898,44.723571082567545],[-63.26312114985639,44.723571082567545],[-63.31189568223951,44.786464519018196],[-63.1538661973182,44.84195872765113],[-63.02705241312209,44.851207762423286]]]}},{"type":"Feature","id":"15248","properties":{"MPIO":"15248","DPTO":"15","NOMBRE_MPI":"EL ESPINO","NOMBRE_DPT":"BOYACA"},"geometry":{"type":"Polygon","coordinates":[[[-59.29677617646105,44.501594248035815],[-59.171913373560265,44.5126930897624],[-59.115334915995845,44.486795792400365],[-59.15045257931169,44.466447915901625],[-59.22458986853403,44.42390235594971],[-59.306531082937674,44.49234521326366],[-59.29677617646105,44.501594248035815]]]}},{"type":"Feature","id":"05664","properties":{"MPIO":"05664","DPTO":"05","NOMBRE_MPI":"SAN PEDRO","NOMBRE_DPT":"ANTIOQUIA"},"geometry":{"type":"Polygon","coordinates":[[[-63.333356476488085,44.86785602501317],[-63.31969960742081,44.80866220247137],[-63.36262119591795,44.78831432597263],[-63.38408199016653,44.78831432597263],[-63.444562410321595,44.76981625642832],[-63.53820951249719,44.79571355379036],[-63.61819974560551,44.79201393988149],[-63.598689932652256,44.866006218058736],[-63.423101616073026,44.87525525283089],[-63.333356476488085,44.86785602501317]]]}},{"type":"Feature","id":"05656","properties":{"MPIO":"05656","DPTO":"05","NOMBRE_MPI":"SAN JERONIMO","NOMBRE_DPT":"ANTIOQUIA"},"geometry":{"type":"Polygon","coordinates":[[[-63.598689932652256,44.866006218058736],[-63.61819974560551,44.79201393988149],[-63.62015072690083,44.76611664251946],[-63.73916058591564,44.76796644947389],[-63.78793511829876,44.81236181638023],[-63.75281745498292,44.866006218058736],[-63.678680165760575,44.89005370846634],[-63.598689932652256,44.886354094557475],[-63.598689932652256,44.866006218058736]]]}},{"type":"Feature","id":"68720","properties":{"MPIO":"68720","DPTO":"68","NOMBRE_MPI":"SANTA HELENA DEL OPON","NOMBRE_DPT":"SANTANDER"},"geometry":{"type":"Polygon","coordinates":[[[-60.857561212720896,44.63847996266371],[-60.70148270909492,44.65697803220802],[-60.600031681738024,44.59778420966623],[-60.5902767752614,44.51084328280797],[-60.681972896141666,44.46459810894719],[-60.76001214795466,44.46829772285605],[-60.769767054431284,44.44240042549402],[-60.857561212720896,44.44794984635731],[-60.86146317531155,44.53489077321557],[-60.857561212720896,44.63847996266371]]]}},{"type":"Feature","id":"68533","properties":{"MPIO":"68533","DPTO":"68","NOMBRE_MPI":"PARAMO","NOMBRE_DPT":"SANTANDER"},"geometry":{"type":"Polygon","coordinates":[[[-60.12204126438345,44.59223478880294],[-60.08107065718163,44.566337491440905],[-60.14935500251799,44.531191159306715],[-60.15715892769929,44.49049540630923],[-60.22934523562631,44.486795792400365],[-60.215688366559036,44.51084328280797],[-60.16496285288059,44.56448768448647],[-60.12204126438345,44.59223478880294]]]}},{"type":"Feature","id":"15317","properties":{"MPIO":"15317","DPTO":"15","NOMBRE_MPI":"GUACAMAYAS","NOMBRE_DPT":"BOYACA"},"geometry":{"type":"Polygon","coordinates":[[[-59.34359972754885,44.4886455993548],[-59.306531082937674,44.49234521326366],[-59.22458986853403,44.42390235594971],[-59.25190360666858,44.361008919499056],[-59.32213893330027,44.43315139072186],[-59.34359972754885,44.4886455993548]]]}},{"type":"Feature","id":"68855","properties":{"MPIO":"68855","DPTO":"68","NOMBRE_MPI":"VALLE DE SAN JOSE","NOMBRE_DPT":"SANTANDER"},"geometry":{"type":"Polygon","coordinates":[[[-60.08107065718163,44.566337491440905],[-60.03034514350318,44.56078807057761],[-60.05765888163773,44.46459810894719],[-60.15715892769929,44.49049540630923],[-60.14935500251799,44.531191159306715],[-60.08107065718163,44.566337491440905]]]}},{"type":"Feature","id":"15673","properties":{"MPIO":"15673","DPTO":"15","NOMBRE_MPI":"SAN MATEO","NOMBRE_DPT":"BOYACA"},"geometry":{"type":"Polygon","coordinates":[[[-59.34359972754885,44.4886455993548],[-59.32213893330027,44.43315139072186],[-59.25190360666858,44.361008919499056],[-59.24605066278261,44.33326181518259],[-59.37286444697872,44.34251084995474],[-59.419687998066514,44.451649460266175],[-59.34359972754885,44.4886455993548]]]}},{"type":"Feature","id":"68176","properties":{"MPIO":"68176","DPTO":"68","NOMBRE_MPI":"CHIMA","NOMBRE_DPT":"SANTANDER"},"geometry":{"type":"Polygon","coordinates":[[[-60.600031681738024,44.59778420966623],[-60.52979635510633,44.55338884275989],[-60.37371785148035,44.507143668899104],[-60.39127668313827,44.47939656458264],[-60.465413972360615,44.42575216290414],[-60.51028654215308,44.41465332117755],[-60.586374812670755,44.44979965331174],[-60.5902767752614,44.51084328280797],[-60.600031681738024,44.59778420966623]]]}},{"type":"Feature","id":"15522","properties":{"MPIO":"15522","DPTO":"15","NOMBRE_MPI":"PANQUEBA","NOMBRE_DPT":"BOYACA"},"geometry":{"type":"Polygon","coordinates":[[[-59.15045257931169,44.466447915901625],[-59.15045257931169,44.4054042864054],[-59.25190360666858,44.361008919499056],[-59.22458986853403,44.42390235594971],[-59.15045257931169,44.466447915901625]]]}},{"type":"Feature","id":"15810","properties":{"MPIO":"15810","DPTO":"15","NOMBRE_MPI":"TIPACOQUE","NOMBRE_DPT":"BOYACA"},"geometry":{"type":"Polygon","coordinates":[[[-59.5757665016925,44.47014752981049],[-59.515286081537425,44.494195020218086],[-59.48602136210756,44.45534907417504],[-59.48602136210756,44.396155251633246],[-59.595276314645744,44.41280351422312],[-59.5757665016925,44.47014752981049]]]}},{"type":"Feature","id":"05142","properties":{"MPIO":"05142","DPTO":"05","NOMBRE_MPI":"CARACOLI","NOMBRE_DPT":"ANTIOQUIA"},"geometry":{"type":"Polygon","coordinates":[[[-62.41249330509477,44.74946837992958],[-62.31104227773788,44.69212436434221],[-62.19593438131372,44.58298575403078],[-62.19008143742774,44.516392703671265],[-62.22715008203892,44.49974444108138],[-62.27007167053606,44.544139807987726],[-62.31494424032853,44.5182425106257],[-62.35396386623503,44.521942124534554],[-62.43590508063867,44.6199818931194],[-62.46126783747789,44.71062243388653],[-62.41249330509477,44.74946837992958]]]}},{"type":"Feature","id":"05206","properties":{"MPIO":"05206","DPTO":"05","NOMBRE_MPI":"CONCEPCION","NOMBRE_DPT":"ANTIOQUIA"},"geometry":{"type":"Polygon","coordinates":[[[-63.01729750664546,44.78461471206377],[-62.89633666633533,44.73097031038527],[-62.970473955557665,44.64587919048144],[-63.05241516996131,44.68287532957006],[-63.12850344047898,44.723571082567545],[-63.01729750664546,44.78461471206377]]]}},{"type":"Feature","id":"05308","properties":{"MPIO":"05308","DPTO":"05","NOMBRE_MPI":"GIRARDOTA","NOMBRE_DPT":"ANTIOQUIA"},"geometry":{"type":"Polygon","coordinates":[[[-63.36262119591795,44.78831432597263],[-63.31189568223951,44.786464519018196],[-63.26312114985639,44.723571082567545],[-63.27872900021899,44.68287532957006],[-63.35676825203198,44.68472513652449],[-63.38408199016653,44.78831432597263],[-63.36262119591795,44.78831432597263]]]}},{"type":"Feature","id":"15097","properties":{"MPIO":"15097","DPTO":"15","NOMBRE_MPI":"BOAVITA","NOMBRE_DPT":"BOYACA"},"geometry":{"type":"Polygon","coordinates":[[[-59.419687998066514,44.451649460266175],[-59.37286444697872,44.34251084995474],[-59.42358996065717,44.251870309187616],[-59.49577626858418,44.21117455619014],[-59.48992332469821,44.279617413504084],[-59.48602136210756,44.396155251633246],[-59.48602136210756,44.45534907417504],[-59.460658605268335,44.44979965331174],[-59.419687998066514,44.451649460266175]]]}},{"type":"Feature","id":"05212","properties":{"MPIO":"05212","DPTO":"05","NOMBRE_MPI":"COPACABANA","NOMBRE_DPT":"ANTIOQUIA"},"geometry":{"type":"Polygon","coordinates":[[[-63.444562410321595,44.76981625642832],[-63.38408199016653,44.78831432597263],[-63.35676825203198,44.68472513652449],[-63.41724867218705,44.66622706698018],[-63.45041535420757,44.679175715661195],[-63.444562410321595,44.76981625642832]]]}},{"type":"Feature","id":"05088","properties":{"MPIO":"05088","DPTO":"05","NOMBRE_MPI":"BELLO","NOMBRE_DPT":"ANTIOQUIA"},"geometry":{"type":"Polygon","coordinates":[[[-63.61819974560551,44.79201393988149],[-63.53820951249719,44.79571355379036],[-63.444562410321595,44.76981625642832],[-63.45041535420757,44.679175715661195],[-63.53820951249719,44.67732590870676],[-63.62015072690083,44.76611664251946],[-63.61819974560551,44.79201393988149]]]}},{"type":"Feature","id":"05240","properties":{"MPIO":"05240","DPTO":"05","NOMBRE_MPI":"EBEJICO","NOMBRE_DPT":"ANTIOQUIA"},"geometry":{"type":"Polygon","coordinates":[[[-63.78793511829876,44.81236181638023],[-63.73916058591564,44.76796644947389],[-63.70599390389512,44.729120503430835],[-63.70794488519045,44.658827839162456],[-63.76062138016422,44.67177648784347],[-63.87377829529306,44.63108073484599],[-63.918650865085525,44.64587919048144],[-63.887435164360326,44.66807687393461],[-63.887435164360326,44.76056722165616],[-63.864023388816435,44.793863746835925],[-63.832807688091236,44.80681239551694],[-63.78793511829876,44.81236181638023]]]}},{"type":"Feature","id":"68524","properties":{"MPIO":"68524","DPTO":"68","NOMBRE_MPI":"PALMAS DEL SOCORRO","NOMBRE_DPT":"SANTANDER"},"geometry":{"type":"Polygon","coordinates":[[[-60.350306075936444,44.53489077321557],[-60.215688366559036,44.51084328280797],[-60.22934523562631,44.486795792400365],[-60.29762958096268,44.44240042549402],[-60.39127668313827,44.47939656458264],[-60.37371785148035,44.507143668899104],[-60.350306075936444,44.53489077321557]]]}},{"type":"Feature","id":"05044","properties":{"MPIO":"05044","DPTO":"05","NOMBRE_MPI":"ANZA","NOMBRE_DPT":"ANTIOQUIA"},"geometry":{"type":"Polygon","coordinates":[[[-63.864023388816435,44.793863746835925],[-63.887435164360326,44.76056722165616],[-63.887435164360326,44.66807687393461],[-63.918650865085525,44.64587919048144],[-64.04546464928164,44.63478034875485],[-64.08448427518813,44.701373399114374],[-64.06107249964424,44.76056722165616],[-63.98498422912657,44.76981625642832],[-63.91084693990423,44.816061430289096],[-63.864023388816435,44.793863746835925]]]}},{"type":"Feature","id":"05021","properties":{"MPIO":"05021","DPTO":"05","NOMBRE_MPI":"ALEJANDRIA","NOMBRE_DPT":"ANTIOQUIA"},"geometry":{"type":"Polygon","coordinates":[[[-62.89633666633533,44.73097031038527],[-62.73440521882337,44.723571082567545],[-62.67002283607765,44.693974171296645],[-62.87292489079143,44.6495788043903],[-62.89633666633533,44.62738112093713],[-62.96657199296702,44.62738112093713],[-62.970473955557665,44.64587919048144],[-62.89633666633533,44.73097031038527]]]}},{"type":"Feature","id":"15244","properties":{"MPIO":"15244","DPTO":"15","NOMBRE_MPI":"EL COCUY","NOMBRE_DPT":"BOYACA"},"geometry":{"type":"Polygon","coordinates":[[[-59.25190360666858,44.361008919499056],[-59.15045257931169,44.4054042864054],[-59.099727065633246,44.394305444678814],[-59.04509958936415,44.322162973456],[-59.15045257931169,44.24817069527876],[-59.22263888723871,44.28516683436738],[-59.24605066278261,44.33326181518259],[-59.25190360666858,44.361008919499056]]]}},{"type":"Feature","id":"05667","properties":{"MPIO":"05667","DPTO":"05","NOMBRE_MPI":"SAN RAFAEL","NOMBRE_DPT":"ANTIOQUIA"},"geometry":{"type":"Polygon","coordinates":[[[-62.67002283607765,44.693974171296645],[-62.56466984613011,44.69212436434221],[-62.47882666913581,44.62738112093713],[-62.58222867778803,44.61813208616497],[-62.62905222887583,44.571886912304194],[-62.78513073250181,44.56818729839533],[-62.794885638978435,44.536740580170004],[-62.88072881597273,44.54968922885102],[-62.89633666633533,44.62738112093713],[-62.87292489079143,44.6495788043903],[-62.67002283607765,44.693974171296645]]]}},{"type":"Feature","id":"68209","properties":{"MPIO":"68209","DPTO":"68","NOMBRE_MPI":"CONFINES","NOMBRE_DPT":"SANTANDER"},"geometry":{"type":"Polygon","coordinates":[[[-60.22934523562631,44.486795792400365],[-60.15715892769929,44.49049540630923],[-60.15715892769929,44.43870081158516],[-60.23324719821696,44.42575216290414],[-60.29762958096268,44.44240042549402],[-60.22934523562631,44.486795792400365]]]}},{"type":"Feature","id":"68498","properties":{"MPIO":"68498","DPTO":"68","NOMBRE_MPI":"OCAMONTE","NOMBRE_DPT":"SANTANDER"},"geometry":{"type":"Polygon","coordinates":[[[-60.15715892769929,44.49049540630923],[-60.05765888163773,44.46459810894719],[-60.061560844228374,44.444250232448454],[-60.14155107733669,44.3998548655421],[-60.15715892769929,44.43870081158516],[-60.15715892769929,44.49049540630923]]]}},{"type":"Feature","id":"05001","properties":{"MPIO":"05001","DPTO":"05","NOMBRE_MPI":"MEDELLIN","NOMBRE_DPT":"ANTIOQUIA"},"geometry":{"type":"Polygon","coordinates":[[[-63.62015072690083,44.76611664251946],[-63.53820951249719,44.67732590870676],[-63.45041535420757,44.679175715661195],[-63.41724867218705,44.66622706698018],[-63.40944474700575,44.60333363052952],[-63.36457217721328,44.57743633316748],[-63.42505259736835,44.57558652621306],[-63.48553301752342,44.557088456668744],[-63.52845460602057,44.566337491440905],[-63.61234680171953,44.586685367939644],[-63.6260036707868,44.56448768448647],[-63.67477820316992,44.56078807057761],[-63.69233703482785,44.571886912304194],[-63.70794488519045,44.658827839162456],[-63.70599390389512,44.729120503430835],[-63.73916058591564,44.76796644947389],[-63.62015072690083,44.76611664251946]]]}},{"type":"Feature","id":"05674","properties":{"MPIO":"05674","DPTO":"05","NOMBRE_MPI":"SAN VICENTE","NOMBRE_DPT":"ANTIOQUIA"},"geometry":{"type":"Polygon","coordinates":[[[-63.26312114985639,44.723571082567545],[-63.12850344047898,44.723571082567545],[-63.05241516996131,44.68287532957006],[-63.036807319598715,44.63293054180042],[-63.12655245918366,44.59963401662066],[-63.17337601027145,44.57558652621306],[-63.21629759876859,44.586685367939644],[-63.24751329949379,44.66807687393461],[-63.27872900021899,44.68287532957006],[-63.26312114985639,44.723571082567545]]]}},{"type":"Feature","id":"68217","properties":{"MPIO":"68217","DPTO":"68","NOMBRE_MPI":"COROMORO","NOMBRE_DPT":"SANTANDER"},"geometry":{"type":"Polygon","coordinates":[[[-59.8118352384268,44.429451776813],[-59.77866855640628,44.294415869139534],[-59.800129350654856,44.20747494228127],[-59.86060977080992,44.17232861014708],[-59.919139209669666,44.20562513532684],[-60.047903975161105,44.23152243268888],[-60.127894208269424,44.279617413504084],[-60.10643341402085,44.33326181518259],[-60.02839416220785,44.372107761225635],[-60.00108042407331,44.42390235594971],[-59.93669804132759,44.43870081158516],[-59.8118352384268,44.429451776813]]]}},{"type":"Feature","id":"68211","properties":{"MPIO":"68211","DPTO":"68","NOMBRE_MPI":"CONTRATACION","NOMBRE_DPT":"SANTANDER"},"geometry":{"type":"Polygon","coordinates":[[[-60.5902767752614,44.51084328280797],[-60.586374812670755,44.44979965331174],[-60.51028654215308,44.41465332117755],[-60.57857088748945,44.364708533407914],[-60.681972896141666,44.46459810894719],[-60.5902767752614,44.51084328280797]]]}},{"type":"Feature","id":"68397","properties":{"MPIO":"68397","DPTO":"68","NOMBRE_MPI":"LA PAZ","NOMBRE_DPT":"SANTANDER"},"geometry":{"type":"Polygon","coordinates":[[[-60.86146317531155,44.53489077321557],[-60.857561212720896,44.44794984635731],[-60.769767054431284,44.44240042549402],[-60.67026700836972,44.35545949863576],[-60.71709055945752,44.33511162213702],[-60.738551353706086,44.279617413504084],[-60.77366901702193,44.229672625734445],[-60.867316119197525,44.28516683436738],[-60.91999261417129,44.27776760654965],[-60.93364948323857,44.471997336764915],[-60.86146317531155,44.53489077321557]]]}},{"type":"Feature","id":"68167","properties":{"MPIO":"68167","DPTO":"68","NOMBRE_MPI":"CHARALA","NOMBRE_DPT":"SANTANDER"},"geometry":{"type":"Polygon","coordinates":[[[-59.93669804132759,44.43870081158516],[-60.00108042407331,44.42390235594971],[-60.02839416220785,44.372107761225635],[-60.10643341402085,44.33326181518259],[-60.127894208269424,44.279617413504084],[-60.19617855360579,44.144581505830615],[-60.25275701117021,44.08168806937996],[-60.28202173060008,44.08168806937996],[-60.31713939391592,44.094636718060976],[-60.33274724427852,44.11868420846858],[-60.31713939391592,44.244471081369895],[-60.311286450029954,44.29626567609397],[-60.23324719821696,44.37765718208893],[-60.23324719821696,44.42575216290414],[-60.15715892769929,44.43870081158516],[-60.14155107733669,44.3998548655421],[-60.061560844228374,44.444250232448454],[-59.93669804132759,44.43870081158516]]]}},{"type":"Feature","id":"15753","properties":{"MPIO":"15753","DPTO":"15","NOMBRE_MPI":"SOATA","NOMBRE_DPT":"BOYACA"},"geometry":{"type":"Polygon","coordinates":[[[-59.48602136210756,44.396155251633246],[-59.48992332469821,44.279617413504084],[-59.54259981967198,44.27776760654965],[-59.64209986573354,44.31846335954714],[-59.595276314645744,44.41280351422312],[-59.48602136210756,44.396155251633246]]]}},{"type":"Feature","id":"68322","properties":{"MPIO":"68322","DPTO":"68","NOMBRE_MPI":"GUAPOTA","NOMBRE_DPT":"SANTANDER"},"geometry":{"type":"Polygon","coordinates":[[[-60.29762958096268,44.44240042549402],[-60.37371785148035,44.396155251633246],[-60.46736495365594,44.41465332117755],[-60.465413972360615,44.42575216290414],[-60.39127668313827,44.47939656458264],[-60.29762958096268,44.44240042549402]]]}},{"type":"Feature","id":"05541","properties":{"MPIO":"05541","DPTO":"05","NOMBRE_MPI":"PE¥OL","NOMBRE_DPT":"ANTIOQUIA"},"geometry":{"type":"Polygon","coordinates":[[[-63.05241516996131,44.68287532957006],[-62.970473955557665,44.64587919048144],[-62.96657199296702,44.62738112093713],[-62.99193474980624,44.57558652621306],[-62.96657199296702,44.51084328280797],[-63.060219095142614,44.494195020218086],[-63.07972890809586,44.507143668899104],[-63.12655245918366,44.59963401662066],[-63.036807319598715,44.63293054180042],[-63.05241516996131,44.68287532957006]]]}},{"type":"Feature","id":"27001","properties":{"MPIO":"27001","DPTO":"27","NOMBRE_MPI":"QUIBDO","NOMBRE_DPT":"CHOCO"},"geometry":{"type":"Polygon","coordinates":[[[-65.182886744456,44.829010078970114],[-65.16922987538874,44.76796644947389],[-65.10094553005236,44.71617185474982],[-65.09314160487106,44.64772899743587],[-65.18093576316068,44.61073285834725],[-65.33506328549134,44.608883051392816],[-65.40724959341836,44.64587919048144],[-65.49114178911732,44.521942124534554],[-65.41505351859966,44.536740580170004],[-65.38188683657913,44.48494598544593],[-65.41310253730433,44.386906216861085],[-65.30774954735679,44.30551471086612],[-65.17898478186535,44.32031316650157],[-65.11655338041496,44.351759884726896],[-64.99169057751418,44.37765718208893],[-64.80049441057234,44.45534907417504],[-64.73806300912194,44.52564173844342],[-64.60149431844921,44.5959344027118],[-64.56247469254271,44.63478034875485],[-64.48053347813908,44.63847996266371],[-64.45517072129985,44.46089849503833],[-64.38493539466816,44.42575216290414],[-64.3810334320775,44.42575216290414],[-64.420053057984,44.40355447945097],[-64.43761188964193,44.34066104300031],[-64.59564137456323,44.259269537005345],[-64.67368062637622,44.18342745187367],[-64.87072973720403,44.15013092669391],[-64.954621932903,44.144581505830615],[-65.06582786673651,44.10758536674199],[-65.08923964228042,44.12978305019517],[-65.05217099766924,44.15753015451163],[-65.47553393875472,44.16862899623822],[-65.47943590134537,44.209324749235705],[-65.5360143589098,44.24077146746103],[-65.56527907833967,44.44610003940288],[-65.63356342367604,44.46459810894719],[-65.69014188124045,44.57743633316748],[-65.63356342367604,44.64032976961815],[-65.57503398481629,44.66622706698018],[-65.59649477906487,44.72542088952197],[-65.51650454595655,44.799413167699214],[-65.41700449989499,44.73466992429413],[-65.33701426678667,44.7328201173397],[-65.2531220710877,44.779065291200475],[-65.2219063703625,44.83270969287898],[-65.182886744456,44.829010078970114]]]}},{"type":"Feature","id":"15403","properties":{"MPIO":"15403","DPTO":"15","NOMBRE_MPI":"LA UVITA","NOMBRE_DPT":"BOYACA"},"geometry":{"type":"Polygon","coordinates":[[[-59.24605066278261,44.33326181518259],[-59.22263888723871,44.28516683436738],[-59.30262912034703,44.24077146746103],[-59.37676640956937,44.17232861014708],[-59.49577626858418,44.21117455619014],[-59.42358996065717,44.251870309187616],[-59.37286444697872,44.34251084995474],[-59.24605066278261,44.33326181518259]]]}},{"type":"Feature","id":"68500","properties":{"MPIO":"68500","DPTO":"68","NOMBRE_MPI":"OIBA","NOMBRE_DPT":"SANTANDER"},"geometry":{"type":"Polygon","coordinates":[[[-60.23324719821696,44.42575216290414],[-60.23324719821696,44.37765718208893],[-60.311286450029954,44.29626567609397],[-60.31713939391592,44.244471081369895],[-60.449806121998016,44.279617413504084],[-60.42054140256814,44.336961429091446],[-60.46736495365594,44.41465332117755],[-60.37371785148035,44.396155251633246],[-60.29762958096268,44.44240042549402],[-60.23324719821696,44.42575216290414]]]}},{"type":"Feature","id":"05649","properties":{"MPIO":"05649","DPTO":"05","NOMBRE_MPI":"SAN CARLOS","NOMBRE_DPT":"ANTIOQUIA"},"geometry":{"type":"Polygon","coordinates":[[[-62.47882666913581,44.62738112093713],[-62.43590508063867,44.6199818931194],[-62.35396386623503,44.521942124534554],[-62.31494424032853,44.5182425106257],[-62.344208959758404,44.486795792400365],[-62.472973725249844,44.42390235594971],[-62.47687568784049,44.37395756818007],[-62.57442475260673,44.34251084995474],[-62.632954191466474,44.35545949863576],[-62.69343461162155,44.41835293508642],[-62.81439545193169,44.44794984635731],[-62.88072881597273,44.54968922885102],[-62.794885638978435,44.536740580170004],[-62.78513073250181,44.56818729839533],[-62.62905222887583,44.571886912304194],[-62.58222867778803,44.61813208616497],[-62.47882666913581,44.62738112093713]]]}},{"type":"Feature","id":"05318","properties":{"MPIO":"05318","DPTO":"05","NOMBRE_MPI":"GUARNE","NOMBRE_DPT":"ANTIOQUIA"},"geometry":{"type":"Polygon","coordinates":[[[-63.27872900021899,44.68287532957006],[-63.24751329949379,44.66807687393461],[-63.21629759876859,44.586685367939644],[-63.36457217721328,44.57743633316748],[-63.40944474700575,44.60333363052952],[-63.41724867218705,44.66622706698018],[-63.35676825203198,44.68472513652449],[-63.27872900021899,44.68287532957006]]]}},{"type":"Feature","id":"68245","properties":{"MPIO":"68245","DPTO":"68","NOMBRE_MPI":"EL GUACAMAYO","NOMBRE_DPT":"SANTANDER"},"geometry":{"type":"Polygon","coordinates":[[[-60.681972896141666,44.46459810894719],[-60.57857088748945,44.364708533407914],[-60.619541494691276,44.322162973456],[-60.67026700836972,44.35545949863576],[-60.769767054431284,44.44240042549402],[-60.76001214795466,44.46829772285605],[-60.681972896141666,44.46459810894719]]]}},{"type":"Feature","id":"99001","properties":{"MPIO":"99001","DPTO":"99","NOMBRE_MPI":"PUERTO CARRE¥O","NOMBRE_DPT":"VICHADA"},"geometry":{"type":"Polygon","coordinates":[[[-53.923773689136524,43.46570235355441],[-53.79891088623573,43.48974984396202],[-53.54918528043416,43.460152932691116],[-53.47309700991649,43.476801195281],[-53.31701850629051,43.48050080918986],[-53.16289098395985,43.42130698664807],[-53.055587012716984,43.467552160508845],[-52.88585164002372,43.502698492643034],[-52.81756729468735,43.46940196746328],[-52.58344953924838,43.417607372739205],[-52.48394949318681,43.3399154806531],[-52.532724025569934,43.275172237248015],[-52.53077304427461,43.20672937993406],[-52.48394949318681,43.12348806698466],[-52.75513589323696,42.982902738447905],[-52.84293005152658,42.8164201125491],[-52.85073397670788,42.70728150223767],[-52.93072420981619,42.633289224060434],[-53.158989021369194,42.568545980655344],[-53.266292992612065,42.611091540607255],[-53.3404302818344,42.70728150223767],[-53.49455780416507,42.73687841350857],[-53.60381275670325,42.74242783437187],[-53.818420699188984,42.683234011830066],[-53.89450896970665,42.710981116146534],[-53.972548221519645,42.80162165691365],[-54.08180317405783,42.80532127082252],[-53.923773689136524,43.46570235355441]]]}},{"type":"Feature","id":"68320","properties":{"MPIO":"68320","DPTO":"68","NOMBRE_MPI":"GUADALUPE","NOMBRE_DPT":"SANTANDER"},"geometry":{"type":"Polygon","coordinates":[[[-60.465413972360615,44.42575216290414],[-60.46736495365594,44.41465332117755],[-60.42054140256814,44.336961429091446],[-60.449806121998016,44.279617413504084],[-60.600031681738024,44.294415869139534],[-60.619541494691276,44.322162973456],[-60.57857088748945,44.364708533407914],[-60.51028654215308,44.41465332117755],[-60.465413972360615,44.42575216290414]]]}},{"type":"Feature","id":"05321","properties":{"MPIO":"05321","DPTO":"05","NOMBRE_MPI":"GUATAPE","NOMBRE_DPT":"ANTIOQUIA"},"geometry":{"type":"Polygon","coordinates":[[[-62.96657199296702,44.62738112093713],[-62.89633666633533,44.62738112093713],[-62.88072881597273,44.54968922885102],[-62.96657199296702,44.51084328280797],[-62.99193474980624,44.57558652621306],[-62.96657199296702,44.62738112093713]]]}},{"type":"Feature","id":"05093","properties":{"MPIO":"05093","DPTO":"05","NOMBRE_MPI":"BETULIA","NOMBRE_DPT":"ANTIOQUIA"},"geometry":{"type":"Polygon","coordinates":[[[-64.08448427518813,44.701373399114374],[-64.04546464928164,44.63478034875485],[-63.918650865085525,44.64587919048144],[-63.9166998837902,44.566337491440905],[-63.95767049099202,44.573736719258626],[-64.10789605073204,44.501594248035815],[-64.1683764708871,44.531191159306715],[-64.1449646953432,44.693974171296645],[-64.08448427518813,44.701373399114374]]]}},{"type":"Feature","id":"05347","properties":{"MPIO":"05347","DPTO":"05","NOMBRE_MPI":"HELICONIA","NOMBRE_DPT":"ANTIOQUIA"},"geometry":{"type":"Polygon","coordinates":[[[-63.70794488519045,44.658827839162456],[-63.69233703482785,44.571886912304194],[-63.75476843627824,44.56448768448647],[-63.87377829529306,44.63108073484599],[-63.76062138016422,44.67177648784347],[-63.70794488519045,44.658827839162456]]]}},{"type":"Feature","id":"15183","properties":{"MPIO":"15183","DPTO":"15","NOMBRE_MPI":"CHITA","NOMBRE_DPT":"BOYACA"},"geometry":{"type":"Polygon","coordinates":[[[-59.22263888723871,44.28516683436738],[-59.15045257931169,44.24817069527876],[-59.14850159801637,44.23152243268888],[-59.179717298741565,44.17602822405594],[-59.15240356060701,44.09648652501541],[-59.09777608433792,44.06134019288122],[-59.130942766358444,44.024344053792596],[-59.20117809299013,43.89855718089129],[-59.23239379371533,43.881908918301406],[-59.257756550554554,43.92630428520775],[-59.37286444697872,44.0187946329293],[-59.36896248438807,44.06873942069895],[-59.331893839776896,44.09278691110654],[-59.33579580236755,44.14643131278505],[-59.37676640956937,44.17232861014708],[-59.30262912034703,44.24077146746103],[-59.22263888723871,44.28516683436738]]]}},{"type":"Feature","id":"15774","properties":{"MPIO":"15774","DPTO":"15","NOMBRE_MPI":"SUSACON","NOMBRE_DPT":"BOYACA"},"geometry":{"type":"Polygon","coordinates":[[[-59.48992332469821,44.279617413504084],[-59.49577626858418,44.21117455619014],[-59.49967823117483,44.18712706578253],[-59.677217529049386,44.19822590750912],[-59.765011687339005,44.18712706578253],[-59.800129350654856,44.20747494228127],[-59.65575673480082,44.28516683436738],[-59.64209986573354,44.31846335954714],[-59.54259981967198,44.27776760654965],[-59.48992332469821,44.279617413504084]]]}},{"type":"Feature","id":"68101","properties":{"MPIO":"68101","DPTO":"68","NOMBRE_MPI":"BOLIVAR","NOMBRE_DPT":"SANTANDER"},"geometry":{"type":"Polygon","coordinates":[[[-62.05156176545968,44.53304096626114],[-61.99498330789527,44.486795792400365],[-61.89938522442435,44.47569695067378],[-61.741355739503035,44.4886455993548],[-61.596983123649004,44.44055061853959],[-61.50528700276874,44.42575216290414],[-61.49163013370146,44.394305444678814],[-61.36481634950535,44.416503128131986],[-61.15215938831494,44.366558340362346],[-61.02534560411883,44.38505640990665],[-60.95901224007779,44.29996529000283],[-61.03119854800481,44.18342745187367],[-61.00778677246091,44.174178417101515],[-61.035100510595456,44.12978305019517],[-61.15215938831494,44.16862899623822],[-61.11313976240845,44.224123204871155],[-61.25361041567184,44.266668764823066],[-61.316041817122226,44.364708533407914],[-61.35896340561938,44.38505640990665],[-61.509188965359385,44.36840814731678],[-61.50723798406406,44.329562201273724],[-61.55211055385653,44.22597301182559],[-61.65746354380407,44.116834401514154],[-61.73745377691239,44.087237490243254],[-61.73160083302641,44.16307957537493],[-61.766718496342264,44.179727837964805],[-61.75306162727499,44.28331702741295],[-61.77062045893291,44.30736451782055],[-61.89158129924305,44.27776760654965],[-62.00473821437189,44.33511162213702],[-62.02619900862046,44.4590486880839],[-62.080826484889556,44.5182425106257],[-62.05156176545968,44.53304096626114]]]}},{"type":"Feature","id":"05585","properties":{"MPIO":"05585","DPTO":"05","NOMBRE_MPI":"PUERTO NARE","NOMBRE_DPT":"ANTIOQUIA"},"geometry":{"type":"Polygon","coordinates":[[[-62.19008143742774,44.516392703671265],[-62.102287279138125,44.52379193148899],[-62.15886573670255,44.47569695067378],[-62.21349321297164,44.37395756818007],[-62.18227751224644,44.309214324774985],[-62.32665012810048,44.31291393868384],[-62.441758024524646,44.27221818568636],[-62.50809138856569,44.336961429091446],[-62.57442475260673,44.34251084995474],[-62.47687568784049,44.37395756818007],[-62.472973725249844,44.42390235594971],[-62.344208959758404,44.486795792400365],[-62.31494424032853,44.5182425106257],[-62.27007167053606,44.544139807987726],[-62.22715008203892,44.49974444108138],[-62.19008143742774,44.516392703671265]]]}},{"type":"Feature","id":"15572","properties":{"MPIO":"15572","DPTO":"15","NOMBRE_MPI":"PUERTO BOYACA","NOMBRE_DPT":"BOYACA"},"geometry":{"type":"Polygon","coordinates":[[[-62.080826484889556,44.5182425106257],[-62.02619900862046,44.4590486880839],[-62.00473821437189,44.33511162213702],[-61.89158129924305,44.27776760654965],[-61.77062045893291,44.30736451782055],[-61.75306162727499,44.28331702741295],[-61.766718496342264,44.179727837964805],[-61.73160083302641,44.16307957537493],[-61.73745377691239,44.087237490243254],[-61.8564636359272,44.02989347465589],[-61.87597344888045,44.074288841562236],[-61.967669569760716,44.02804366770146],[-62.04375784027839,44.01324521206601],[-62.102287279138125,44.03359308856475],[-62.160816717997875,44.05024135115463],[-62.26812068924074,44.022494246838164],[-62.32469914680516,44.0483915442002],[-62.295434427375284,44.1316328571496],[-62.215444194266965,44.17047880319265],[-62.22910106333424,44.24077146746103],[-62.176424568360474,44.251870309187616],[-62.18227751224644,44.309214324774985],[-62.21349321297164,44.37395756818007],[-62.15886573670255,44.47569695067378],[-62.102287279138125,44.52379193148899],[-62.080826484889556,44.5182425106257]]]}},{"type":"Feature","id":"85125","properties":{"MPIO":"85125","DPTO":"85","NOMBRE_MPI":"HATO COROZAL","NOMBRE_DPT":"CASANARE"},"geometry":{"type":"Polygon","coordinates":[[[-57.52723614160145,44.074288841562236],[-57.412128245177286,44.039142509428046],[-57.250196797665325,44.01509501902044],[-57.08631436885804,43.95960081038751],[-56.93413782782271,43.96145061734194],[-56.817078950103216,43.93370351302548],[-56.54589255005307,43.917055250435595],[-56.45224544787747,43.9411027408432],[-56.24349044927772,43.9115058295723],[-56.077657039175115,43.90040698784571],[-55.980107974408874,43.80606683316973],[-55.950843254979006,43.74317339671907],[-55.822078489487566,43.71542629240261],[-55.78500984487639,43.67103092549626],[-55.96840208663693,43.7209757132659],[-56.2181276924385,43.767220887126676],[-56.36445128958786,43.77646992189884],[-56.5088239054419,43.74132358976464],[-56.68051025943048,43.78571895667099],[-56.727333810518275,43.81161625403303],[-56.85024563212374,43.817165674896316],[-56.92243194005076,43.846762586167216],[-57.08631436885804,43.79866760535201],[-57.30872623652507,43.82271509575961],[-57.41407922647261,43.85046220007607],[-57.56040282362197,43.867110462665956],[-57.66380483227418,43.8578614278938],[-57.76915782222173,43.80606683316973],[-57.956452026572904,43.74687301062794],[-58.110579548903566,43.72282552022033],[-58.31933454750332,43.72282552022033],[-58.42078557486021,43.796817798397576],[-58.55930524682827,43.83751355139506],[-58.64319744252724,43.93370351302548],[-58.73294258211218,43.99289733556727],[-58.744648469884126,44.03544289551918],[-58.528089546103075,44.072439034607804],[-58.37201104247709,44.06134019288122],[-58.270560015120196,44.09278691110654],[-58.12228543667551,44.094636718060976],[-58.0344912783859,44.0483915442002],[-57.92913828843836,44.04099231638248],[-57.7594029157451,44.06134019288122],[-57.52723614160145,44.074288841562236]]]}},{"type":"Feature","id":"05440","properties":{"MPIO":"05440","DPTO":"05","NOMBRE_MPI":"MARINILLA","NOMBRE_DPT":"ANTIOQUIA"},"geometry":{"type":"Polygon","coordinates":[[[-63.17337601027145,44.57558652621306],[-63.12655245918366,44.59963401662066],[-63.07972890809586,44.507143668899104],[-63.1460622721369,44.507143668899104],[-63.14411129084158,44.44794984635731],[-63.1850818980434,44.43500119767629],[-63.23190544913119,44.4886455993548],[-63.17337601027145,44.57558652621306]]]}},{"type":"Feature","id":"05059","properties":{"MPIO":"05059","DPTO":"05","NOMBRE_MPI":"ARMENIA","NOMBRE_DPT":"ANTIOQUIA"},"geometry":{"type":"Polygon","coordinates":[[[-63.918650865085525,44.64587919048144],[-63.87377829529306,44.63108073484599],[-63.75476843627824,44.56448768448647],[-63.791837080889415,44.531191159306715],[-63.82500376290994,44.501594248035815],[-63.93035675285748,44.50529386194468],[-63.9166998837902,44.566337491440905],[-63.918650865085525,44.64587919048144]]]}},{"type":"Feature","id":"05615","properties":{"MPIO":"05615","DPTO":"05","NOMBRE_MPI":"RIONEGRO","NOMBRE_DPT":"ANTIOQUIA"},"geometry":{"type":"Polygon","coordinates":[[[-63.21629759876859,44.586685367939644],[-63.17337601027145,44.57558652621306],[-63.23190544913119,44.4886455993548],[-63.28263096280964,44.429451776813],[-63.36847413980393,44.42205254899528],[-63.37822904628055,44.49604482717252],[-63.42505259736835,44.57558652621306],[-63.36457217721328,44.57743633316748],[-63.21629759876859,44.586685367939644]]]}},{"type":"Feature","id":"85136","properties":{"MPIO":"85136","DPTO":"85","NOMBRE_MPI":"LA SALINA","NOMBRE_DPT":"CASANARE"},"geometry":{"type":"Polygon","coordinates":[[[-59.14850159801637,44.23152243268888],[-59.12508982247247,44.18712706578253],[-59.01193290734363,44.16307957537493],[-58.99242309439038,44.094636718060976],[-59.09777608433792,44.06134019288122],[-59.15240356060701,44.09648652501541],[-59.179717298741565,44.17602822405594],[-59.14850159801637,44.23152243268888]]]}},{"type":"Feature","id":"05313","properties":{"MPIO":"05313","DPTO":"05","NOMBRE_MPI":"GRANADA","NOMBRE_DPT":"ANTIOQUIA"},"geometry":{"type":"Polygon","coordinates":[[[-62.88072881597273,44.54968922885102],[-62.81439545193169,44.44794984635731],[-62.86121900301948,44.32771239431929],[-62.988032787215595,44.43500119767629],[-63.060219095142614,44.494195020218086],[-62.96657199296702,44.51084328280797],[-62.88072881597273,44.54968922885102]]]}},{"type":"Feature","id":"05607","properties":{"MPIO":"05607","DPTO":"05","NOMBRE_MPI":"RETIRO","NOMBRE_DPT":"ANTIOQUIA"},"geometry":{"type":"Polygon","coordinates":[[[-63.48553301752342,44.557088456668744],[-63.42505259736835,44.57558652621306],[-63.37822904628055,44.49604482717252],[-63.36847413980393,44.42205254899528],[-63.45626829809355,44.33326181518259],[-63.53820951249719,44.34066104300031],[-63.55576834415511,44.379506989043364],[-63.54601343767849,44.4830961784915],[-63.48553301752342,44.557088456668744]]]}},{"type":"Feature","id":"68013","properties":{"MPIO":"68013","DPTO":"68","NOMBRE_MPI":"AGUADA","NOMBRE_DPT":"SANTANDER"},"geometry":{"type":"Polygon","coordinates":[[[-60.67026700836972,44.35545949863576],[-60.619541494691276,44.322162973456],[-60.63905130764452,44.28701664132181],[-60.738551353706086,44.279617413504084],[-60.71709055945752,44.33511162213702],[-60.67026700836972,44.35545949863576]]]}},{"type":"Feature","id":"05360","properties":{"MPIO":"05360","DPTO":"05","NOMBRE_MPI":"ITAGUI","NOMBRE_DPT":"ANTIOQUIA"},"geometry":{"type":"Polygon","coordinates":[[[-63.52845460602057,44.566337491440905],[-63.573327175813034,44.54598961494216],[-63.60259189524291,44.536740580170004],[-63.6260036707868,44.56448768448647],[-63.61234680171953,44.586685367939644],[-63.52845460602057,44.566337491440905]]]}},{"type":"Feature","id":"05266","properties":{"MPIO":"05266","DPTO":"05","NOMBRE_MPI":"ENVIGADO","NOMBRE_DPT":"ANTIOQUIA"},"geometry":{"type":"Polygon","coordinates":[[[-63.52845460602057,44.566337491440905],[-63.48553301752342,44.557088456668744],[-63.54601343767849,44.4830961784915],[-63.56942521322239,44.47939656458264],[-63.573327175813034,44.54598961494216],[-63.52845460602057,44.566337491440905]]]}},{"type":"Feature","id":"99524","properties":{"MPIO":"99524","DPTO":"99","NOMBRE_MPI":"LA PRIMAVERA","NOMBRE_DPT":"VICHADA"},"geometry":{"type":"Polygon","coordinates":[[[-53.923773689136524,43.46570235355441],[-54.08180317405783,42.80532127082252],[-54.333479761154734,42.75907609696174],[-54.46614648923682,42.79422242909593],[-54.53833279716384,42.74982706218959],[-54.624175974158135,42.75722629000731],[-54.653440693588,42.83491818209342],[-54.81732312239529,42.83491818209342],[-54.862195692187754,42.77942397346048],[-55.082656578559465,42.77387455259719],[-55.14703896130518,42.725779571781985],[-55.16264681166778,42.66288613533133],[-55.40261751099273,42.60369231278953],[-55.601617603115855,42.538949069384444],[-55.78110788228574,42.50195293029582],[-55.85719615280341,42.51675138593127],[-56.04058839456394,42.44830852861732],[-56.14789236580681,42.439059493845164],[-56.27860811259357,42.463106984252775],[-56.389814046427084,42.39651393389325],[-56.66100044647723,42.403913161710975],[-56.73123577310893,42.38911470607553],[-56.536137643576446,43.230776870341664],[-56.333235588862664,43.21967802861508],[-56.1713041413507,43.25482436074927],[-56.14594138451148,43.2862710789746],[-56.05229428233589,43.295520113746754],[-56.021078581610695,43.34916451542526],[-55.96840208663693,43.373212005832855],[-55.83573535855484,43.50454829959747],[-55.69526470529145,43.60443787513674],[-55.60747054700184,43.59703864731902],[-55.394813585811434,43.54894366650381],[-55.160695830372454,43.56189231518483],[-55.137284054828555,43.595188840364585],[-55.018274195813746,43.61553671686333],[-54.98120555120257,43.55634289432153],[-54.86804863607373,43.552643280412674],[-54.77830349648879,43.589639419501296],[-54.68855835690385,43.652532855951954],[-54.495411208666695,43.6136869099089],[-54.47199943312279,43.58593980559243],[-54.34323466763136,43.574840963865846],[-54.269097378409015,43.53414521086836],[-54.124724762554976,43.49159965091645],[-53.988156071882244,43.495299264825306],[-53.923773689136524,43.46570235355441]]]}},{"type":"Feature","id":"05036","properties":{"MPIO":"05036","DPTO":"05","NOMBRE_MPI":"ANGELOPOLIS","NOMBRE_DPT":"ANTIOQUIA"},"geometry":{"type":"Polygon","coordinates":[[[-63.67477820316992,44.56078807057761],[-63.66892525928395,44.507143668899104],[-63.678680165760575,44.47384714371935],[-63.76842530534552,44.46459810894719],[-63.791837080889415,44.531191159306715],[-63.75476843627824,44.56448768448647],[-63.69233703482785,44.571886912304194],[-63.67477820316992,44.56078807057761]]]}},{"type":"Feature","id":"68264","properties":{"MPIO":"68264","DPTO":"68","NOMBRE_MPI":"ENCINO","NOMBRE_DPT":"SANTANDER"},"geometry":{"type":"Polygon","coordinates":[[[-60.127894208269424,44.279617413504084],[-60.047903975161105,44.23152243268888],[-59.919139209669666,44.20562513532684],[-59.86060977080992,44.17232861014708],[-59.90548234060239,44.137182278012894],[-59.99327649889201,44.074288841562236],[-60.053756919047075,44.05024135115463],[-60.088874582362926,44.0483915442002],[-60.25275701117021,44.08168806937996],[-60.19617855360579,44.144581505830615],[-60.127894208269424,44.279617413504084]]]}},{"type":"Feature","id":"05380","properties":{"MPIO":"05380","DPTO":"05","NOMBRE_MPI":"LA ESTRELLA","NOMBRE_DPT":"ANTIOQUIA"},"geometry":{"type":"Polygon","coordinates":[[[-63.67477820316992,44.56078807057761],[-63.6260036707868,44.56448768448647],[-63.60259189524291,44.536740580170004],[-63.60454287653823,44.48494598544593],[-63.66892525928395,44.507143668899104],[-63.67477820316992,44.56078807057761]]]}},{"type":"Feature","id":"68770","properties":{"MPIO":"68770","DPTO":"68","NOMBRE_MPI":"SUAITA","NOMBRE_DPT":"SANTANDER"},"geometry":{"type":"Polygon","coordinates":[[[-60.63905130764452,44.28701664132181],[-60.619541494691276,44.322162973456],[-60.600031681738024,44.294415869139534],[-60.449806121998016,44.279617413504084],[-60.31713939391592,44.244471081369895],[-60.33274724427852,44.11868420846858],[-60.576619906194125,44.16307957537493],[-60.6136885508053,44.20192552141798],[-60.68002191484634,44.24262127441546],[-60.63905130764452,44.28701664132181]]]}},{"type":"Feature","id":"15368","properties":{"MPIO":"15368","DPTO":"15","NOMBRE_MPI":"JERICO","NOMBRE_DPT":"BOYACA"},"geometry":{"type":"Polygon","coordinates":[[[-59.49967823117483,44.18712706578253],[-59.49577626858418,44.21117455619014],[-59.37676640956937,44.17232861014708],[-59.33579580236755,44.14643131278505],[-59.331893839776896,44.09278691110654],[-59.36896248438807,44.06873942069895],[-59.51918804412808,44.159379961466065],[-59.49967823117483,44.18712706578253]]]}},{"type":"Feature","id":"68250","properties":{"MPIO":"68250","DPTO":"68","NOMBRE_MPI":"EL PE¥ON","NOMBRE_DPT":"SANTANDER"},"geometry":{"type":"Polygon","coordinates":[[[-61.15215938831494,44.16862899623822],[-61.28092415380638,44.214874170098994],[-61.452610507794965,44.23337223964331],[-61.45846345168094,44.28146722045852],[-61.50723798406406,44.329562201273724],[-61.509188965359385,44.36840814731678],[-61.35896340561938,44.38505640990665],[-61.316041817122226,44.364708533407914],[-61.25361041567184,44.266668764823066],[-61.11313976240845,44.224123204871155],[-61.15215938831494,44.16862899623822]]]}},{"type":"Feature","id":"05209","properties":{"MPIO":"05209","DPTO":"05","NOMBRE_MPI":"CONCORDIA","NOMBRE_DPT":"ANTIOQUIA"},"geometry":{"type":"Polygon","coordinates":[[[-63.9166998837902,44.566337491440905],[-63.93035675285748,44.50529386194468],[-63.9401116593341,44.416503128131986],[-63.94401362192475,44.35360969168133],[-63.99669011689852,44.372107761225635],[-64.10789605073204,44.501594248035815],[-63.95767049099202,44.573736719258626],[-63.9166998837902,44.566337491440905]]]}},{"type":"Feature","id":"05631","properties":{"MPIO":"05631","DPTO":"05","NOMBRE_MPI":"SABANETA","NOMBRE_DPT":"ANTIOQUIA"},"geometry":{"type":"Polygon","coordinates":[[[-63.60259189524291,44.536740580170004],[-63.573327175813034,44.54598961494216],[-63.56942521322239,44.47939656458264],[-63.60454287653823,44.48494598544593],[-63.60259189524291,44.536740580170004]]]}},{"type":"Feature","id":"05697","properties":{"MPIO":"05697","DPTO":"05","NOMBRE_MPI":"EL SANTUARIO","NOMBRE_DPT":"ANTIOQUIA"},"geometry":{"type":"Polygon","coordinates":[[[-63.07972890809586,44.507143668899104],[-63.060219095142614,44.494195020218086],[-62.988032787215595,44.43500119767629],[-63.14411129084158,44.44794984635731],[-63.1460622721369,44.507143668899104],[-63.07972890809586,44.507143668899104]]]}},{"type":"Feature","id":"15720","properties":{"MPIO":"15720","DPTO":"15","NOMBRE_MPI":"SATIVANORTE","NOMBRE_DPT":"BOYACA"},"geometry":{"type":"Polygon","coordinates":[[[-59.49967823117483,44.18712706578253],[-59.51918804412808,44.159379961466065],[-59.5445508009673,44.10758536674199],[-59.73574696790914,44.1316328571496],[-59.73964893049978,44.1316328571496],[-59.765011687339005,44.18712706578253],[-59.677217529049386,44.19822590750912],[-59.49967823117483,44.18712706578253]]]}},{"type":"Feature","id":"68673","properties":{"MPIO":"68673","DPTO":"68","NOMBRE_MPI":"SAN BENITO","NOMBRE_DPT":"SANTANDER"},"geometry":{"type":"Polygon","coordinates":[[[-60.738551353706086,44.279617413504084],[-60.63905130764452,44.28701664132181],[-60.68002191484634,44.24262127441546],[-60.74830626018271,44.20377532837241],[-60.77366901702193,44.229672625734445],[-60.738551353706086,44.279617413504084]]]}},{"type":"Feature","id":"15839","properties":{"MPIO":"15839","DPTO":"15","NOMBRE_MPI":"TUTAZA","NOMBRE_DPT":"BOYACA"},"geometry":{"type":"Polygon","coordinates":[[[-59.765011687339005,44.18712706578253],[-59.73964893049978,44.1316328571496],[-59.76306070604368,44.04284212333691],[-59.83134505138005,44.0483915442002],[-59.90548234060239,44.137182278012894],[-59.86060977080992,44.17232861014708],[-59.800129350654856,44.20747494228127],[-59.765011687339005,44.18712706578253]]]}},{"type":"Feature","id":"05809","properties":{"MPIO":"05809","DPTO":"05","NOMBRE_MPI":"TITIRIBI","NOMBRE_DPT":"ANTIOQUIA"},"geometry":{"type":"Polygon","coordinates":[[[-63.93035675285748,44.50529386194468],[-63.82500376290994,44.501594248035815],[-63.791837080889415,44.531191159306715],[-63.76842530534552,44.46459810894719],[-63.81329787513799,44.3998548655421],[-63.9401116593341,44.416503128131986],[-63.93035675285748,44.50529386194468]]]}},{"type":"Feature","id":"05148","properties":{"MPIO":"05148","DPTO":"05","NOMBRE_MPI":"EL CARMEN DE VIBORAL","NOMBRE_DPT":"ANTIOQUIA"},"geometry":{"type":"Polygon","coordinates":[[[-63.14411129084158,44.44794984635731],[-63.13435638436495,44.41465332117755],[-63.060219095142614,44.381356795997796],[-63.02510143182676,44.32401278041043],[-62.9177974605839,44.224123204871155],[-63.1616701224995,44.17232861014708],[-63.1616701224995,44.19637610055469],[-63.17532699156678,44.28886644827624],[-63.24361133690314,44.41835293508642],[-63.28263096280964,44.429451776813],[-63.23190544913119,44.4886455993548],[-63.1850818980434,44.43500119767629],[-63.14411129084158,44.44794984635731]]]}},{"type":"Feature","id":"05660","properties":{"MPIO":"05660","DPTO":"05","NOMBRE_MPI":"SAN LUIS","NOMBRE_DPT":"ANTIOQUIA"},"geometry":{"type":"Polygon","coordinates":[[[-62.57442475260673,44.34251084995474],[-62.50809138856569,44.336961429091446],[-62.441758024524646,44.27221818568636],[-62.562718864834785,44.22042359096229],[-62.66221891089635,44.26111934395978],[-62.72074834975609,44.237071853552166],[-62.80464054545506,44.274067992640795],[-62.86121900301948,44.32771239431929],[-62.81439545193169,44.44794984635731],[-62.69343461162155,44.41835293508642],[-62.632954191466474,44.35545949863576],[-62.57442475260673,44.34251084995474]]]}},{"type":"Feature","id":"15755","properties":{"MPIO":"15755","DPTO":"15","NOMBRE_MPI":"SOCOTA","NOMBRE_DPT":"BOYACA"},"geometry":{"type":"Polygon","coordinates":[[[-59.5445508009673,44.10758536674199],[-59.51918804412808,44.159379961466065],[-59.36896248438807,44.06873942069895],[-59.37286444697872,44.0187946329293],[-59.257756550554554,43.92630428520775],[-59.23239379371533,43.881908918301406],[-59.30262912034703,43.846762586167216],[-59.363109540502094,43.802367219260866],[-59.48992332469821,43.77277030798997],[-59.5679625765112,43.77831972885326],[-59.55625668873925,43.82641470966847],[-59.52699196930938,43.917055250435595],[-59.5523547261486,44.009545598157146],[-59.5445508009673,44.10758536674199]]]}},{"type":"Feature","id":"05129","properties":{"MPIO":"05129","DPTO":"05","NOMBRE_MPI":"CALDAS","NOMBRE_DPT":"ANTIOQUIA"},"geometry":{"type":"Polygon","coordinates":[[[-63.66892525928395,44.507143668899104],[-63.60454287653823,44.48494598544593],[-63.56942521322239,44.47939656458264],[-63.54601343767849,44.4830961784915],[-63.55576834415511,44.379506989043364],[-63.64356250244473,44.34806027081804],[-63.6884350722372,44.351759884726896],[-63.678680165760575,44.47384714371935],[-63.66892525928395,44.507143668899104]]]}},{"type":"Feature","id":"68179","properties":{"MPIO":"68179","DPTO":"68","NOMBRE_MPI":"CHIPATA","NOMBRE_DPT":"SANTANDER"},"geometry":{"type":"Polygon","coordinates":[[[-60.91999261417129,44.27776760654965],[-60.867316119197525,44.28516683436738],[-60.77366901702193,44.229672625734445],[-60.8497572875396,44.18897687273696],[-60.945355371010514,44.20747494228127],[-60.91999261417129,44.27776760654965]]]}},{"type":"Feature","id":"05642","properties":{"MPIO":"05642","DPTO":"05","NOMBRE_MPI":"SALGAR","NOMBRE_DPT":"ANTIOQUIA"},"geometry":{"type":"Polygon","coordinates":[[[-64.1683764708871,44.531191159306715],[-64.10789605073204,44.501594248035815],[-63.99669011689852,44.372107761225635],[-63.94401362192475,44.35360969168133],[-64.03180778021436,44.279617413504084],[-64.08448427518813,44.32586258736486],[-64.32250399321777,44.3758073751345],[-64.30494516155984,44.4054042864054],[-64.3810334320775,44.42575216290414],[-64.38493539466816,44.42575216290414],[-64.34981773135232,44.46274830199276],[-64.1683764708871,44.531191159306715]]]}},{"type":"Feature","id":"85315","properties":{"MPIO":"85315","DPTO":"85","NOMBRE_MPI":"SACAMA","NOMBRE_DPT":"CASANARE"},"geometry":{"type":"Polygon","coordinates":[[[-58.99242309439038,44.094636718060976],[-58.81098183392517,44.00769579120272],[-58.744648469884126,44.03544289551918],[-58.73294258211218,43.99289733556727],[-58.848050478536344,43.967000038205235],[-58.89097206703349,43.931853706071045],[-58.95145248718856,43.9411027408432],[-59.03924664547817,43.99659694947613],[-59.12508982247247,43.97994868688625],[-59.130942766358444,44.024344053792596],[-59.09777608433792,44.06134019288122],[-58.99242309439038,44.094636718060976]]]}},{"type":"Feature","id":"68773","properties":{"MPIO":"68773","DPTO":"68","NOMBRE_MPI":"SUCRE","NOMBRE_DPT":"SANTANDER"},"geometry":{"type":"Polygon","coordinates":[[[-61.50723798406406,44.329562201273724],[-61.45846345168094,44.28146722045852],[-61.452610507794965,44.23337223964331],[-61.28092415380638,44.214874170098994],[-61.15215938831494,44.16862899623822],[-61.035100510595456,44.12978305019517],[-61.042904435776755,44.072439034607804],[-61.23995354660456,44.10758536674199],[-61.25751237826249,44.13348266410403],[-61.45651247038562,44.15383054060277],[-61.550159572561206,44.194526293600255],[-61.55211055385653,44.22597301182559],[-61.50723798406406,44.329562201273724]]]}},{"type":"Feature","id":"05197","properties":{"MPIO":"05197","DPTO":"05","NOMBRE_MPI":"COCORNA","NOMBRE_DPT":"ANTIOQUIA"},"geometry":{"type":"Polygon","coordinates":[[[-63.14411129084158,44.44794984635731],[-62.988032787215595,44.43500119767629],[-62.86121900301948,44.32771239431929],[-62.80464054545506,44.274067992640795],[-62.89633666633533,44.274067992640795],[-62.86316998431481,44.23337223964331],[-62.9177974605839,44.224123204871155],[-63.02510143182676,44.32401278041043],[-63.060219095142614,44.381356795997796],[-63.13435638436495,44.41465332117755],[-63.14411129084158,44.44794984635731]]]}},{"type":"Feature","id":"85250","properties":{"MPIO":"85250","DPTO":"85","NOMBRE_MPI":"PAZ DE ARIPORO","NOMBRE_DPT":"CASANARE"},"geometry":{"type":"Polygon","coordinates":[[[-55.78500984487639,43.67103092549626],[-55.77720591969509,43.62663555858992],[-55.69526470529145,43.60443787513674],[-55.83573535855484,43.50454829959747],[-55.96840208663693,43.373212005832855],[-56.021078581610695,43.34916451542526],[-56.05229428233589,43.295520113746754],[-56.14594138451148,43.2862710789746],[-56.1713041413507,43.25482436074927],[-56.333235588862664,43.21967802861508],[-56.536137643576446,43.230776870341664],[-56.70197105367905,43.190081117344185],[-56.904873108392835,43.10868961134921],[-56.92243194005076,43.1789822756176],[-57.10192221922064,43.195630538207475],[-57.15654969548973,43.18638150343532],[-57.3106772178204,43.22152783556951],[-57.43944198331183,43.217828221660646],[-57.53308908548742,43.260373781612564],[-57.72038328983861,43.27147262333915],[-57.843295111444064,43.29921972765562],[-57.92913828843836,43.34916451542526],[-58.048148147453176,43.3639629710607],[-58.20032468848851,43.42685640751136],[-58.38761889283969,43.460152932691116],[-58.373962023772414,43.52119656218734],[-58.647099405117885,43.68582938113171],[-58.68611903102438,43.74132358976464],[-58.7817171144953,43.780169535807694],[-58.75635435765608,43.782019342762126],[-58.70367786268231,43.87081007657482],[-58.73294258211218,43.99289733556727],[-58.64319744252724,43.93370351302548],[-58.55930524682827,43.83751355139506],[-58.42078557486021,43.796817798397576],[-58.31933454750332,43.72282552022033],[-58.110579548903566,43.72282552022033],[-57.956452026572904,43.74687301062794],[-57.76915782222173,43.80606683316973],[-57.66380483227418,43.8578614278938],[-57.56040282362197,43.867110462665956],[-57.41407922647261,43.85046220007607],[-57.30872623652507,43.82271509575961],[-57.08631436885804,43.79866760535201],[-56.92243194005076,43.846762586167216],[-56.85024563212374,43.817165674896316],[-56.727333810518275,43.81161625403303],[-56.68051025943048,43.78571895667099],[-56.5088239054419,43.74132358976464],[-56.36445128958786,43.77646992189884],[-56.2181276924385,43.767220887126676],[-55.96840208663693,43.7209757132659],[-55.78500984487639,43.67103092549626]]]}},{"type":"Feature","id":"15686","properties":{"MPIO":"15686","DPTO":"15","NOMBRE_MPI":"SANTANA","NOMBRE_DPT":"BOYACA"},"geometry":{"type":"Polygon","coordinates":[[[-60.6136885508053,44.20192552141798],[-60.6527081767118,44.15013092669391],[-60.72489448463881,44.1612297684205],[-60.74830626018271,44.20377532837241],[-60.68002191484634,44.24262127441546],[-60.6136885508053,44.20192552141798]]]}},{"type":"Feature","id":"05030","properties":{"MPIO":"05030","DPTO":"05","NOMBRE_MPI":"AMAGA","NOMBRE_DPT":"ANTIOQUIA"},"geometry":{"type":"Polygon","coordinates":[[[-63.76842530534552,44.46459810894719],[-63.678680165760575,44.47384714371935],[-63.6884350722372,44.351759884726896],[-63.71574881037175,44.35360969168133],[-63.81329787513799,44.3998548655421],[-63.76842530534552,44.46459810894719]]]}},{"type":"Feature","id":"15723","properties":{"MPIO":"15723","DPTO":"15","NOMBRE_MPI":"SATIVASUR","NOMBRE_DPT":"BOYACA"},"geometry":{"type":"Polygon","coordinates":[[[-59.73574696790914,44.1316328571496],[-59.5445508009673,44.10758536674199],[-59.62063907148497,44.0483915442002],[-59.644050847028865,44.10018613892427],[-59.73574696790914,44.1316328571496]]]}},{"type":"Feature","id":"68327","properties":{"MPIO":"68327","DPTO":"68","NOMBRE_MPI":"GUEPSA","NOMBRE_DPT":"SANTANDER"},"geometry":{"type":"Polygon","coordinates":[[[-60.77366901702193,44.229672625734445],[-60.74830626018271,44.20377532837241],[-60.818541586814405,44.15383054060277],[-60.84585532494895,44.16677918928379],[-60.8497572875396,44.18897687273696],[-60.77366901702193,44.229672625734445]]]}},{"type":"Feature","id":"15537","properties":{"MPIO":"15537","DPTO":"15","NOMBRE_MPI":"PAZ DE RIO","NOMBRE_DPT":"BOYACA"},"geometry":{"type":"Polygon","coordinates":[[[-59.73964893049978,44.1316328571496],[-59.73574696790914,44.1316328571496],[-59.644050847028865,44.10018613892427],[-59.62063907148497,44.0483915442002],[-59.659658697391464,43.99844675643056],[-59.72013911754654,44.00399617729386],[-59.749403836976406,44.01324521206601],[-59.76306070604368,44.04284212333691],[-59.73964893049978,44.1316328571496]]]}},{"type":"Feature","id":"05376","properties":{"MPIO":"05376","DPTO":"05","NOMBRE_MPI":"LA CEJA","NOMBRE_DPT":"ANTIOQUIA"},"geometry":{"type":"Polygon","coordinates":[[[-63.28263096280964,44.429451776813],[-63.24361133690314,44.41835293508642],[-63.284581944104964,44.35915911254462],[-63.35676825203198,44.32586258736486],[-63.35676825203198,44.27221818568636],[-63.423101616073026,44.301815096957256],[-63.45626829809355,44.33326181518259],[-63.36847413980393,44.42205254899528],[-63.28263096280964,44.429451776813]]]}},{"type":"Feature","id":"27025","properties":{"MPIO":"27025","DPTO":"27","NOMBRE_MPI":"ALTO BAUDO","NOMBRE_DPT":"CHOCO"},"geometry":{"type":"Polygon","coordinates":[[[-65.91060276761216,44.57743633316748],[-65.85012234745709,44.54598961494216],[-65.69014188124045,44.57743633316748],[-65.63356342367604,44.46459810894719],[-65.56527907833967,44.44610003940288],[-65.5360143589098,44.24077146746103],[-65.47943590134537,44.209324749235705],[-65.47553393875472,44.16862899623822],[-65.51650454595655,44.09093710415212],[-65.51845552725187,44.01509501902044],[-65.489190807822,43.96330042429637],[-65.43456333155291,44.06134019288122],[-65.39359272435108,44.037292702473614],[-65.38969076176043,43.96884984515967],[-65.43261235025759,43.92815409216218],[-65.36822996751187,43.85046220007607],[-65.39749468694174,43.80791664012416],[-65.5047986581846,43.74872281758237],[-65.61795557331344,43.759821659308955],[-65.64136734885733,43.77092050103554],[-65.7642791704628,43.92815409216218],[-65.80134781507397,44.02989347465589],[-65.97498515035788,43.99104752861284],[-65.96523024388125,44.01509501902044],[-65.9301125805654,44.0483915442002],[-65.84426940357112,44.044691930291336],[-65.80524977766461,44.14828111973948],[-65.80915174025527,44.21857378400786],[-65.77598505823475,44.279617413504084],[-65.77598505823475,44.34991007777246],[-65.90084786113553,44.486795792400365],[-65.91840669279345,44.52749154539785],[-65.91060276761216,44.57743633316748]]]}},{"type":"Feature","id":"15757","properties":{"MPIO":"15757","DPTO":"15","NOMBRE_MPI":"SOCHA","NOMBRE_DPT":"BOYACA"},"geometry":{"type":"Polygon","coordinates":[[[-59.62063907148497,44.0483915442002],[-59.5445508009673,44.10758536674199],[-59.5523547261486,44.009545598157146],[-59.52699196930938,43.917055250435595],[-59.60893318371302,43.880059111346974],[-59.65575673480082,43.917055250435595],[-59.659658697391464,43.99844675643056],[-59.62063907148497,44.0483915442002]]]}},{"type":"Feature","id":"05400","properties":{"MPIO":"05400","DPTO":"05","NOMBRE_MPI":"LA UNION","NOMBRE_DPT":"ANTIOQUIA"},"geometry":{"type":"Polygon","coordinates":[[[-63.24361133690314,44.41835293508642],[-63.17532699156678,44.28886644827624],[-63.1616701224995,44.19637610055469],[-63.35676825203198,44.27221818568636],[-63.35676825203198,44.32586258736486],[-63.284581944104964,44.35915911254462],[-63.24361133690314,44.41835293508642]]]}},{"type":"Feature","id":"15087","properties":{"MPIO":"15087","DPTO":"15","NOMBRE_MPI":"BELEN","NOMBRE_DPT":"BOYACA"},"geometry":{"type":"Polygon","coordinates":[[[-59.90548234060239,44.137182278012894],[-59.83134505138005,44.0483915442002],[-59.76306070604368,44.04284212333691],[-59.749403836976406,44.01324521206601],[-59.90548234060239,43.99844675643056],[-59.99327649889201,44.074288841562236],[-59.90548234060239,44.137182278012894]]]}},{"type":"Feature","id":"15185","properties":{"MPIO":"15185","DPTO":"15","NOMBRE_MPI":"CHITARAQUE","NOMBRE_DPT":"BOYACA"},"geometry":{"type":"Polygon","coordinates":[[[-60.576619906194125,44.16307957537493],[-60.54930616805958,44.10018613892427],[-60.6527081767118,44.01509501902044],[-60.70928663427621,44.10018613892427],[-60.6527081767118,44.15013092669391],[-60.6136885508053,44.20192552141798],[-60.576619906194125,44.16307957537493]]]}},{"type":"Feature","id":"15664","properties":{"MPIO":"15664","DPTO":"15","NOMBRE_MPI":"SAN JOSE DE PARE","NOMBRE_DPT":"BOYACA"},"geometry":{"type":"Polygon","coordinates":[[[-60.74830626018271,44.20377532837241],[-60.72489448463881,44.1612297684205],[-60.6527081767118,44.15013092669391],[-60.70928663427621,44.10018613892427],[-60.76781607313596,44.08538768328882],[-60.86146317531155,44.11313478760529],[-60.818541586814405,44.15383054060277],[-60.74830626018271,44.20377532837241]]]}},{"type":"Feature","id":"05591","properties":{"MPIO":"05591","DPTO":"05","NOMBRE_MPI":"PUERTO TRIUNFO","NOMBRE_DPT":"ANTIOQUIA"},"geometry":{"type":"Polygon","coordinates":[[[-62.18227751224644,44.309214324774985],[-62.176424568360474,44.251870309187616],[-62.22910106333424,44.24077146746103],[-62.215444194266965,44.17047880319265],[-62.295434427375284,44.1316328571496],[-62.554914939653486,44.21672397705343],[-62.562718864834785,44.22042359096229],[-62.441758024524646,44.27221818568636],[-62.32665012810048,44.31291393868384],[-62.18227751224644,44.309214324774985]]]}},{"type":"Feature","id":"85400","properties":{"MPIO":"85400","DPTO":"85","NOMBRE_MPI":"TAMARA","NOMBRE_DPT":"CASANARE"},"geometry":{"type":"Polygon","coordinates":[[[-59.130942766358444,44.024344053792596],[-59.12508982247247,43.97994868688625],[-59.03924664547817,43.99659694947613],[-58.95145248718856,43.9411027408432],[-58.89097206703349,43.931853706071045],[-58.848050478536344,43.967000038205235],[-58.73294258211218,43.99289733556727],[-58.70367786268231,43.87081007657482],[-58.75635435765608,43.782019342762126],[-58.7817171144953,43.780169535807694],[-58.85585440371764,43.73947378281021],[-58.87731519796622,43.67288073245069],[-59.0333937015922,43.64883324204309],[-59.12704080376779,43.76352127321782],[-59.21483496205741,43.80791664012416],[-59.30262912034703,43.846762586167216],[-59.23239379371533,43.881908918301406],[-59.20117809299013,43.89855718089129],[-59.130942766358444,44.024344053792596]]]}},{"type":"Feature","id":"68298","properties":{"MPIO":"68298","DPTO":"68","NOMBRE_MPI":"GAMBITA","NOMBRE_DPT":"SANTANDER"},"geometry":{"type":"Polygon","coordinates":[[[-60.33274724427852,44.11868420846858],[-60.31713939391592,44.094636718060976],[-60.37566883277567,44.0187946329293],[-60.45175710329334,43.97439926602296],[-60.53174733640166,43.97069965211409],[-60.568815981012825,43.92445447825332],[-60.6214924759866,43.88560853221027],[-60.67611995225569,43.94850196866092],[-60.697580746504265,43.99844675643056],[-60.6527081767118,44.01509501902044],[-60.54930616805958,44.10018613892427],[-60.576619906194125,44.16307957537493],[-60.33274724427852,44.11868420846858]]]}},{"type":"Feature","id":"05861","properties":{"MPIO":"05861","DPTO":"05","NOMBRE_MPI":"VENECIA","NOMBRE_DPT":"ANTIOQUIA"},"geometry":{"type":"Polygon","coordinates":[[[-63.9401116593341,44.416503128131986],[-63.81329787513799,44.3998548655421],[-63.71574881037175,44.35360969168133],[-63.82110180031928,44.322162973456],[-63.83085670679591,44.27591779959522],[-63.94401362192475,44.35360969168133],[-63.9401116593341,44.416503128131986]]]}},{"type":"Feature","id":"27495","properties":{"MPIO":"27495","DPTO":"27","NOMBRE_MPI":"NUQUI","NOMBRE_DPT":"CHOCO"},"geometry":{"type":"Polygon","coordinates":[[[-65.91840669279345,44.52749154539785],[-65.90084786113553,44.486795792400365],[-65.77598505823475,44.34991007777246],[-65.77598505823475,44.279617413504084],[-65.80915174025527,44.21857378400786],[-65.80524977766461,44.14828111973948],[-65.84426940357112,44.044691930291336],[-65.9301125805654,44.0483915442002],[-65.96523024388125,44.01509501902044],[-66.0081518323784,44.039142509428046],[-66.00620085108308,44.087237490243254],[-66.07253421512412,44.0483915442002],[-66.21495584968282,44.04654173724577],[-66.34372061517426,44.06134019288122],[-66.2910441202005,44.15013092669391],[-66.17983818636698,44.16677918928379],[-66.10570089714464,44.15013092669391],[-66.0471714582849,44.20562513532684],[-65.97498515035788,44.23337223964331],[-65.90865178631684,44.31846335954714],[-65.98864201942516,44.42390235594971],[-65.99449496331113,44.501594248035815],[-65.91840669279345,44.52749154539785]]]}},{"type":"Feature","id":"68077","properties":{"MPIO":"68077","DPTO":"68","NOMBRE_MPI":"BARBOSA","NOMBRE_DPT":"SANTANDER"},"geometry":{"type":"Polygon","coordinates":[[[-60.84585532494895,44.16677918928379],[-60.818541586814405,44.15383054060277],[-60.86146317531155,44.11313478760529],[-60.8809729882648,44.06503980679008],[-60.91413967028532,44.102035945878704],[-60.84585532494895,44.16677918928379]]]}},{"type":"Feature","id":"68377","properties":{"MPIO":"68377","DPTO":"68","NOMBRE_MPI":"LA BELLEZA","NOMBRE_DPT":"SANTANDER"},"geometry":{"type":"Polygon","coordinates":[[[-61.55211055385653,44.22597301182559],[-61.550159572561206,44.194526293600255],[-61.45651247038562,44.15383054060277],[-61.25751237826249,44.13348266410403],[-61.23995354660456,44.10758536674199],[-61.22629667753729,44.024344053792596],[-61.27312022862508,44.009545598157146],[-61.35115948043808,44.059490385926786],[-61.55991447903783,44.074288841562236],[-61.65746354380407,44.116834401514154],[-61.55211055385653,44.22597301182559]]]}},{"type":"Feature","id":"05679","properties":{"MPIO":"05679","DPTO":"05","NOMBRE_MPI":"SANTA BARBARA","NOMBRE_DPT":"ANTIOQUIA"},"geometry":{"type":"Polygon","coordinates":[[[-63.64356250244473,44.34806027081804],[-63.55576834415511,44.379506989043364],[-63.53820951249719,44.34066104300031],[-63.50504283047667,44.229672625734445],[-63.56942521322239,44.10018613892427],[-63.61234680171953,44.11128498065086],[-63.59478797006161,44.194526293600255],[-63.637709558558754,44.20747494228127],[-63.64356250244473,44.34806027081804]]]}},{"type":"Feature","id":"68324","properties":{"MPIO":"68324","DPTO":"68","NOMBRE_MPI":"GUAVATA","NOMBRE_DPT":"SANTANDER"},"geometry":{"type":"Polygon","coordinates":[[[-61.035100510595456,44.12978305019517],[-61.00778677246091,44.174178417101515],[-60.91413967028532,44.102035945878704],[-60.97657107173571,44.06503980679008],[-61.042904435776755,44.072439034607804],[-61.035100510595456,44.12978305019517]]]}},{"type":"Feature","id":"27245","properties":{"MPIO":"27245","DPTO":"27","NOMBRE_MPI":"EL CARMEN DE ATRATO","NOMBRE_DPT":"CHOCO"},"geometry":{"type":"Polygon","coordinates":[[[-64.3810334320775,44.42575216290414],[-64.30494516155984,44.4054042864054],[-64.32250399321777,44.3758073751345],[-64.36347460041958,44.24077146746103],[-64.33030791839906,44.174178417101515],[-64.34591576876166,44.08353787633439],[-64.4668766090718,44.08353787633439],[-64.57418058031466,44.124233629331876],[-64.6561217947183,44.122383822377444],[-64.67368062637622,44.18342745187367],[-64.59564137456323,44.259269537005345],[-64.43761188964193,44.34066104300031],[-64.420053057984,44.40355447945097],[-64.3810334320775,44.42575216290414]]]}},{"type":"Feature","id":"15162","properties":{"MPIO":"15162","DPTO":"15","NOMBRE_MPI":"CERINZA","NOMBRE_DPT":"BOYACA"},"geometry":{"type":"Polygon","coordinates":[[[-59.99327649889201,44.074288841562236],[-59.90548234060239,43.99844675643056],[-59.94450196650889,43.981798493840685],[-59.96596276075746,43.981798493840685],[-60.053756919047075,44.05024135115463],[-59.99327649889201,44.074288841562236]]]}},{"type":"Feature","id":"15516","properties":{"MPIO":"15516","DPTO":"15","NOMBRE_MPI":"PAIPA","NOMBRE_DPT":"BOYACA"},"geometry":{"type":"Polygon","coordinates":[[[-60.28202173060008,44.08168806937996],[-60.20398247878709,43.98364830079511],[-60.166913834175915,43.852312007030505],[-60.133747152155394,43.844912779212784],[-60.15715892769929,43.76352127321782],[-60.23324719821696,43.74687301062794],[-60.2839727118954,43.8042170262153],[-60.30933546873463,43.85416181398494],[-60.264462898942156,43.93000389911661],[-60.39712962702424,43.91890505739003],[-60.45175710329334,43.97439926602296],[-60.37566883277567,44.0187946329293],[-60.31713939391592,44.094636718060976],[-60.28202173060008,44.08168806937996]]]}},{"type":"Feature","id":"15238","properties":{"MPIO":"15238","DPTO":"15","NOMBRE_MPI":"DUITAMA","NOMBRE_DPT":"BOYACA"},"geometry":{"type":"Polygon","coordinates":[[[-60.25275701117021,44.08168806937996],[-60.088874582362926,44.0483915442002],[-60.053756919047075,43.91890505739003],[-60.02254121832188,43.90595640870901],[-60.004982386663954,43.86896026962039],[-60.03619808738915,43.867110462665956],[-60.133747152155394,43.844912779212784],[-60.166913834175915,43.852312007030505],[-60.20398247878709,43.98364830079511],[-60.28202173060008,44.08168806937996],[-60.25275701117021,44.08168806937996]]]}},{"type":"Feature","id":"05467","properties":{"MPIO":"05467","DPTO":"05","NOMBRE_MPI":"MONTEBELLO","NOMBRE_DPT":"ANTIOQUIA"},"geometry":{"type":"Polygon","coordinates":[[[-63.45626829809355,44.33326181518259],[-63.423101616073026,44.301815096957256],[-63.460170260684194,44.23337223964331],[-63.50504283047667,44.229672625734445],[-63.53820951249719,44.34066104300031],[-63.45626829809355,44.33326181518259]]]}},{"type":"Feature","id":"05282","properties":{"MPIO":"05282","DPTO":"05","NOMBRE_MPI":"FREDONIA","NOMBRE_DPT":"ANTIOQUIA"},"geometry":{"type":"Polygon","coordinates":[[[-63.71574881037175,44.35360969168133],[-63.6884350722372,44.351759884726896],[-63.64356250244473,44.34806027081804],[-63.637709558558754,44.20747494228127],[-63.65917035280733,44.14643131278505],[-63.69233703482785,44.18342745187367],[-63.82890572550059,44.264818957868634],[-63.83085670679591,44.27591779959522],[-63.82110180031928,44.322162973456],[-63.71574881037175,44.35360969168133]]]}},{"type":"Feature","id":"15693","properties":{"MPIO":"15693","DPTO":"15","NOMBRE_MPI":"SANTA ROSA DE VITERBO","NOMBRE_DPT":"BOYACA"},"geometry":{"type":"Polygon","coordinates":[[[-60.053756919047075,44.05024135115463],[-59.96596276075746,43.981798493840685],[-60.02254121832188,43.90595640870901],[-60.053756919047075,43.91890505739003],[-60.088874582362926,44.0483915442002],[-60.053756919047075,44.05024135115463]]]}},{"type":"Feature","id":"05652","properties":{"MPIO":"05652","DPTO":"05","NOMBRE_MPI":"SAN FRANCISCO","NOMBRE_DPT":"ANTIOQUIA"},"geometry":{"type":"Polygon","coordinates":[[[-62.80464054545506,44.274067992640795],[-62.72074834975609,44.237071853552166],[-62.66221891089635,44.26111934395978],[-62.562718864834785,44.22042359096229],[-62.554914939653486,44.21672397705343],[-62.61539535980855,44.1316328571496],[-62.74220914400467,44.09093710415212],[-62.85731704042883,44.074288841562236],[-62.81439545193169,44.15383054060277],[-62.83390526488493,44.22227339791672],[-62.9177974605839,44.224123204871155],[-62.86316998431481,44.23337223964331],[-62.89633666633533,44.274067992640795],[-62.80464054545506,44.274067992640795]]]}},{"type":"Feature","id":"15092","properties":{"MPIO":"15092","DPTO":"15","NOMBRE_MPI":"BETEITIVA","NOMBRE_DPT":"BOYACA"},"geometry":{"type":"Polygon","coordinates":[[[-59.72013911754654,44.00399617729386],[-59.80988425713147,43.917055250435595],[-59.85865878951459,43.90595640870901],[-59.89572743412577,43.902256794800145],[-59.94450196650889,43.981798493840685],[-59.90548234060239,43.99844675643056],[-59.749403836976406,44.01324521206601],[-59.72013911754654,44.00399617729386]]]}},{"type":"Feature","id":"15816","properties":{"MPIO":"15816","DPTO":"15","NOMBRE_MPI":"TOGUI","NOMBRE_DPT":"BOYACA"},"geometry":{"type":"Polygon","coordinates":[[[-60.76781607313596,44.08538768328882],[-60.70928663427621,44.10018613892427],[-60.6527081767118,44.01509501902044],[-60.697580746504265,43.99844675643056],[-60.76586509184063,44.03544289551918],[-60.76781607313596,44.08538768328882]]]}},{"type":"Feature","id":"15469","properties":{"MPIO":"15469","DPTO":"15","NOMBRE_MPI":"MONIQUIRA","NOMBRE_DPT":"BOYACA"},"geometry":{"type":"Polygon","coordinates":[[[-60.86146317531155,44.11313478760529],[-60.76781607313596,44.08538768328882],[-60.76586509184063,44.03544289551918],[-60.697580746504265,43.99844675643056],[-60.67611995225569,43.94850196866092],[-60.746355278887386,43.97624907297739],[-60.76781607313596,43.917055250435595],[-60.85365925013025,43.93370351302548],[-60.90438476380869,43.93370351302548],[-60.86926710049285,44.02804366770146],[-60.8809729882648,44.06503980679008],[-60.86146317531155,44.11313478760529]]]}},{"type":"Feature","id":"05792","properties":{"MPIO":"05792","DPTO":"05","NOMBRE_MPI":"TARSO","NOMBRE_DPT":"ANTIOQUIA"},"geometry":{"type":"Polygon","coordinates":[[[-63.94401362192475,44.35360969168133],[-63.83085670679591,44.27591779959522],[-63.82890572550059,44.264818957868634],[-63.889386145655656,44.20562513532684],[-64.03180778021436,44.279617413504084],[-63.94401362192475,44.35360969168133]]]}},{"type":"Feature","id":"15790","properties":{"MPIO":"15790","DPTO":"15","NOMBRE_MPI":"TASCO","NOMBRE_DPT":"BOYACA"},"geometry":{"type":"Polygon","coordinates":[[[-59.659658697391464,43.99844675643056],[-59.65575673480082,43.917055250435595],[-59.60893318371302,43.880059111346974],[-59.52699196930938,43.917055250435595],[-59.55625668873925,43.82641470966847],[-59.67331556645874,43.84121316530392],[-59.79232542547355,43.88560853221027],[-59.80988425713147,43.917055250435595],[-59.72013911754654,44.00399617729386],[-59.659658697391464,43.99844675643056]]]}},{"type":"Feature","id":"05101","properties":{"MPIO":"05101","DPTO":"05","NOMBRE_MPI":"CIUDAD BOLIVAR","NOMBRE_DPT":"ANTIOQUIA"},"geometry":{"type":"Polygon","coordinates":[[[-64.32250399321777,44.3758073751345],[-64.08448427518813,44.32586258736486],[-64.03180778021436,44.279617413504084],[-64.041562686691,44.22597301182559],[-64.12155291979931,44.20562513532684],[-64.33030791839906,44.174178417101515],[-64.36347460041958,44.24077146746103],[-64.32250399321777,44.3758073751345]]]}},{"type":"Feature","id":"68572","properties":{"MPIO":"68572","DPTO":"68","NOMBRE_MPI":"PUENTE NACIONAL","NOMBRE_DPT":"SANTANDER"},"geometry":{"type":"Polygon","coordinates":[[[-60.91413967028532,44.102035945878704],[-60.8809729882648,44.06503980679008],[-60.86926710049285,44.02804366770146],[-60.90438476380869,43.93370351302548],[-60.94925733360117,43.881908918301406],[-61.02144364152818,43.937403126934335],[-61.099482893341175,43.946652161706496],[-61.0546103235487,44.03544289551918],[-61.042904435776755,44.072439034607804],[-60.97657107173571,44.06503980679008],[-60.91413967028532,44.102035945878704]]]}},{"type":"Feature","id":"05002","properties":{"MPIO":"05002","DPTO":"05","NOMBRE_MPI":"ABEJORRAL","NOMBRE_DPT":"ANTIOQUIA"},"geometry":{"type":"Polygon","coordinates":[[[-63.423101616073026,44.301815096957256],[-63.35676825203198,44.27221818568636],[-63.1616701224995,44.19637610055469],[-63.1616701224995,44.17232861014708],[-63.22995446783587,44.1316328571496],[-63.37237610239458,44.09833633196984],[-63.405542784415104,44.057640578972354],[-63.48358203622809,44.037292702473614],[-63.56942521322239,44.10018613892427],[-63.50504283047667,44.229672625734445],[-63.460170260684194,44.23337223964331],[-63.423101616073026,44.301815096957256]]]}},{"type":"Feature","id":"05756","properties":{"MPIO":"05756","DPTO":"05","NOMBRE_MPI":"SONSON","NOMBRE_DPT":"ANTIOQUIA"},"geometry":{"type":"Polygon","coordinates":[[[-62.554914939653486,44.21672397705343],[-62.295434427375284,44.1316328571496],[-62.32469914680516,44.0483915442002],[-62.32665012810048,44.0483915442002],[-62.3910325108462,44.05579077201793],[-62.46712078136387,43.98364830079511],[-62.586130640378684,44.01139540511158],[-62.60759143462725,44.04654173724577],[-62.66416989219167,44.04099231638248],[-62.67197381737297,44.059490385926786],[-62.87682685338208,44.05579077201793],[-62.995836712396894,44.09648652501541],[-63.11094460882106,44.08353787633439],[-63.108993627525734,44.02064443988373],[-63.16752306638548,44.016944825974875],[-63.200689748406,43.96145061734194],[-63.18117993545275,43.92815409216218],[-63.24361133690314,43.81901548185075],[-63.28067998151431,43.82086528880518],[-63.30799371964886,43.95960081038751],[-63.35481727073666,43.972549459068524],[-63.32750353260211,44.016944825974875],[-63.405542784415104,44.057640578972354],[-63.37237610239458,44.09833633196984],[-63.22995446783587,44.1316328571496],[-63.1616701224995,44.17232861014708],[-62.9177974605839,44.224123204871155],[-62.83390526488493,44.22227339791672],[-62.81439545193169,44.15383054060277],[-62.85731704042883,44.074288841562236],[-62.74220914400467,44.09093710415212],[-62.61539535980855,44.1316328571496],[-62.554914939653486,44.21672397705343]]]}},{"type":"Feature","id":"68368","properties":{"MPIO":"68368","DPTO":"68","NOMBRE_MPI":"JESUS MARIA","NOMBRE_DPT":"SANTANDER"},"geometry":{"type":"Polygon","coordinates":[[[-61.23995354660456,44.10758536674199],[-61.042904435776755,44.072439034607804],[-61.0546103235487,44.03544289551918],[-61.21654177106066,43.99844675643056],[-61.27312022862508,44.009545598157146],[-61.22629667753729,44.024344053792596],[-61.23995354660456,44.10758536674199]]]}},{"type":"Feature","id":"15276","properties":{"MPIO":"15276","DPTO":"15","NOMBRE_MPI":"FLORESTA","NOMBRE_DPT":"BOYACA"},"geometry":{"type":"Polygon","coordinates":[[[-59.96596276075746,43.981798493840685],[-59.94450196650889,43.981798493840685],[-59.89572743412577,43.902256794800145],[-59.90938430319304,43.86526065571152],[-59.92889411614629,43.844912779212784],[-60.004982386663954,43.86896026962039],[-60.02254121832188,43.90595640870901],[-59.96596276075746,43.981798493840685]]]}},{"type":"Feature","id":"15507","properties":{"MPIO":"15507","DPTO":"15","NOMBRE_MPI":"OTANCHE","NOMBRE_DPT":"BOYACA"},"geometry":{"type":"Polygon","coordinates":[[[-61.55991447903783,44.074288841562236],[-61.540404666084584,44.02619386074703],[-61.55991447903783,43.972549459068524],[-61.637953730850825,43.981798493840685],[-61.645757656032124,43.90595640870901],[-61.68477728193862,43.830114323577334],[-61.75891457116096,43.79866760535201],[-61.81939499131603,43.86156104180266],[-61.885728355357074,43.880059111346974],[-61.831100879087984,43.92075486434446],[-61.8564636359272,44.02989347465589],[-61.73745377691239,44.087237490243254],[-61.65746354380407,44.116834401514154],[-61.55991447903783,44.074288841562236]]]}},{"type":"Feature","id":"05576","properties":{"MPIO":"05576","DPTO":"05","NOMBRE_MPI":"PUEBLORRICO","NOMBRE_DPT":"ANTIOQUIA"},"geometry":{"type":"Polygon","coordinates":[[[-64.03180778021436,44.279617413504084],[-63.889386145655656,44.20562513532684],[-63.93816067803878,44.139032084967326],[-64.02790581762372,44.16862899623822],[-64.041562686691,44.22597301182559],[-64.03180778021436,44.279617413504084]]]}},{"type":"Feature","id":"05368","properties":{"MPIO":"05368","DPTO":"05","NOMBRE_MPI":"JERICO","NOMBRE_DPT":"ANTIOQUIA"},"geometry":{"type":"Polygon","coordinates":[[[-63.82890572550059,44.264818957868634],[-63.69233703482785,44.18342745187367],[-63.74891549239227,44.17602822405594],[-63.87377829529306,44.07613864851667],[-63.93035675285748,44.059490385926786],[-63.93816067803878,44.139032084967326],[-63.889386145655656,44.20562513532684],[-63.82890572550059,44.264818957868634]]]}},{"type":"Feature","id":"68271","properties":{"MPIO":"68271","DPTO":"68","NOMBRE_MPI":"FLORIAN","NOMBRE_DPT":"SANTANDER"},"geometry":{"type":"Polygon","coordinates":[[[-61.27312022862508,44.009545598157146],[-61.411639900593144,43.9411027408432],[-61.44870854520432,44.00769579120272],[-61.540404666084584,44.02619386074703],[-61.55991447903783,44.074288841562236],[-61.35115948043808,44.059490385926786],[-61.27312022862508,44.009545598157146]]]}},{"type":"Feature","id":"68020","properties":{"MPIO":"68020","DPTO":"68","NOMBRE_MPI":"ALBANIA","NOMBRE_DPT":"SANTANDER"},"geometry":{"type":"Polygon","coordinates":[[[-61.0546103235487,44.03544289551918],[-61.099482893341175,43.946652161706496],[-61.24190452789989,43.93000389911661],[-61.26336532214846,43.9115058295723],[-61.282875135101705,43.9115058295723],[-61.411639900593144,43.9411027408432],[-61.27312022862508,44.009545598157146],[-61.21654177106066,43.99844675643056],[-61.0546103235487,44.03544289551918]]]}},{"type":"Feature","id":"15215","properties":{"MPIO":"15215","DPTO":"15","NOMBRE_MPI":"CORRALES","NOMBRE_DPT":"BOYACA"},"geometry":{"type":"Polygon","coordinates":[[[-59.85865878951459,43.90595640870901],[-59.80988425713147,43.917055250435595],[-59.79232542547355,43.88560853221027],[-59.837197995266024,43.831964130531766],[-59.901580378011744,43.815315867941884],[-59.92889411614629,43.844912779212784],[-59.90938430319304,43.86526065571152],[-59.85865878951459,43.90595640870901]]]}},{"type":"Feature","id":"15763","properties":{"MPIO":"15763","DPTO":"15","NOMBRE_MPI":"SOTAQUIRA","NOMBRE_DPT":"BOYACA"},"geometry":{"type":"Polygon","coordinates":[[[-60.45175710329334,43.97439926602296],[-60.39712962702424,43.91890505739003],[-60.264462898942156,43.93000389911661],[-60.30933546873463,43.85416181398494],[-60.2839727118954,43.8042170262153],[-60.34835509464112,43.824564902714044],[-60.424443365158794,43.81346606098745],[-60.49272771049516,43.8282645166229],[-60.568815981012825,43.92445447825332],[-60.53174733640166,43.97069965211409],[-60.45175710329334,43.97439926602296]]]}},{"type":"Feature","id":"15114","properties":{"MPIO":"15114","DPTO":"15","NOMBRE_MPI":"BUSBANZA","NOMBRE_DPT":"BOYACA"},"geometry":{"type":"Polygon","coordinates":[[[-59.89572743412577,43.902256794800145],[-59.85865878951459,43.90595640870901],[-59.90938430319304,43.86526065571152],[-59.89572743412577,43.902256794800145]]]}},{"type":"Feature","id":"15550","properties":{"MPIO":"15550","DPTO":"15","NOMBRE_MPI":"PISBA","NOMBRE_DPT":"BOYACA"},"geometry":{"type":"Polygon","coordinates":[[[-59.30262912034703,43.846762586167216],[-59.21483496205741,43.80791664012416],[-59.27141341962183,43.77092050103554],[-59.27336440091715,43.67658034635956],[-59.35335463402547,43.667331311587404],[-59.435295848429114,43.602588068182314],[-59.484070380812234,43.695078415903865],[-59.48992332469821,43.77277030798997],[-59.363109540502094,43.802367219260866],[-59.30262912034703,43.846762586167216]]]}},{"type":"Feature","id":"05390","properties":{"MPIO":"05390","DPTO":"05","NOMBRE_MPI":"LA PINTADA","NOMBRE_DPT":"ANTIOQUIA"},"geometry":{"type":"Polygon","coordinates":[[[-63.637709558558754,44.20747494228127],[-63.59478797006161,44.194526293600255],[-63.61234680171953,44.11128498065086],[-63.645513483740054,44.0539409650635],[-63.67672918446525,44.05579077201793],[-63.69038605353252,44.12793324324073],[-63.65917035280733,44.14643131278505],[-63.637709558558754,44.20747494228127]]]}},{"type":"Feature","id":"15051","properties":{"MPIO":"15051","DPTO":"15","NOMBRE_MPI":"ARCABUCO","NOMBRE_DPT":"BOYACA"},"geometry":{"type":"Polygon","coordinates":[[[-60.76781607313596,43.917055250435595],[-60.746355278887386,43.97624907297739],[-60.67611995225569,43.94850196866092],[-60.6214924759866,43.88560853221027],[-60.57271794360348,43.809766447078594],[-60.5902767752614,43.77277030798997],[-60.681972896141666,43.82641470966847],[-60.76001214795466,43.852312007030505],[-60.76781607313596,43.917055250435595]]]}},{"type":"Feature","id":"25885","properties":{"MPIO":"25885","DPTO":"25","NOMBRE_MPI":"YACOPI","NOMBRE_DPT":"CUNDINAMARCA"},"geometry":{"type":"Polygon","coordinates":[[[-62.102287279138125,44.03359308856475],[-62.04375784027839,44.01324521206601],[-61.967669569760716,44.02804366770146],[-61.87597344888045,44.074288841562236],[-61.8564636359272,44.02989347465589],[-61.831100879087984,43.92075486434446],[-61.885728355357074,43.880059111346974],[-61.8408557855646,43.77646992189884],[-61.78817929059083,43.709876871539315],[-61.741355739503035,43.70432745067602],[-61.71599298266381,43.69322860894943],[-61.805738122248755,43.62848536554435],[-61.92474798126357,43.63588459336207],[-62.00083625178124,43.66363169767854],[-62.04375784027839,43.70247764372159],[-62.09448335395683,43.815315867941884],[-62.19203241872307,43.815315867941884],[-62.18422849354177,43.87450969048368],[-62.09058139136618,43.92630428520775],[-62.0691205971176,43.987347914703975],[-62.102287279138125,44.03359308856475]]]}},{"type":"Feature","id":"15296","properties":{"MPIO":"15296","DPTO":"15","NOMBRE_MPI":"GAMEZA","NOMBRE_DPT":"BOYACA"},"geometry":{"type":"Polygon","coordinates":[[[-59.79232542547355,43.88560853221027],[-59.67331556645874,43.84121316530392],[-59.55625668873925,43.82641470966847],[-59.5679625765112,43.77831972885326],[-59.78452150029226,43.802367219260866],[-59.837197995266024,43.831964130531766],[-59.79232542547355,43.88560853221027]]]}},{"type":"Feature","id":"85263","properties":{"MPIO":"85263","DPTO":"85","NOMBRE_MPI":"PORE","NOMBRE_DPT":"CASANARE"},"geometry":{"type":"Polygon","coordinates":[[[-58.7817171144953,43.780169535807694],[-58.68611903102438,43.74132358976464],[-58.647099405117885,43.68582938113171],[-58.373962023772414,43.52119656218734],[-58.38761889283969,43.460152932691116],[-58.44224636910879,43.432405828374655],[-58.59832487273477,43.474951388326566],[-58.61978566698334,43.46570235355441],[-58.713432769158935,43.508247913506324],[-58.79147202097192,43.57669077082028],[-58.88511912314752,43.630335172498775],[-58.87731519796622,43.67288073245069],[-58.85585440371764,43.73947378281021],[-58.7817171144953,43.780169535807694]]]}},{"type":"Feature","id":"05353","properties":{"MPIO":"05353","DPTO":"05","NOMBRE_MPI":"HISPANIA","NOMBRE_DPT":"ANTIOQUIA"},"geometry":{"type":"Polygon","coordinates":[[[-64.041562686691,44.22597301182559],[-64.02790581762372,44.16862899623822],[-64.08643525648345,44.12793324324073],[-64.12155291979931,44.20562513532684],[-64.041562686691,44.22597301182559]]]}},{"type":"Feature","id":"15533","properties":{"MPIO":"15533","DPTO":"15","NOMBRE_MPI":"PAYA","NOMBRE_DPT":"BOYACA"},"geometry":{"type":"Polygon","coordinates":[[[-59.21483496205741,43.80791664012416],[-59.12704080376779,43.76352127321782],[-59.0333937015922,43.64883324204309],[-59.11143295340519,43.62108613772662],[-59.15825650449299,43.487900037007584],[-59.20898201817143,43.47125177441771],[-59.277266363507806,43.55634289432153],[-59.34555070884417,43.51379733436962],[-59.435295848429114,43.602588068182314],[-59.35335463402547,43.667331311587404],[-59.27336440091715,43.67658034635956],[-59.27141341962183,43.77092050103554],[-59.21483496205741,43.80791664012416]]]}},{"type":"Feature","id":"15531","properties":{"MPIO":"15531","DPTO":"15","NOMBRE_MPI":"PAUNA","NOMBRE_DPT":"BOYACA"},"geometry":{"type":"Polygon","coordinates":[[[-61.540404666084584,44.02619386074703],[-61.44870854520432,44.00769579120272],[-61.411639900593144,43.9411027408432],[-61.390179106344576,43.89855718089129],[-61.298482985464304,43.809766447078594],[-61.382375181163276,43.76907069408111],[-61.540404666084584,43.8578614278938],[-61.51309092795003,43.92445447825332],[-61.55991447903783,43.972549459068524],[-61.540404666084584,44.02619386074703]]]}},{"type":"Feature","id":"05789","properties":{"MPIO":"05789","DPTO":"05","NOMBRE_MPI":"TAMESIS","NOMBRE_DPT":"ANTIOQUIA"},"geometry":{"type":"Polygon","coordinates":[[[-63.69233703482785,44.18342745187367],[-63.65917035280733,44.14643131278505],[-63.69038605353252,44.12793324324073],[-63.758670398868894,43.96145061734194],[-63.82695474420526,43.92630428520775],[-63.854268482339805,43.92630428520775],[-63.83085670679591,43.9411027408432],[-63.87377829529306,44.07613864851667],[-63.74891549239227,44.17602822405594],[-63.69233703482785,44.18342745187367]]]}},{"type":"Feature","id":"05091","properties":{"MPIO":"05091","DPTO":"05","NOMBRE_MPI":"BETANIA","NOMBRE_DPT":"ANTIOQUIA"},"geometry":{"type":"Polygon","coordinates":[[[-64.12155291979931,44.20562513532684],[-64.08643525648345,44.12793324324073],[-64.02790581762372,44.16862899623822],[-64.02010189244241,44.109435173696426],[-64.20934707808892,44.10573555978756],[-64.2542196478814,44.0779884554711],[-64.34591576876166,44.08353787633439],[-64.33030791839906,44.174178417101515],[-64.12155291979931,44.20562513532684]]]}},{"type":"Feature","id":"15293","properties":{"MPIO":"15293","DPTO":"15","NOMBRE_MPI":"GACHANTIVA","NOMBRE_DPT":"BOYACA"},"geometry":{"type":"Polygon","coordinates":[[[-60.76781607313596,43.917055250435595],[-60.76001214795466,43.852312007030505],[-60.867316119197525,43.8282645166229],[-60.85365925013025,43.93370351302548],[-60.76781607313596,43.917055250435595]]]}},{"type":"Feature","id":"15204","properties":{"MPIO":"15204","DPTO":"15","NOMBRE_MPI":"COMBITA","NOMBRE_DPT":"BOYACA"},"geometry":{"type":"Polygon","coordinates":[[[-60.568815981012825,43.92445447825332],[-60.49272771049516,43.8282645166229],[-60.424443365158794,43.81346606098745],[-60.473217897541915,43.75612204540009],[-60.5512571493549,43.68582938113171],[-60.586374812670755,43.73577416890135],[-60.5902767752614,43.77277030798997],[-60.57271794360348,43.809766447078594],[-60.6214924759866,43.88560853221027],[-60.568815981012825,43.92445447825332]]]}},{"type":"Feature","id":"15491","properties":{"MPIO":"15491","DPTO":"15","NOMBRE_MPI":"NOBSA","NOMBRE_DPT":"BOYACA"},"geometry":{"type":"Polygon","coordinates":[[[-60.03619808738915,43.867110462665956],[-60.004982386663954,43.86896026962039],[-59.92889411614629,43.844912779212784],[-59.901580378011744,43.815315867941884],[-59.991325517596685,43.794967991443144],[-60.03619808738915,43.867110462665956]]]}},{"type":"Feature","id":"15806","properties":{"MPIO":"15806","DPTO":"15","NOMBRE_MPI":"TIBASOSA","NOMBRE_DPT":"BOYACA"},"geometry":{"type":"Polygon","coordinates":[[[-60.03619808738915,43.867110462665956],[-59.991325517596685,43.794967991443144],[-60.02254121832188,43.76167146626339],[-60.10838439531617,43.780169535807694],[-60.15715892769929,43.76352127321782],[-60.133747152155394,43.844912779212784],[-60.03619808738915,43.867110462665956]]]}},{"type":"Feature","id":"25572","properties":{"MPIO":"25572","DPTO":"25","NOMBRE_MPI":"PUERTO SALGAR","NOMBRE_DPT":"CUNDINAMARCA"},"geometry":{"type":"Polygon","coordinates":[[[-62.32665012810048,44.0483915442002],[-62.32469914680516,44.0483915442002],[-62.26812068924074,44.022494246838164],[-62.160816717997875,44.05024135115463],[-62.102287279138125,44.03359308856475],[-62.0691205971176,43.987347914703975],[-62.09058139136618,43.92630428520775],[-62.18422849354177,43.87450969048368],[-62.19203241872307,43.815315867941884],[-62.24470891369684,43.782019342762126],[-62.33055209069113,43.659932083769675],[-62.38908152955088,43.717276099357036],[-62.369571716597626,43.85046220007607],[-62.30323835255658,43.957751003433074],[-62.34615994105373,44.009545598157146],[-62.32665012810048,44.0483915442002]]]}},{"type":"Feature","id":"15696","properties":{"MPIO":"15696","DPTO":"15","NOMBRE_MPI":"SANTA SOFIA","NOMBRE_DPT":"BOYACA"},"geometry":{"type":"Polygon","coordinates":[[[-60.90438476380869,43.93370351302548],[-60.85365925013025,43.93370351302548],[-60.867316119197525,43.8282645166229],[-60.87902200696947,43.809766447078594],[-60.97462009044039,43.85601162093937],[-60.94925733360117,43.881908918301406],[-60.90438476380869,43.93370351302548]]]}},{"type":"Feature","id":"15820","properties":{"MPIO":"15820","DPTO":"15","NOMBRE_MPI":"TOPAGA","NOMBRE_DPT":"BOYACA"},"geometry":{"type":"Polygon","coordinates":[[[-59.901580378011744,43.815315867941884],[-59.837197995266024,43.831964130531766],[-59.78452150029226,43.802367219260866],[-59.83914897656135,43.77646992189884],[-59.8820705650585,43.794967991443144],[-59.901580378011744,43.815315867941884]]]}},{"type":"Feature","id":"15632","properties":{"MPIO":"15632","DPTO":"15","NOMBRE_MPI":"SABOYA","NOMBRE_DPT":"BOYACA"},"geometry":{"type":"Polygon","coordinates":[[[-61.099482893341175,43.946652161706496],[-61.02144364152818,43.937403126934335],[-60.94925733360117,43.881908918301406],[-60.97462009044039,43.85601162093937],[-61.044855417072085,43.796817798397576],[-61.23019864012794,43.8282645166229],[-61.26336532214846,43.9115058295723],[-61.24190452789989,43.93000389911661],[-61.099482893341175,43.946652161706496]]]}},{"type":"Feature","id":"05034","properties":{"MPIO":"05034","DPTO":"05","NOMBRE_MPI":"ANDES","NOMBRE_DPT":"ANTIOQUIA"},"geometry":{"type":"Polygon","coordinates":[[[-64.02790581762372,44.16862899623822],[-63.93816067803878,44.139032084967326],[-63.93035675285748,44.059490385926786],[-64.01815091114709,44.04284212333691],[-64.06302348093956,43.887458339164695],[-64.2073960967936,43.89670737393685],[-64.26787651694866,43.94295254779763],[-64.26787651694866,44.002146370339425],[-64.34591576876166,44.08353787633439],[-64.2542196478814,44.0779884554711],[-64.20934707808892,44.10573555978756],[-64.02010189244241,44.109435173696426],[-64.02790581762372,44.16862899623822]]]}},{"type":"Feature","id":"05055","properties":{"MPIO":"05055","DPTO":"05","NOMBRE_MPI":"ARGELIA","NOMBRE_DPT":"ANTIOQUIA"},"geometry":{"type":"Polygon","coordinates":[[[-62.66416989219167,44.04099231638248],[-62.80854250804571,44.022494246838164],[-62.915846479288575,43.98919772165841],[-63.108993627525734,44.02064443988373],[-63.11094460882106,44.08353787633439],[-62.995836712396894,44.09648652501541],[-62.87682685338208,44.05579077201793],[-62.67197381737297,44.059490385926786],[-62.66416989219167,44.04099231638248]]]}},{"type":"Feature","id":"15681","properties":{"MPIO":"15681","DPTO":"15","NOMBRE_MPI":"SAN PABLO DE BORBUR","NOMBRE_DPT":"BOYACA"},"geometry":{"type":"Polygon","coordinates":[[[-61.55991447903783,43.972549459068524],[-61.51309092795003,43.92445447825332],[-61.540404666084584,43.8578614278938],[-61.59113017976303,43.815315867941884],[-61.68477728193862,43.830114323577334],[-61.645757656032124,43.90595640870901],[-61.637953730850825,43.981798493840685],[-61.55991447903783,43.972549459068524]]]}},{"type":"Feature","id":"15464","properties":{"MPIO":"15464","DPTO":"15","NOMBRE_MPI":"MONGUA","NOMBRE_DPT":"BOYACA"},"geometry":{"type":"Polygon","coordinates":[[[-59.78452150029226,43.802367219260866],[-59.5679625765112,43.77831972885326],[-59.48992332469821,43.77277030798997],[-59.484070380812234,43.695078415903865],[-59.53869785708133,43.64328382117979],[-59.64209986573354,43.68582938113171],[-59.73769794920446,43.63403478640764],[-59.79427640676888,43.689528995040575],[-59.80793327583615,43.70062783676716],[-59.83914897656135,43.77646992189884],[-59.78452150029226,43.802367219260866]]]}},{"type":"Feature","id":"15759","properties":{"MPIO":"15759","DPTO":"15","NOMBRE_MPI":"SOGAMOSO","NOMBRE_DPT":"BOYACA"},"geometry":{"type":"Polygon","coordinates":[[[-59.901580378011744,43.815315867941884],[-59.8820705650585,43.794967991443144],[-59.88402154635382,43.70432745067602],[-59.80793327583615,43.70062783676716],[-59.79427640676888,43.689528995040575],[-59.854756826923946,43.62848536554435],[-59.942550985213565,43.65623246986081],[-59.98742355500603,43.67103092549626],[-60.04205103127513,43.70802706458488],[-60.02254121832188,43.76167146626339],[-59.991325517596685,43.794967991443144],[-59.901580378011744,43.815315867941884]]]}},{"type":"Feature","id":"05856","properties":{"MPIO":"05856","DPTO":"05","NOMBRE_MPI":"VALPARAISO","NOMBRE_DPT":"ANTIOQUIA"},"geometry":{"type":"Polygon","coordinates":[[[-63.645513483740054,44.0539409650635],[-63.655268390216676,43.98549810774954],[-63.758670398868894,43.96145061734194],[-63.69038605353252,44.12793324324073],[-63.67672918446525,44.05579077201793],[-63.645513483740054,44.0539409650635]]]}},{"type":"Feature","id":"27413","properties":{"MPIO":"27413","DPTO":"27","NOMBRE_MPI":"LLORO","NOMBRE_DPT":"CHOCO"},"geometry":{"type":"Polygon","coordinates":[[[-64.87072973720403,44.15013092669391],[-64.67368062637622,44.18342745187367],[-64.6561217947183,44.122383822377444],[-64.57418058031466,44.124233629331876],[-64.4668766090718,44.08353787633439],[-64.54881782347545,44.059490385926786],[-64.64441590694636,43.98549810774954],[-64.70879828969207,43.957751003433074],[-64.8687787559087,43.94295254779763],[-64.97608272715158,43.917055250435595],[-64.98193567103755,44.02989347465589],[-64.85902384943209,44.04284212333691],[-64.87072973720403,44.15013092669391]]]}},{"type":"Feature","id":"17013","properties":{"MPIO":"17013","DPTO":"17","NOMBRE_MPI":"AGUADAS","NOMBRE_DPT":"CALDAS"},"geometry":{"type":"Polygon","coordinates":[[[-63.56942521322239,44.10018613892427],[-63.48358203622809,44.037292702473614],[-63.405542784415104,44.057640578972354],[-63.32750353260211,44.016944825974875],[-63.35481727073666,43.972549459068524],[-63.30799371964886,43.95960081038751],[-63.28067998151431,43.82086528880518],[-63.380180027575875,43.79311818448871],[-63.37237610239458,43.852312007030505],[-63.430905541254326,43.887458339164695],[-63.45626829809355,43.95405138952422],[-63.524552643429914,43.94850196866092],[-63.64941544633071,43.902256794800145],[-63.655268390216676,43.98549810774954],[-63.645513483740054,44.0539409650635],[-63.61234680171953,44.11128498065086],[-63.56942521322239,44.10018613892427]]]}},{"type":"Feature","id":"15832","properties":{"MPIO":"15832","DPTO":"15","NOMBRE_MPI":"TUNUNGUA","NOMBRE_DPT":"BOYACA"},"geometry":{"type":"Polygon","coordinates":[[[-61.282875135101705,43.9115058295723],[-61.390179106344576,43.89855718089129],[-61.411639900593144,43.9411027408432],[-61.282875135101705,43.9115058295723]]]}},{"type":"Feature","id":"15466","properties":{"MPIO":"15466","DPTO":"15","NOMBRE_MPI":"MONGUI","NOMBRE_DPT":"BOYACA"},"geometry":{"type":"Polygon","coordinates":[[[-59.83914897656135,43.77646992189884],[-59.80793327583615,43.70062783676716],[-59.88402154635382,43.70432745067602],[-59.8820705650585,43.794967991443144],[-59.83914897656135,43.77646992189884]]]}},{"type":"Feature","id":"15176","properties":{"MPIO":"15176","DPTO":"15","NOMBRE_MPI":"CHIQUINQUIRA","NOMBRE_DPT":"BOYACA"},"geometry":{"type":"Polygon","coordinates":[[[-61.26336532214846,43.9115058295723],[-61.23019864012794,43.8282645166229],[-61.044855417072085,43.796817798397576],[-61.08972798686455,43.75427223844566],[-61.18337508904014,43.794967991443144],[-61.19117901422144,43.76907069408111],[-61.25556139696716,43.74132358976464],[-61.261414340853136,43.79866760535201],[-61.298482985464304,43.809766447078594],[-61.282875135101705,43.9115058295723],[-61.26336532214846,43.9115058295723]]]}},{"type":"Feature","id":"15106","properties":{"MPIO":"15106","DPTO":"15","NOMBRE_MPI":"BRICE¥O","NOMBRE_DPT":"BOYACA"},"geometry":{"type":"Polygon","coordinates":[[[-61.282875135101705,43.9115058295723],[-61.298482985464304,43.809766447078594],[-61.390179106344576,43.89855718089129],[-61.282875135101705,43.9115058295723]]]}},{"type":"Feature","id":"15837","properties":{"MPIO":"15837","DPTO":"15","NOMBRE_MPI":"TUTA","NOMBRE_DPT":"BOYACA"},"geometry":{"type":"Polygon","coordinates":[[[-60.424443365158794,43.81346606098745],[-60.34835509464112,43.824564902714044],[-60.2839727118954,43.8042170262153],[-60.23324719821696,43.74687301062794],[-60.207884441377736,43.71542629240261],[-60.393227664433596,43.72652513412919],[-60.416639439977494,43.73207455499249],[-60.473217897541915,43.75612204540009],[-60.424443365158794,43.81346606098745]]]}},{"type":"Feature","id":"85225","properties":{"MPIO":"85225","DPTO":"85","NOMBRE_MPI":"NUNCHIA","NOMBRE_DPT":"CASANARE"},"geometry":{"type":"Polygon","coordinates":[[[-58.87731519796622,43.67288073245069],[-58.88511912314752,43.630335172498775],[-58.79147202097192,43.57669077082028],[-58.713432769158935,43.508247913506324],[-58.727089638226204,43.45645331878226],[-58.60417781662074,43.40095911014932],[-58.55930524682827,43.30846876242777],[-58.92608973034934,43.32326721806322],[-59.009981926048305,43.373212005832855],[-59.0490015519548,43.42130698664807],[-59.050952533250125,43.49344945787088],[-59.099727065633246,43.524896176096206],[-59.15825650449299,43.487900037007584],[-59.11143295340519,43.62108613772662],[-59.0333937015922,43.64883324204309],[-58.87731519796622,43.67288073245069]]]}},{"type":"Feature","id":"15407","properties":{"MPIO":"15407","DPTO":"15","NOMBRE_MPI":"VILLA DE LEYVA","NOMBRE_DPT":"BOYACA"},"geometry":{"type":"Polygon","coordinates":[[[-60.681972896141666,43.82641470966847],[-60.713188596866864,43.81161625403303],[-60.75806116665933,43.802367219260866],[-60.78927686738453,43.73762397585578],[-60.859512194016226,43.73762397585578],[-60.882923969560125,43.767220887126676],[-60.87902200696947,43.809766447078594],[-60.867316119197525,43.8282645166229],[-60.76001214795466,43.852312007030505],[-60.681972896141666,43.82641470966847]]]}},{"type":"Feature","id":"15272","properties":{"MPIO":"15272","DPTO":"15","NOMBRE_MPI":"FIRAVITOBA","NOMBRE_DPT":"BOYACA"},"geometry":{"type":"Polygon","coordinates":[[[-60.15715892769929,43.76352127321782],[-60.10838439531617,43.780169535807694],[-60.02254121832188,43.76167146626339],[-60.04205103127513,43.70802706458488],[-60.08497261977227,43.70432745067602],[-60.207884441377736,43.71542629240261],[-60.23324719821696,43.74687301062794],[-60.15715892769929,43.76352127321782]]]}},{"type":"Feature","id":"15776","properties":{"MPIO":"15776","DPTO":"15","NOMBRE_MPI":"SUTAMARCHAN","NOMBRE_DPT":"BOYACA"},"geometry":{"type":"Polygon","coordinates":[[[-60.97462009044039,43.85601162093937],[-60.87902200696947,43.809766447078594],[-60.882923969560125,43.767220887126676],[-60.88487495085545,43.73392436194692],[-60.97462009044039,43.73392436194692],[-60.994129903393635,43.782019342762126],[-61.044855417072085,43.796817798397576],[-60.97462009044039,43.85601162093937]]]}},{"type":"Feature","id":"15476","properties":{"MPIO":"15476","DPTO":"15","NOMBRE_MPI":"MOTAVITA","NOMBRE_DPT":"BOYACA"},"geometry":{"type":"Polygon","coordinates":[[[-60.681972896141666,43.82641470966847],[-60.5902767752614,43.77277030798997],[-60.586374812670755,43.73577416890135],[-60.68587485873232,43.76352127321782],[-60.713188596866864,43.81161625403303],[-60.681972896141666,43.82641470966847]]]}},{"type":"Feature","id":"05364","properties":{"MPIO":"05364","DPTO":"05","NOMBRE_MPI":"JARDIN","NOMBRE_DPT":"ANTIOQUIA"},"geometry":{"type":"Polygon","coordinates":[[[-63.93035675285748,44.059490385926786],[-63.87377829529306,44.07613864851667],[-63.83085670679591,43.9411027408432],[-63.854268482339805,43.92630428520775],[-63.961572453582676,43.922604671298885],[-64.02790581762372,43.88930814611913],[-64.06302348093956,43.887458339164695],[-64.01815091114709,44.04284212333691],[-63.93035675285748,44.059490385926786]]]}},{"type":"Feature","id":"05483","properties":{"MPIO":"05483","DPTO":"05","NOMBRE_MPI":"NARI¥O","NOMBRE_DPT":"ANTIOQUIA"},"geometry":{"type":"Polygon","coordinates":[[[-63.108993627525734,44.02064443988373],[-62.915846479288575,43.98919772165841],[-62.95291512389974,43.97994868688625],[-62.96852297426234,43.92075486434446],[-63.04070928218936,43.87265988352925],[-63.12850344047898,43.86341084875709],[-63.1616701224995,43.82641470966847],[-63.24361133690314,43.81901548185075],[-63.18117993545275,43.92815409216218],[-63.200689748406,43.96145061734194],[-63.16752306638548,44.016944825974875],[-63.108993627525734,44.02064443988373]]]}},{"type":"Feature","id":"15377","properties":{"MPIO":"15377","DPTO":"15","NOMBRE_MPI":"LABRANZAGRANDE","NOMBRE_DPT":"BOYACA"},"geometry":{"type":"Polygon","coordinates":[[[-59.484070380812234,43.695078415903865],[-59.435295848429114,43.602588068182314],[-59.34555070884417,43.51379733436962],[-59.55820767003458,43.40465872405819],[-59.65575673480082,43.44350467010124],[-59.692825379411985,43.48050080918986],[-59.73574696790914,43.55079347345824],[-59.73769794920446,43.63403478640764],[-59.64209986573354,43.68582938113171],[-59.53869785708133,43.64328382117979],[-59.484070380812234,43.695078415903865]]]}},{"type":"Feature","id":"15232","properties":{"MPIO":"15232","DPTO":"15","NOMBRE_MPI":"CHIQUIZA","NOMBRE_DPT":"BOYACA"},"geometry":{"type":"Polygon","coordinates":[[[-60.68587485873232,43.76352127321782],[-60.78927686738453,43.73762397585578],[-60.75806116665933,43.802367219260866],[-60.713188596866864,43.81161625403303],[-60.68587485873232,43.76352127321782]]]}},{"type":"Feature","id":"27073","properties":{"MPIO":"27073","DPTO":"27","NOMBRE_MPI":"BAGADO","NOMBRE_DPT":"CHOCO"},"geometry":{"type":"Polygon","coordinates":[[[-64.4668766090718,44.08353787633439],[-64.34591576876166,44.08353787633439],[-64.26787651694866,44.002146370339425],[-64.26787651694866,43.94295254779763],[-64.2073960967936,43.89670737393685],[-64.34591576876166,43.87635949743811],[-64.43761188964193,43.831964130531766],[-64.58003352420064,43.796817798397576],[-64.61905315010713,43.77092050103554],[-64.82585716741157,43.82641470966847],[-64.97608272715158,43.917055250435595],[-64.8687787559087,43.94295254779763],[-64.70879828969207,43.957751003433074],[-64.64441590694636,43.98549810774954],[-64.54881782347545,44.059490385926786],[-64.4668766090718,44.08353787633439]]]}},{"type":"Feature","id":"15442","properties":{"MPIO":"15442","DPTO":"15","NOMBRE_MPI":"MARIPI","NOMBRE_DPT":"BOYACA"},"geometry":{"type":"Polygon","coordinates":[[[-61.59113017976303,43.815315867941884],[-61.540404666084584,43.8578614278938],[-61.382375181163276,43.76907069408111],[-61.3765222372773,43.73577416890135],[-61.48187522722484,43.73207455499249],[-61.565767422923805,43.7209757132659],[-61.6125909740116,43.79126837753428],[-61.59113017976303,43.815315867941884]]]}},{"type":"Feature","id":"15580","properties":{"MPIO":"15580","DPTO":"15","NOMBRE_MPI":"QUIPAMA","NOMBRE_DPT":"BOYACA"},"geometry":{"type":"Polygon","coordinates":[[[-61.75891457116096,43.79866760535201],[-61.71404200136849,43.77092050103554],[-61.72964985173109,43.730224748038054],[-61.8408557855646,43.77646992189884],[-61.885728355357074,43.880059111346974],[-61.81939499131603,43.86156104180266],[-61.75891457116096,43.79866760535201]]]}},{"type":"Feature","id":"15500","properties":{"MPIO":"15500","DPTO":"15","NOMBRE_MPI":"OICATA","NOMBRE_DPT":"BOYACA"},"geometry":{"type":"Polygon","coordinates":[[[-60.473217897541915,43.75612204540009],[-60.416639439977494,43.73207455499249],[-60.52394341122036,43.654382662906386],[-60.5512571493549,43.68582938113171],[-60.473217897541915,43.75612204540009]]]}},{"type":"Feature","id":"15047","properties":{"MPIO":"15047","DPTO":"15","NOMBRE_MPI":"AQUITANIA","NOMBRE_DPT":"BOYACA"},"geometry":{"type":"Polygon","coordinates":[[[-59.73769794920446,43.63403478640764],[-59.73574696790914,43.55079347345824],[-59.692825379411985,43.48050080918986],[-59.77866855640628,43.49159965091645],[-59.854756826923946,43.45645331878226],[-59.878168602467845,43.41390775883034],[-60.09277654495357,43.302919341564476],[-60.079119675886304,43.27332243029358],[-60.18057070324319,43.2862710789746],[-60.19422757231047,43.38061123365058],[-60.19422757231047,43.437955249237945],[-60.159109908994616,43.45090389791896],[-60.09277654495357,43.53599501782279],[-60.00108042407331,43.602588068182314],[-59.942550985213565,43.65623246986081],[-59.854756826923946,43.62848536554435],[-59.79427640676888,43.689528995040575],[-59.73769794920446,43.63403478640764]]]}},{"type":"Feature","id":"15362","properties":{"MPIO":"15362","DPTO":"15","NOMBRE_MPI":"IZA","NOMBRE_DPT":"BOYACA"},"geometry":{"type":"Polygon","coordinates":[[[-60.08497261977227,43.70432745067602],[-60.04205103127513,43.70802706458488],[-59.98742355500603,43.67103092549626],[-60.10448243272552,43.65068304899752],[-60.08497261977227,43.70432745067602]]]}},{"type":"Feature","id":"15814","properties":{"MPIO":"15814","DPTO":"15","NOMBRE_MPI":"TOCA","NOMBRE_DPT":"BOYACA"},"geometry":{"type":"Polygon","coordinates":[[[-60.393227664433596,43.72652513412919],[-60.207884441377736,43.71542629240261],[-60.28592369319073,43.59888845427345],[-60.42054140256814,43.652532855951954],[-60.393227664433596,43.72652513412919]]]}},{"type":"Feature","id":"15762","properties":{"MPIO":"15762","DPTO":"15","NOMBRE_MPI":"SORA","NOMBRE_DPT":"BOYACA"},"geometry":{"type":"Polygon","coordinates":[[[-60.68587485873232,43.76352127321782],[-60.738551353706086,43.709876871539315],[-60.775619998317254,43.695078415903865],[-60.78927686738453,43.73762397585578],[-60.68587485873232,43.76352127321782]]]}},{"type":"Feature","id":"15001","properties":{"MPIO":"15001","DPTO":"15","NOMBRE_MPI":"TUNJA","NOMBRE_DPT":"BOYACA"},"geometry":{"type":"Polygon","coordinates":[[[-60.68587485873232,43.76352127321782],[-60.586374812670755,43.73577416890135],[-60.5512571493549,43.68582938113171],[-60.52394341122036,43.654382662906386],[-60.535649298992304,43.639584207270936],[-60.6136885508053,43.58593980559243],[-60.697580746504265,43.572991156911414],[-60.72489448463881,43.58224019168357],[-60.72489448463881,43.61738652381776],[-60.738551353706086,43.709876871539315],[-60.68587485873232,43.76352127321782]]]}},{"type":"Feature","id":"15808","properties":{"MPIO":"15808","DPTO":"15","NOMBRE_MPI":"TINJACA","NOMBRE_DPT":"BOYACA"},"geometry":{"type":"Polygon","coordinates":[[[-61.044855417072085,43.796817798397576],[-60.994129903393635,43.782019342762126],[-60.97462009044039,43.73392436194692],[-61.06046326743468,43.691378801995],[-61.08972798686455,43.75427223844566],[-61.044855417072085,43.796817798397576]]]}},{"type":"Feature","id":"15542","properties":{"MPIO":"15542","DPTO":"15","NOMBRE_MPI":"PESCA","NOMBRE_DPT":"BOYACA"},"geometry":{"type":"Polygon","coordinates":[[[-60.207884441377736,43.71542629240261],[-60.08497261977227,43.70432745067602],[-60.10448243272552,43.65068304899752],[-60.10838439531617,43.64883324204309],[-60.209835422673066,43.532295403913935],[-60.209835422673066,43.476801195281],[-60.25470799246553,43.44350467010124],[-60.37176687018502,43.4231567936025],[-60.311286450029954,43.46385254659998],[-60.30543350614398,43.55819270127597],[-60.28592369319073,43.59888845427345],[-60.207884441377736,43.71542629240261]]]}},{"type":"Feature","id":"15187","properties":{"MPIO":"15187","DPTO":"15","NOMBRE_MPI":"CHIVATA","NOMBRE_DPT":"BOYACA"},"geometry":{"type":"Polygon","coordinates":[[[-60.416639439977494,43.73207455499249],[-60.393227664433596,43.72652513412919],[-60.42054140256814,43.652532855951954],[-60.51613948603906,43.62293594468105],[-60.535649298992304,43.639584207270936],[-60.52394341122036,43.654382662906386],[-60.416639439977494,43.73207455499249]]]}},{"type":"Feature","id":"15131","properties":{"MPIO":"15131","DPTO":"15","NOMBRE_MPI":"CALDAS","NOMBRE_DPT":"BOYACA"},"geometry":{"type":"Polygon","coordinates":[[[-61.298482985464304,43.809766447078594],[-61.261414340853136,43.79866760535201],[-61.25556139696716,43.74132358976464],[-61.35896340561938,43.680279960268415],[-61.3765222372773,43.73577416890135],[-61.382375181163276,43.76907069408111],[-61.298482985464304,43.809766447078594]]]}},{"type":"Feature","id":"15638","properties":{"MPIO":"15638","DPTO":"15","NOMBRE_MPI":"SACHICA","NOMBRE_DPT":"BOYACA"},"geometry":{"type":"Polygon","coordinates":[[[-60.882923969560125,43.767220887126676],[-60.859512194016226,43.73762397585578],[-60.78927686738453,43.73762397585578],[-60.775619998317254,43.695078415903865],[-60.867316119197525,43.66918111854183],[-60.88487495085545,43.73392436194692],[-60.882923969560125,43.767220887126676]]]}},{"type":"Feature","id":"15676","properties":{"MPIO":"15676","DPTO":"15","NOMBRE_MPI":"SAN MIGUEL DE SEMA","NOMBRE_DPT":"BOYACA"},"geometry":{"type":"Polygon","coordinates":[[[-61.19117901422144,43.76907069408111],[-61.18337508904014,43.794967991443144],[-61.08972798686455,43.75427223844566],[-61.06046326743468,43.691378801995],[-61.10533583722715,43.64883324204309],[-61.13850251924767,43.654382662906386],[-61.20678686458404,43.68582938113171],[-61.19117901422144,43.76907069408111]]]}},{"type":"Feature","id":"05145","properties":{"MPIO":"05145","DPTO":"05","NOMBRE_MPI":"CARAMANTA","NOMBRE_DPT":"ANTIOQUIA"},"geometry":{"type":"Polygon","coordinates":[[[-63.758670398868894,43.96145061734194],[-63.655268390216676,43.98549810774954],[-63.64941544633071,43.902256794800145],[-63.72550371684837,43.90780621566344],[-63.78598413700344,43.90040698784571],[-63.82695474420526,43.92630428520775],[-63.758670398868894,43.96145061734194]]]}},{"type":"Feature","id":"15480","properties":{"MPIO":"15480","DPTO":"15","NOMBRE_MPI":"MUZO","NOMBRE_DPT":"BOYACA"},"geometry":{"type":"Polygon","coordinates":[[[-61.68477728193862,43.830114323577334],[-61.59113017976303,43.815315867941884],[-61.6125909740116,43.79126837753428],[-61.565767422923805,43.7209757132659],[-61.6360027495555,43.67288073245069],[-61.71599298266381,43.69322860894943],[-61.741355739503035,43.70432745067602],[-61.72964985173109,43.730224748038054],[-61.71404200136849,43.77092050103554],[-61.75891457116096,43.79866760535201],[-61.68477728193862,43.830114323577334]]]}},{"type":"Feature","id":"15226","properties":{"MPIO":"15226","DPTO":"15","NOMBRE_MPI":"CUITIVA","NOMBRE_DPT":"BOYACA"},"geometry":{"type":"Polygon","coordinates":[[[-59.98742355500603,43.67103092549626],[-59.942550985213565,43.65623246986081],[-60.00108042407331,43.602588068182314],[-60.10838439531617,43.64883324204309],[-60.10448243272552,43.65068304899752],[-59.98742355500603,43.67103092549626]]]}},{"type":"Feature","id":"17513","properties":{"MPIO":"17513","DPTO":"17","NOMBRE_MPI":"PACORA","NOMBRE_DPT":"CALDAS"},"geometry":{"type":"Polygon","coordinates":[[[-63.66892525928395,43.82641470966847],[-63.64941544633071,43.902256794800145],[-63.524552643429914,43.94850196866092],[-63.45626829809355,43.95405138952422],[-63.430905541254326,43.887458339164695],[-63.37237610239458,43.852312007030505],[-63.380180027575875,43.79311818448871],[-63.581131100994334,43.815315867941884],[-63.66892525928395,43.82641470966847]]]}},{"type":"Feature","id":"17867","properties":{"MPIO":"17867","DPTO":"17","NOMBRE_MPI":"VICTORIA","NOMBRE_DPT":"CALDAS"},"geometry":{"type":"Polygon","coordinates":[[[-62.843660171361556,43.654382662906386],[-62.761718956957914,43.68582938113171],[-62.70318951809817,43.844912779212784],[-62.570522790016085,43.88930814611913],[-62.55101297706283,43.86341084875709],[-62.46126783747789,43.86156104180266],[-62.46712078136387,43.80606683316973],[-62.52369923892829,43.73392436194692],[-62.576375733902054,43.70432745067602],[-62.634905172761805,43.60443787513674],[-62.66416989219167,43.6081374890456],[-62.84561115265688,43.61183710295447],[-62.843660171361556,43.654382662906386]]]}},{"type":"Feature","id":"25745","properties":{"MPIO":"25745","DPTO":"25","NOMBRE_MPI":"SIMIJACA","NOMBRE_DPT":"CUNDINAMARCA"},"geometry":{"type":"Polygon","coordinates":[[[-61.25556139696716,43.74132358976464],[-61.19117901422144,43.76907069408111],[-61.20678686458404,43.68582938113171],[-61.31018887323626,43.65808227681524],[-61.368718312096,43.665481504632965],[-61.35896340561938,43.680279960268415],[-61.25556139696716,43.74132358976464]]]}},{"type":"Feature","id":"15600","properties":{"MPIO":"15600","DPTO":"15","NOMBRE_MPI":"RAQUIRA","NOMBRE_DPT":"BOYACA"},"geometry":{"type":"Polygon","coordinates":[[[-60.97462009044039,43.73392436194692],[-60.88487495085545,43.73392436194692],[-60.867316119197525,43.66918111854183],[-60.96486518396377,43.55634289432153],[-61.03119854800481,43.62293594468105],[-61.10533583722715,43.64883324204309],[-61.06046326743468,43.691378801995],[-60.97462009044039,43.73392436194692]]]}},{"type":"Feature","id":"27077","properties":{"MPIO":"27077","DPTO":"27","NOMBRE_MPI":"BAJO BAUDO","NOMBRE_DPT":"CHOCO"},"geometry":{"type":"Polygon","coordinates":[[[-65.96523024388125,44.01509501902044],[-65.97498515035788,43.99104752861284],[-65.80134781507397,44.02989347465589],[-65.7642791704628,43.92815409216218],[-65.64136734885733,43.77092050103554],[-65.61795557331344,43.759821659308955],[-65.75062230139552,43.8042170262153],[-65.83061253450384,43.77646992189884],[-65.90474982372618,43.80791664012416],[-65.9613282812906,43.802367219260866],[-66.02571066403632,43.709876871539315],[-66.09984795325866,43.689528995040575],[-66.06668127123814,43.584089998638],[-65.92230865538411,43.59148922645573],[-65.87938706688696,43.63588459336207],[-65.75452426398617,43.61738652381776],[-65.75257328269085,43.574840963865846],[-65.8423184222758,43.5063981065519],[-65.50870062077524,43.495299264825306],[-65.61405361072279,43.267773009430286],[-65.76037720787215,43.180832082572024],[-65.85402431004773,43.06244443748844],[-65.9379165057467,43.005100421901076],[-66.02571066403632,43.00140080799221],[-66.14276954175581,43.06244443748844],[-66.13106365398386,43.18268188952646],[-66.10570089714464,43.20857918688849],[-66.13106365398386,43.302919341564476],[-66.06082832735217,43.26962281638472],[-66.15447542952776,43.360263357151844],[-66.14667150434646,43.42870621446579],[-66.17593622377633,43.44905409096453],[-66.16227935470906,43.560042508230396],[-66.19154407413893,43.691378801995],[-66.14667150434646,43.752422431491226],[-66.20520094320621,43.74132358976464],[-66.1817891676623,43.846762586167216],[-66.1973970180249,43.94850196866092],[-66.15447542952776,43.99659694947613],[-66.20910290579685,44.002146370339425],[-66.21495584968282,44.04654173724577],[-66.07253421512412,44.0483915442002],[-66.00620085108308,44.087237490243254],[-66.0081518323784,44.039142509428046],[-65.96523024388125,44.01509501902044]]]}},{"type":"Feature","id":"15224","properties":{"MPIO":"15224","DPTO":"15","NOMBRE_MPI":"CUCAITA","NOMBRE_DPT":"BOYACA"},"geometry":{"type":"Polygon","coordinates":[[[-60.738551353706086,43.709876871539315],[-60.72489448463881,43.61738652381776],[-60.775619998317254,43.695078415903865],[-60.738551353706086,43.709876871539315]]]}},{"type":"Feature","id":"85325","properties":{"MPIO":"85325","DPTO":"85","NOMBRE_MPI":"SAN LUIS DE PALENQUE","NOMBRE_DPT":"CASANARE"},"geometry":{"type":"Polygon","coordinates":[[[-58.713432769158935,43.508247913506324],[-58.61978566698334,43.46570235355441],[-58.53979543387503,43.39910930319489],[-58.43444244392749,43.3399154806531],[-58.26470707123423,43.27887185115687],[-58.17301095035396,43.20857918688849],[-58.05595207263447,43.1734328547543],[-57.96035398916356,43.117938646121374],[-57.7672068409264,43.08649192789604],[-57.74184408408718,43.055045209670716],[-57.60137343082379,43.003250614946644],[-57.45504983367443,42.98660235235676],[-57.37701058186144,42.953305827177005],[-57.339941937250266,42.883013162908625],[-57.39652039481469,42.88486296986306],[-57.47455964662768,42.812720498640246],[-57.58381459916587,42.80162165691365],[-57.7281872150199,42.83121856818455],[-57.81012842942354,42.83121856818455],[-57.972059876935504,42.990301966265626],[-58.07546188558772,43.05874482357957],[-58.34274632304722,43.06244443748844],[-58.34079534175189,42.99400158017449],[-58.48126599501528,42.97735331758461],[-58.63149155475529,43.03469733317198],[-58.775864170609324,43.053195402716284],[-58.80122692744855,43.01434945667323],[-58.8363445907644,43.060594630534005],[-58.87731519796622,43.190081117344185],[-58.904628936100764,43.20117995907077],[-58.92608973034934,43.32326721806322],[-58.55930524682827,43.30846876242777],[-58.60417781662074,43.40095911014932],[-58.727089638226204,43.45645331878226],[-58.713432769158935,43.508247913506324]]]}},{"type":"Feature","id":"15822","properties":{"MPIO":"15822","DPTO":"15","NOMBRE_MPI":"TOTA","NOMBRE_DPT":"BOYACA"},"geometry":{"type":"Polygon","coordinates":[[[-60.10838439531617,43.64883324204309],[-60.00108042407331,43.602588068182314],[-60.09277654495357,43.53599501782279],[-60.159109908994616,43.45090389791896],[-60.19422757231047,43.437955249237945],[-60.25470799246553,43.44350467010124],[-60.209835422673066,43.476801195281],[-60.209835422673066,43.532295403913935],[-60.10838439531617,43.64883324204309]]]}},{"type":"Feature","id":"85001","properties":{"MPIO":"85001","DPTO":"85","NOMBRE_MPI":"YOPAL","NOMBRE_DPT":"CASANARE"},"geometry":{"type":"Polygon","coordinates":[[[-59.15825650449299,43.487900037007584],[-59.099727065633246,43.524896176096206],[-59.050952533250125,43.49344945787088],[-59.0490015519548,43.42130698664807],[-59.009981926048305,43.373212005832855],[-58.92608973034934,43.32326721806322],[-58.904628936100764,43.20117995907077],[-58.87731519796622,43.190081117344185],[-58.8363445907644,43.060594630534005],[-58.80122692744855,43.01434945667323],[-58.78757005838128,42.98105293149347],[-58.896825010919464,42.93110814372383],[-58.97681524402778,42.91630968808838],[-59.07046234620337,42.868214707273175],[-59.20898201817143,42.947756406313715],[-59.26556047573585,43.040246754035266],[-59.32604089589093,43.05874482357957],[-59.36896248438807,43.21967802861508],[-59.48016841822158,43.280721658111304],[-59.536746875786,43.38616065451387],[-59.56210963262522,43.3935598823316],[-59.55820767003458,43.40465872405819],[-59.34555070884417,43.51379733436962],[-59.277266363507806,43.55634289432153],[-59.20898201817143,43.47125177441771],[-59.15825650449299,43.487900037007584]]]}},{"type":"Feature","id":"25148","properties":{"MPIO":"25148","DPTO":"25","NOMBRE_MPI":"CAPARRAPI","NOMBRE_DPT":"CUNDINAMARCA"},"geometry":{"type":"Polygon","coordinates":[[[-62.19203241872307,43.815315867941884],[-62.09448335395683,43.815315867941884],[-62.04375784027839,43.70247764372159],[-62.0847284474802,43.6969282228583],[-62.088630410070856,43.61923633077219],[-62.18032653095112,43.51379733436962],[-62.231052044629564,43.46385254659998],[-62.35396386623503,43.497149071779745],[-62.322748165509836,43.55634289432153],[-62.33055209069113,43.659932083769675],[-62.24470891369684,43.782019342762126],[-62.19203241872307,43.815315867941884]]]}},{"type":"Feature","id":"85430","properties":{"MPIO":"85430","DPTO":"85","NOMBRE_MPI":"TRINIDAD","NOMBRE_DPT":"CASANARE"},"geometry":{"type":"Polygon","coordinates":[[[-58.38761889283969,43.460152932691116],[-58.20032468848851,43.42685640751136],[-58.048148147453176,43.3639629710607],[-57.92913828843836,43.34916451542526],[-57.843295111444064,43.29921972765562],[-57.72038328983861,43.27147262333915],[-57.53308908548742,43.260373781612564],[-57.43944198331183,43.217828221660646],[-57.3106772178204,43.22152783556951],[-57.15654969548973,43.18638150343532],[-57.10192221922064,43.195630538207475],[-56.92243194005076,43.1789822756176],[-56.904873108392835,43.10868961134921],[-56.992667266682446,43.07724289312389],[-57.0121770796357,43.025448298399816],[-57.082412406267395,42.97365370367575],[-57.339941937250266,42.883013162908625],[-57.37701058186144,42.953305827177005],[-57.45504983367443,42.98660235235676],[-57.60137343082379,43.003250614946644],[-57.74184408408718,43.055045209670716],[-57.7672068409264,43.08649192789604],[-57.96035398916356,43.117938646121374],[-58.05595207263447,43.1734328547543],[-58.17301095035396,43.20857918688849],[-58.26470707123423,43.27887185115687],[-58.43444244392749,43.3399154806531],[-58.53979543387503,43.39910930319489],[-58.61978566698334,43.46570235355441],[-58.59832487273477,43.474951388326566],[-58.44224636910879,43.432405828374655],[-58.38761889283969,43.460152932691116]]]}},{"type":"Feature","id":"15646","properties":{"MPIO":"15646","DPTO":"15","NOMBRE_MPI":"SAMACA","NOMBRE_DPT":"BOYACA"},"geometry":{"type":"Polygon","coordinates":[[[-60.775619998317254,43.695078415903865],[-60.72489448463881,43.61738652381776],[-60.72489448463881,43.58224019168357],[-60.859512194016226,43.574840963865846],[-60.97462009044039,43.532295403913935],[-60.96486518396377,43.55634289432153],[-60.867316119197525,43.66918111854183],[-60.775619998317254,43.695078415903865]]]}},{"type":"Feature","id":"99624","properties":{"MPIO":"99624","DPTO":"99","NOMBRE_MPI":"SANTA ROSALIA","NOMBRE_DPT":"VICHADA"},"geometry":{"type":"Polygon","coordinates":[[[-56.904873108392835,43.10868961134921],[-56.70197105367905,43.190081117344185],[-56.536137643576446,43.230776870341664],[-56.73123577310893,42.38911470607553],[-56.74879460476685,42.38541509216667],[-56.9497456781853,42.463106984252775],[-57.008275117045045,42.555597331974326],[-57.20727520916818,42.55929694588319],[-57.30482427393442,42.533399648521154],[-57.33408899336429,42.476055632933786],[-57.42383413294923,42.52970003461229],[-57.50382436605755,42.53709926243001],[-57.64624600061626,42.50010312334139],[-57.62088324377704,42.68693362573893],[-57.523334179010796,42.747977255235156],[-57.47455964662768,42.812720498640246],[-57.39652039481469,42.88486296986306],[-57.339941937250266,42.883013162908625],[-57.082412406267395,42.97365370367575],[-57.0121770796357,43.025448298399816],[-56.992667266682446,43.07724289312389],[-56.904873108392835,43.10868961134921]]]}},{"type":"Feature","id":"17541","properties":{"MPIO":"17541","DPTO":"17","NOMBRE_MPI":"PENSILVANIA","NOMBRE_DPT":"CALDAS"},"geometry":{"type":"Polygon","coordinates":[[[-63.04070928218936,43.87265988352925],[-62.95876806778572,43.82641470966847],[-62.96852297426234,43.73577416890135],[-62.91974844187922,43.71172667849375],[-62.9256013857652,43.659932083769675],[-63.05631713255196,43.64143401422537],[-63.18703287933872,43.60443787513674],[-63.188983860634046,43.65623246986081],[-63.28263096280964,43.695078415903865],[-63.261170168561065,43.74687301062794],[-63.28067998151431,43.82086528880518],[-63.24361133690314,43.81901548185075],[-63.1616701224995,43.82641470966847],[-63.12850344047898,43.86341084875709],[-63.04070928218936,43.87265988352925]]]}},{"type":"Feature","id":"17614","properties":{"MPIO":"17614","DPTO":"17","NOMBRE_MPI":"RIOSUCIO","NOMBRE_DPT":"CALDAS"},"geometry":{"type":"Polygon","coordinates":[[[-63.82695474420526,43.92630428520775],[-63.78598413700344,43.90040698784571],[-63.799641006070715,43.80606683316973],[-63.70989586648577,43.75427223844566],[-63.76062138016422,43.7209757132659],[-63.80939591254734,43.730224748038054],[-63.83085670679591,43.782019342762126],[-63.951817547106046,43.77831972885326],[-64.05521955575827,43.767220887126676],[-64.02790581762372,43.88930814611913],[-63.961572453582676,43.922604671298885],[-63.854268482339805,43.92630428520775],[-63.82695474420526,43.92630428520775]]]}},{"type":"Feature","id":"15740","properties":{"MPIO":"15740","DPTO":"15","NOMBRE_MPI":"SIACHOQUE","NOMBRE_DPT":"BOYACA"},"geometry":{"type":"Polygon","coordinates":[[[-60.51613948603906,43.62293594468105],[-60.42054140256814,43.652532855951954],[-60.28592369319073,43.59888845427345],[-60.30543350614398,43.55819270127597],[-60.41859042127282,43.537844824777224],[-60.50248261697178,43.59148922645573],[-60.51613948603906,43.62293594468105]]]}},{"type":"Feature","id":"15401","properties":{"MPIO":"15401","DPTO":"15","NOMBRE_MPI":"LA VICTORIA","NOMBRE_DPT":"BOYACA"},"geometry":{"type":"Polygon","coordinates":[[[-61.8408557855646,43.77646992189884],[-61.72964985173109,43.730224748038054],[-61.741355739503035,43.70432745067602],[-61.78817929059083,43.709876871539315],[-61.8408557855646,43.77646992189884]]]}},{"type":"Feature","id":"15109","properties":{"MPIO":"15109","DPTO":"15","NOMBRE_MPI":"BUENAVISTA","NOMBRE_DPT":"BOYACA"},"geometry":{"type":"Polygon","coordinates":[[[-61.3765222372773,43.73577416890135],[-61.35896340561938,43.680279960268415],[-61.368718312096,43.665481504632965],[-61.4155418631838,43.63218497945321],[-61.51113994665471,43.68767918808614],[-61.48187522722484,43.73207455499249],[-61.3765222372773,43.73577416890135]]]}},{"type":"Feature","id":"17442","properties":{"MPIO":"17442","DPTO":"17","NOMBRE_MPI":"MARMATO","NOMBRE_DPT":"CALDAS"},"geometry":{"type":"Polygon","coordinates":[[[-63.64941544633071,43.902256794800145],[-63.66892525928395,43.82641470966847],[-63.727454698143696,43.87081007657482],[-63.72550371684837,43.90780621566344],[-63.64941544633071,43.902256794800145]]]}},{"type":"Feature","id":"17777","properties":{"MPIO":"17777","DPTO":"17","NOMBRE_MPI":"SUPIA","NOMBRE_DPT":"CALDAS"},"geometry":{"type":"Polygon","coordinates":[[[-63.72550371684837,43.90780621566344],[-63.727454698143696,43.87081007657482],[-63.66892525928395,43.82641470966847],[-63.70989586648577,43.75427223844566],[-63.799641006070715,43.80606683316973],[-63.78598413700344,43.90040698784571],[-63.72550371684837,43.90780621566344]]]}},{"type":"Feature","id":"15212","properties":{"MPIO":"15212","DPTO":"15","NOMBRE_MPI":"COPER","NOMBRE_DPT":"BOYACA"},"geometry":{"type":"Polygon","coordinates":[[[-61.48187522722484,43.73207455499249],[-61.51113994665471,43.68767918808614],[-61.4155418631838,43.63218497945321],[-61.51894387183601,43.57854057777471],[-61.622345880488226,43.64698343508866],[-61.6360027495555,43.67288073245069],[-61.565767422923805,43.7209757132659],[-61.48187522722484,43.73207455499249]]]}},{"type":"Feature","id":"15764","properties":{"MPIO":"15764","DPTO":"15","NOMBRE_MPI":"SORACA","NOMBRE_DPT":"BOYACA"},"geometry":{"type":"Polygon","coordinates":[[[-60.535649298992304,43.639584207270936],[-60.51613948603906,43.62293594468105],[-60.50248261697178,43.59148922645573],[-60.57857088748945,43.537844824777224],[-60.6136885508053,43.58593980559243],[-60.535649298992304,43.639584207270936]]]}},{"type":"Feature","id":"25779","properties":{"MPIO":"25779","DPTO":"25","NOMBRE_MPI":"SUSA","NOMBRE_DPT":"CUNDINAMARCA"},"geometry":{"type":"Polygon","coordinates":[[[-61.20678686458404,43.68582938113171],[-61.13850251924767,43.654382662906386],[-61.19508097681209,43.63218497945321],[-61.24970845308118,43.554493087367106],[-61.282875135101705,43.552643280412674],[-61.33555163007548,43.63588459336207],[-61.31018887323626,43.65808227681524],[-61.20678686458404,43.68582938113171]]]}},{"type":"Feature","id":"66456","properties":{"MPIO":"66456","DPTO":"66","NOMBRE_MPI":"MISTRATO","NOMBRE_DPT":"RISARALDA"},"geometry":{"type":"Polygon","coordinates":[[[-64.06302348093956,43.887458339164695],[-64.02790581762372,43.88930814611913],[-64.05521955575827,43.767220887126676],[-64.07082740612086,43.680279960268415],[-64.19569020902165,43.652532855951954],[-64.25031768529074,43.71542629240261],[-64.37908245078218,43.73577416890135],[-64.35957263782893,43.78386914971656],[-64.43761188964193,43.831964130531766],[-64.34591576876166,43.87635949743811],[-64.2073960967936,43.89670737393685],[-64.06302348093956,43.887458339164695]]]}},{"type":"Feature","id":"25317","properties":{"MPIO":"25317","DPTO":"25","NOMBRE_MPI":"GUACHETA","NOMBRE_DPT":"CUNDINAMARCA"},"geometry":{"type":"Polygon","coordinates":[[[-61.13850251924767,43.654382662906386],[-61.10533583722715,43.64883324204309],[-61.03119854800481,43.62293594468105],[-60.96486518396377,43.55634289432153],[-60.97462009044039,43.532295403913935],[-60.978522053031035,43.51934675523292],[-61.18922803292612,43.508247913506324],[-61.19508097681209,43.523046369141774],[-61.13460055665702,43.59703864731902],[-61.13850251924767,43.654382662906386]]]}},{"type":"Feature","id":"25288","properties":{"MPIO":"25288","DPTO":"25","NOMBRE_MPI":"FUQUENE","NOMBRE_DPT":"CUNDINAMARCA"},"geometry":{"type":"Polygon","coordinates":[[[-61.13850251924767,43.654382662906386],[-61.13460055665702,43.59703864731902],[-61.19508097681209,43.523046369141774],[-61.24970845308118,43.554493087367106],[-61.19508097681209,43.63218497945321],[-61.13850251924767,43.654382662906386]]]}},{"type":"Feature","id":"15879","properties":{"MPIO":"15879","DPTO":"15","NOMBRE_MPI":"VIRACACHA","NOMBRE_DPT":"BOYACA"},"geometry":{"type":"Polygon","coordinates":[[[-60.50248261697178,43.59148922645573],[-60.41859042127282,43.537844824777224],[-60.44590415940736,43.51194752741519],[-60.55515911194556,43.524896176096206],[-60.57857088748945,43.537844824777224],[-60.50248261697178,43.59148922645573]]]}},{"type":"Feature","id":"17653","properties":{"MPIO":"17653","DPTO":"17","NOMBRE_MPI":"SALAMINA","NOMBRE_DPT":"CALDAS"},"geometry":{"type":"Polygon","coordinates":[[[-63.28067998151431,43.82086528880518],[-63.261170168561065,43.74687301062794],[-63.28263096280964,43.695078415903865],[-63.35286628944133,43.67843015331398],[-63.39383689664315,43.589639419501296],[-63.48163105493277,43.64883324204309],[-63.54406245638316,43.71542629240261],[-63.57527815710836,43.71542629240261],[-63.581131100994334,43.815315867941884],[-63.380180027575875,43.79311818448871],[-63.28067998151431,43.82086528880518]]]}},{"type":"Feature","id":"99773","properties":{"MPIO":"99773","DPTO":"99","NOMBRE_MPI":"CUMARIBO","NOMBRE_DPT":"VICHADA"},"geometry":{"type":"Polygon","coordinates":[[[-54.08180317405783,42.80532127082252],[-53.972548221519645,42.80162165691365],[-53.89450896970665,42.710981116146534],[-53.818420699188984,42.683234011830066],[-53.60381275670325,42.74242783437187],[-53.49455780416507,42.73687841350857],[-53.3404302818344,42.70728150223767],[-53.266292992612065,42.611091540607255],[-53.158989021369194,42.568545980655344],[-53.25263612354479,42.505652544204686],[-53.24873416095414,42.41316219648313],[-53.287753786860634,42.36136760175906],[-53.25263612354479,42.26702744708308],[-53.36579303867363,42.08204675163997],[-53.37554794515025,41.99880543869057],[-53.490655841574416,41.81197493629303],[-53.46724406603052,41.726883816389204],[-53.40481266458012,41.626994240849925],[-53.457489159553894,41.43091470368023],[-53.38920481421752,41.29032937514347],[-53.37554794515025,41.21818690392066],[-53.584302943750004,41.149744046606706],[-53.66819513944897,41.13309578401683],[-53.681852008516245,41.17564134396874],[-53.79305794234976,41.22188651782952],[-53.804763830121715,41.25333323605485],[-53.85548934380016,41.20338844828521],[-53.88670504452536,41.23298535955611],[-54.05058747333264,41.28108034037132],[-54.05058747333264,41.244084201282696],[-54.20276401436797,41.29772860296119],[-54.237881677683816,41.22558613173838],[-54.33152877985941,41.242234394328264],[-54.31982289208746,41.17564134396874],[-54.431028825920976,41.179340957877606],[-54.48175433959942,41.1312459770624],[-54.77440153389814,41.15529346747],[-54.80366625332801,41.171941730059885],[-54.86804863607373,41.121996942290245],[-54.94608788788672,41.14049501183455],[-54.926578074933474,41.08315099624719],[-55.033882046176345,41.127546363153535],[-55.11582326057999,41.1256965561991],[-55.22507821311817,41.092400031019345],[-55.29141157715922,41.14419462574342],[-55.38700966063013,41.11459771447252],[-55.36164690379091,41.14604443269785],[-55.41627438006,41.1848903787409],[-55.46114694985248,41.162692695287724],[-55.490411669282345,41.214487290011796],[-55.49626461316832,41.149744046606706],[-55.54894110814209,41.14049501183455],[-55.51577442612157,41.20523825523964],[-55.667950967156905,41.18119076483204],[-55.72648040601665,41.2385347804194],[-55.79866671394367,41.19598922046748],[-55.902068722595885,41.234835166510535],[-55.948892273683676,41.1312459770624],[-56.190813954303955,41.149744046606706],[-56.23958848668707,41.1016490657915],[-56.261049280935644,41.149744046606706],[-56.28446105647954,41.06465292670288],[-56.34689245792994,41.15344366051557],[-56.325431663681364,41.05170427802186],[-56.35274540181591,41.01655794588767],[-56.446392503991504,41.08130118929276],[-56.44053956010553,41.0184077528421],[-56.53223568098579,41.00915871806995],[-56.584912175959566,41.05355408497629],[-56.75074558606217,41.00915871806995],[-56.68051025943048,40.93886605380157],[-56.73903969829023,40.93331663293827],[-56.721480866632305,40.85192512694331],[-56.77220638031075,40.8870714590775],[-56.77805932419672,40.84452589912558],[-56.84439268823776,40.85192512694331],[-56.99852021056842,40.75943477922175],[-56.9263339026414,40.722438640133134],[-56.98681432279648,40.713189605360974],[-56.969255491138554,40.65954520368248],[-57.01412806093102,40.60590080200397],[-57.07851044367674,40.592952153322955],[-57.09216731274402,40.54670697946218],[-57.27751053579987,40.53190852382673],[-57.30287329263909,40.51156064732799],[-57.419932170358585,40.58000350464194],[-57.44724590849313,40.54115755859888],[-57.492118478285605,40.607750608958405],[-57.4999224034669,40.54670697946218],[-57.58381459916587,40.507861033419125],[-57.589667543051846,40.54485717250775],[-57.69892249559003,40.54115755859888],[-57.66380483227418,40.56150543509763],[-57.814030392014196,40.59665176723182],[-57.85109903662537,40.65399578281918],[-57.88231473735056,40.587402732459665],[-57.894020625122515,40.63549771327487],[-57.972059876935504,40.650296168910316],[-58.05205011004382,40.70394057058882],[-57.95450104527758,41.19413941351306],[-57.76330487833575,42.02285292909818],[-57.64624600061626,42.50010312334139],[-57.50382436605755,42.53709926243001],[-57.42383413294923,42.52970003461229],[-57.33408899336429,42.476055632933786],[-57.30482427393442,42.533399648521154],[-57.20727520916818,42.55929694588319],[-57.008275117045045,42.555597331974326],[-56.9497456781853,42.463106984252775],[-56.74879460476685,42.38541509216667],[-56.73123577310893,42.38911470607553],[-56.66100044647723,42.403913161710975],[-56.389814046427084,42.39651393389325],[-56.27860811259357,42.463106984252775],[-56.14789236580681,42.439059493845164],[-56.04058839456394,42.44830852861732],[-55.85719615280341,42.51675138593127],[-55.78110788228574,42.50195293029582],[-55.601617603115855,42.538949069384444],[-55.40261751099273,42.60369231278953],[-55.16264681166778,42.66288613533133],[-55.14703896130518,42.725779571781985],[-55.082656578559465,42.77387455259719],[-54.862195692187754,42.77942397346048],[-54.81732312239529,42.83491818209342],[-54.653440693588,42.83491818209342],[-54.624175974158135,42.75722629000731],[-54.53833279716384,42.74982706218959],[-54.46614648923682,42.79422242909593],[-54.333479761154734,42.75907609696174],[-54.08180317405783,42.80532127082252]]]}},{"type":"Feature","id":"25154","properties":{"MPIO":"25154","DPTO":"25","NOMBRE_MPI":"CARMEN DE CARUPA","NOMBRE_DPT":"CUNDINAMARCA"},"geometry":{"type":"Polygon","coordinates":[[[-61.368718312096,43.665481504632965],[-61.31018887323626,43.65808227681524],[-61.33555163007548,43.63588459336207],[-61.282875135101705,43.552643280412674],[-61.35115948043808,43.48050080918986],[-61.37457125598198,43.460152932691116],[-61.46626737686224,43.4231567936025],[-61.49748307758744,43.45645331878226],[-61.48382620852016,43.508247913506324],[-61.51894387183601,43.57854057777471],[-61.4155418631838,43.63218497945321],[-61.368718312096,43.665481504632965]]]}},{"type":"Feature","id":"25518","properties":{"MPIO":"25518","DPTO":"25","NOMBRE_MPI":"PAIME","NOMBRE_DPT":"CUNDINAMARCA"},"geometry":{"type":"Polygon","coordinates":[[[-61.71599298266381,43.69322860894943],[-61.6360027495555,43.67288073245069],[-61.622345880488226,43.64698343508866],[-61.637953730850825,43.572991156911414],[-61.743306720798365,43.517496948278485],[-61.78622830929551,43.57854057777471],[-61.805738122248755,43.62848536554435],[-61.71599298266381,43.69322860894943]]]}},{"type":"Feature","id":"15621","properties":{"MPIO":"15621","DPTO":"15","NOMBRE_MPI":"RONDON","NOMBRE_DPT":"BOYACA"},"geometry":{"type":"Polygon","coordinates":[[[-60.41859042127282,43.537844824777224],[-60.30543350614398,43.55819270127597],[-60.311286450029954,43.46385254659998],[-60.37176687018502,43.4231567936025],[-60.51613948603906,43.40650853101262],[-60.52979635510633,43.452753704873395],[-60.44590415940736,43.51194752741519],[-60.41859042127282,43.537844824777224]]]}},{"type":"Feature","id":"15104","properties":{"MPIO":"15104","DPTO":"15","NOMBRE_MPI":"BOYACA","NOMBRE_DPT":"BOYACA"},"geometry":{"type":"Polygon","coordinates":[[[-60.6136885508053,43.58593980559243],[-60.57857088748945,43.537844824777224],[-60.60783560691932,43.532295403913935],[-60.72294350334349,43.52674598305064],[-60.697580746504265,43.572991156911414],[-60.6136885508053,43.58593980559243]]]}},{"type":"Feature","id":"17388","properties":{"MPIO":"17388","DPTO":"17","NOMBRE_MPI":"LA MERCED","NOMBRE_DPT":"CALDAS"},"geometry":{"type":"Polygon","coordinates":[[[-63.581131100994334,43.815315867941884],[-63.57527815710836,43.71542629240261],[-63.60454287653823,43.70247764372159],[-63.61819974560551,43.74132358976464],[-63.66697427798863,43.724675327174765],[-63.70989586648577,43.75427223844566],[-63.66892525928395,43.82641470966847],[-63.581131100994334,43.815315867941884]]]}},{"type":"Feature","id":"25394","properties":{"MPIO":"25394","DPTO":"25","NOMBRE_MPI":"LA PALMA","NOMBRE_DPT":"CUNDINAMARCA"},"geometry":{"type":"Polygon","coordinates":[[[-62.04375784027839,43.70247764372159],[-62.00083625178124,43.66363169767854],[-61.959865644579416,43.54524405259495],[-61.991081345304615,43.49899887873417],[-62.04180685898306,43.54154443868609],[-62.14130690504462,43.5063981065519],[-62.18032653095112,43.51379733436962],[-62.088630410070856,43.61923633077219],[-62.0847284474802,43.6969282228583],[-62.04375784027839,43.70247764372159]]]}},{"type":"Feature","id":"27135","properties":{"MPIO":"27135","DPTO":"27","NOMBRE_MPI":"CANTON DEL SAN PABLO","NOMBRE_DPT":"CHOCO"},"geometry":{"type":"Polygon","coordinates":[[[-65.43261235025759,43.92815409216218],[-65.19459263222795,43.90040698784571],[-65.12045534300562,43.8338139374862],[-65.20434753870458,43.7746201149444],[-65.15947496891211,43.730224748038054],[-65.18483772575132,43.680279960268415],[-65.32530837901471,43.695078415903865],[-65.43066136896226,43.62293594468105],[-65.39749468694174,43.80791664012416],[-65.36822996751187,43.85046220007607],[-65.43261235025759,43.92815409216218]]]}},{"type":"Feature","id":"15518","properties":{"MPIO":"15518","DPTO":"15","NOMBRE_MPI":"PAJARITO","NOMBRE_DPT":"BOYACA"},"geometry":{"type":"Polygon","coordinates":[[[-59.692825379411985,43.48050080918986],[-59.65575673480082,43.44350467010124],[-59.55820767003458,43.40465872405819],[-59.56210963262522,43.3935598823316],[-59.66160967868679,43.369512391924],[-59.73769794920446,43.29367030679232],[-59.84695290174265,43.410208144921484],[-59.878168602467845,43.41390775883034],[-59.854756826923946,43.45645331878226],[-59.77866855640628,43.49159965091645],[-59.692825379411985,43.48050080918986]]]}},{"type":"Feature","id":"15861","properties":{"MPIO":"15861","DPTO":"15","NOMBRE_MPI":"VENTAQUEMADA","NOMBRE_DPT":"BOYACA"},"geometry":{"type":"Polygon","coordinates":[[[-60.697580746504265,43.572991156911414],[-60.72294350334349,43.52674598305064],[-60.80098275515648,43.5008486856886],[-60.8809729882648,43.476801195281],[-60.90438476380869,43.43610544228352],[-60.96681616525909,43.497149071779745],[-60.978522053031035,43.51934675523292],[-60.97462009044039,43.532295403913935],[-60.859512194016226,43.574840963865846],[-60.72489448463881,43.58224019168357],[-60.697580746504265,43.572991156911414]]]}},{"type":"Feature","id":"25320","properties":{"MPIO":"25320","DPTO":"25","NOMBRE_MPI":"GUADUAS","NOMBRE_DPT":"CUNDINAMARCA"},"geometry":{"type":"Polygon","coordinates":[[[-62.33055209069113,43.659932083769675],[-62.322748165509836,43.55634289432153],[-62.35396386623503,43.497149071779745],[-62.231052044629564,43.46385254659998],[-62.248610876287486,43.40650853101262],[-62.27592461442204,43.33436605978981],[-62.28372853960334,43.24372551902268],[-62.31494424032853,43.24372551902268],[-62.32469914680516,43.27332243029358],[-62.560767883539455,43.30661895547334],[-62.547111014472186,43.34361509456196],[-62.506140407270365,43.46200273964555],[-62.521748257632964,43.57854057777471],[-62.437856061934,43.68397957417728],[-62.38908152955088,43.717276099357036],[-62.33055209069113,43.659932083769675]]]}},{"type":"Feature","id":"25653","properties":{"MPIO":"25653","DPTO":"25","NOMBRE_MPI":"SAN CAYETANO","NOMBRE_DPT":"CUNDINAMARCA"},"geometry":{"type":"Polygon","coordinates":[[[-61.622345880488226,43.64698343508866],[-61.51894387183601,43.57854057777471],[-61.48382620852016,43.508247913506324],[-61.49748307758744,43.45645331878226],[-61.59308116105835,43.45830312573669],[-61.59113017976303,43.42685640751136],[-61.68477728193862,43.46385254659998],[-61.743306720798365,43.517496948278485],[-61.637953730850825,43.572991156911414],[-61.622345880488226,43.64698343508866]]]}},{"type":"Feature","id":"25823","properties":{"MPIO":"25823","DPTO":"25","NOMBRE_MPI":"TOPAIPI","NOMBRE_DPT":"CUNDINAMARCA"},"geometry":{"type":"Polygon","coordinates":[[[-62.00083625178124,43.66363169767854],[-61.92474798126357,43.63588459336207],[-61.805738122248755,43.62848536554435],[-61.78622830929551,43.57854057777471],[-61.813542047430055,43.54339424564051],[-61.959865644579416,43.54524405259495],[-62.00083625178124,43.66363169767854]]]}},{"type":"Feature","id":"15599","properties":{"MPIO":"15599","DPTO":"15","NOMBRE_MPI":"RAMIRIQUI","NOMBRE_DPT":"BOYACA"},"geometry":{"type":"Polygon","coordinates":[[[-60.57857088748945,43.537844824777224],[-60.55515911194556,43.524896176096206],[-60.52979635510633,43.452753704873395],[-60.51613948603906,43.40650853101262],[-60.520041448629705,43.32881663892651],[-60.55515911194556,43.30661895547334],[-60.61563953210062,43.40465872405819],[-60.61173756950997,43.45645331878226],[-60.60783560691932,43.532295403913935],[-60.57857088748945,43.537844824777224]]]}},{"type":"Feature","id":"15189","properties":{"MPIO":"15189","DPTO":"15","NOMBRE_MPI":"CIENEGA","NOMBRE_DPT":"BOYACA"},"geometry":{"type":"Polygon","coordinates":[[[-60.55515911194556,43.524896176096206],[-60.44590415940736,43.51194752741519],[-60.52979635510633,43.452753704873395],[-60.55515911194556,43.524896176096206]]]}},{"type":"Feature","id":"66572","properties":{"MPIO":"66572","DPTO":"66","NOMBRE_MPI":"PUEBLO RICO","NOMBRE_DPT":"RISARALDA"},"geometry":{"type":"Polygon","coordinates":[[[-64.61905315010713,43.77092050103554],[-64.58003352420064,43.796817798397576],[-64.43761188964193,43.831964130531766],[-64.35957263782893,43.78386914971656],[-64.37908245078218,43.73577416890135],[-64.25031768529074,43.71542629240261],[-64.19569020902165,43.652532855951954],[-64.3166510493318,43.63218497945321],[-64.37127852560089,43.55819270127597],[-64.43370992705128,43.51194752741519],[-64.47663151554842,43.40835833796705],[-64.53125899181752,43.42870621446579],[-64.58588646808661,43.510097720460756],[-64.65417081342298,43.64698343508866],[-64.70489632710142,43.689528995040575],[-64.69514142062481,43.73392436194692],[-64.61905315010713,43.77092050103554]]]}},{"type":"Feature","id":"15367","properties":{"MPIO":"15367","DPTO":"15","NOMBRE_MPI":"JENESANO","NOMBRE_DPT":"BOYACA"},"geometry":{"type":"Polygon","coordinates":[[[-60.72294350334349,43.52674598305064],[-60.60783560691932,43.532295403913935],[-60.61173756950997,43.45645331878226],[-60.72879644722946,43.497149071779745],[-60.72294350334349,43.52674598305064]]]}},{"type":"Feature","id":"66594","properties":{"MPIO":"66594","DPTO":"66","NOMBRE_MPI":"QUINCHIA","NOMBRE_DPT":"RISARALDA"},"geometry":{"type":"Polygon","coordinates":[[[-63.951817547106046,43.77831972885326],[-63.83085670679591,43.782019342762126],[-63.80939591254734,43.730224748038054],[-63.76062138016422,43.7209757132659],[-63.807444931252014,43.674730539405125],[-63.83670965068188,43.65623246986081],[-63.93620969674345,43.68212976722285],[-63.951817547106046,43.77831972885326]]]}},{"type":"Feature","id":"15494","properties":{"MPIO":"15494","DPTO":"15","NOMBRE_MPI":"NUEVO COLON","NOMBRE_DPT":"BOYACA"},"geometry":{"type":"Polygon","coordinates":[[[-60.72879644722946,43.497149071779745],[-60.78342392349856,43.4231567936025],[-60.80098275515648,43.5008486856886],[-60.72294350334349,43.52674598305064],[-60.72879644722946,43.497149071779745]]]}},{"type":"Feature","id":"66318","properties":{"MPIO":"66318","DPTO":"66","NOMBRE_MPI":"GUATICA","NOMBRE_DPT":"RISARALDA"},"geometry":{"type":"Polygon","coordinates":[[[-64.05521955575827,43.767220887126676],[-63.951817547106046,43.77831972885326],[-63.93620969674345,43.68212976722285],[-64.0259548363284,43.680279960268415],[-64.07082740612086,43.680279960268415],[-64.05521955575827,43.767220887126676]]]}},{"type":"Feature","id":"27787","properties":{"MPIO":"27787","DPTO":"27","NOMBRE_MPI":"TADO","NOMBRE_DPT":"CHOCO"},"geometry":{"type":"Polygon","coordinates":[[[-64.61905315010713,43.77092050103554],[-64.69514142062481,43.73392436194692],[-64.70489632710142,43.689528995040575],[-64.75952380337051,43.68212976722285],[-64.93706310124507,43.689528995040575],[-65.01705333435339,43.70062783676716],[-65.07753375450847,43.759821659308955],[-64.97998468974222,43.7505726245368],[-64.84146501777417,43.802367219260866],[-64.82585716741157,43.82641470966847],[-64.61905315010713,43.77092050103554]]]}},{"type":"Feature","id":"17272","properties":{"MPIO":"17272","DPTO":"17","NOMBRE_MPI":"FILADELFIA","NOMBRE_DPT":"CALDAS"},"geometry":{"type":"Polygon","coordinates":[[[-63.70989586648577,43.75427223844566],[-63.66697427798863,43.724675327174765],[-63.61819974560551,43.74132358976464],[-63.60454287653823,43.70247764372159],[-63.581131100994334,43.65068304899752],[-63.663072315397976,43.61923633077219],[-63.65331740892135,43.595188840364585],[-63.76452334275487,43.61923633077219],[-63.807444931252014,43.674730539405125],[-63.76062138016422,43.7209757132659],[-63.70989586648577,43.75427223844566]]]}},{"type":"Feature","id":"25843","properties":{"MPIO":"25843","DPTO":"25","NOMBRE_MPI":"UBATE","NOMBRE_DPT":"CUNDINAMARCA"},"geometry":{"type":"Polygon","coordinates":[[[-61.24970845308118,43.554493087367106],[-61.19508097681209,43.523046369141774],[-61.18922803292612,43.508247913506324],[-61.179473126449494,43.48050080918986],[-61.24580649049054,43.44165486314681],[-61.35115948043808,43.48050080918986],[-61.282875135101705,43.552643280412674],[-61.24970845308118,43.554493087367106]]]}},{"type":"Feature","id":"85010","properties":{"MPIO":"85010","DPTO":"85","NOMBRE_MPI":"AGUAZUL","NOMBRE_DPT":"CASANARE"},"geometry":{"type":"Polygon","coordinates":[[[-59.56210963262522,43.3935598823316],[-59.536746875786,43.38616065451387],[-59.48016841822158,43.280721658111304],[-59.36896248438807,43.21967802861508],[-59.32604089589093,43.05874482357957],[-59.31823697070962,42.99955100103778],[-59.44895271749638,42.98475254540233],[-59.50748215635613,43.0124996497188],[-59.476266455630935,42.9348077576327],[-59.419687998066514,42.87191432118204],[-59.44309977361041,42.84231740991114],[-59.53479589449068,42.87006451422761],[-59.515286081537425,42.89041239072635],[-59.59332533335042,42.97180389672131],[-59.68111949164004,43.03469733317198],[-59.8040313132455,43.055045209670716],[-59.8274430887894,43.08649192789604],[-59.83329603267538,43.21227880079736],[-59.73769794920446,43.29367030679232],[-59.66160967868679,43.369512391924],[-59.56210963262522,43.3935598823316]]]}},{"type":"Feature","id":"25407","properties":{"MPIO":"25407","DPTO":"25","NOMBRE_MPI":"LENGUAZAQUE","NOMBRE_DPT":"CUNDINAMARCA"},"geometry":{"type":"Polygon","coordinates":[[[-60.978522053031035,43.51934675523292],[-60.96681616525909,43.497149071779745],[-61.06241424873001,43.41205795187591],[-61.10338485593182,43.40835833796705],[-61.11118878111313,43.410208144921484],[-61.179473126449494,43.48050080918986],[-61.18922803292612,43.508247913506324],[-60.978522053031035,43.51934675523292]]]}},{"type":"Feature","id":"15804","properties":{"MPIO":"15804","DPTO":"15","NOMBRE_MPI":"TIBANA","NOMBRE_DPT":"BOYACA"},"geometry":{"type":"Polygon","coordinates":[[[-60.61173756950997,43.45645331878226],[-60.61563953210062,43.40465872405819],[-60.69562976520894,43.38986026842274],[-60.80488471774713,43.40835833796705],[-60.78342392349856,43.4231567936025],[-60.72879644722946,43.497149071779745],[-60.61173756950997,43.45645331878226]]]}},{"type":"Feature","id":"85279","properties":{"MPIO":"85279","DPTO":"85","NOMBRE_MPI":"RECETOR","NOMBRE_DPT":"CASANARE"},"geometry":{"type":"Polygon","coordinates":[[[-59.73769794920446,43.29367030679232],[-59.83329603267538,43.21227880079736],[-59.854756826923946,43.210428993842925],[-59.93669804132759,43.23632629120496],[-59.85280584562862,43.375061812787294],[-59.878168602467845,43.41390775883034],[-59.84695290174265,43.410208144921484],[-59.73769794920446,43.29367030679232]]]}},{"type":"Feature","id":"85015","properties":{"MPIO":"85015","DPTO":"85","NOMBRE_MPI":"CHAMEZA","NOMBRE_DPT":"CASANARE"},"geometry":{"type":"Polygon","coordinates":[[[-59.878168602467845,43.41390775883034],[-59.85280584562862,43.375061812787294],[-59.93669804132759,43.23632629120496],[-59.854756826923946,43.210428993842925],[-59.88987449023979,43.18453169648089],[-60.02644318091253,43.195630538207475],[-60.06741378811435,43.15308497825556],[-60.12984518956475,43.210428993842925],[-60.079119675886304,43.27332243029358],[-60.09277654495357,43.302919341564476],[-59.878168602467845,43.41390775883034]]]}},{"type":"Feature","id":"15835","properties":{"MPIO":"15835","DPTO":"15","NOMBRE_MPI":"TURMEQUE","NOMBRE_DPT":"BOYACA"},"geometry":{"type":"Polygon","coordinates":[[[-60.80098275515648,43.5008486856886],[-60.78342392349856,43.4231567936025],[-60.80488471774713,43.40835833796705],[-60.882923969560125,43.360263357151844],[-60.90438476380869,43.43610544228352],[-60.8809729882648,43.476801195281],[-60.80098275515648,43.5008486856886]]]}},{"type":"Feature","id":"15897","properties":{"MPIO":"15897","DPTO":"15","NOMBRE_MPI":"ZETAQUIRA","NOMBRE_DPT":"BOYACA"},"geometry":{"type":"Polygon","coordinates":[[[-60.19422757231047,43.437955249237945],[-60.19422757231047,43.38061123365058],[-60.25665897376086,43.369512391924],[-60.367864907594374,43.32326721806322],[-60.55515911194556,43.30661895547334],[-60.520041448629705,43.32881663892651],[-60.51613948603906,43.40650853101262],[-60.37176687018502,43.4231567936025],[-60.25470799246553,43.44350467010124],[-60.19422757231047,43.437955249237945]]]}},{"type":"Feature","id":"17050","properties":{"MPIO":"17050","DPTO":"17","NOMBRE_MPI":"ARANZAZU","NOMBRE_DPT":"CALDAS"},"geometry":{"type":"Polygon","coordinates":[[[-63.60454287653823,43.70247764372159],[-63.57527815710836,43.71542629240261],[-63.54406245638316,43.71542629240261],[-63.48163105493277,43.64883324204309],[-63.39383689664315,43.589639419501296],[-63.65331740892135,43.595188840364585],[-63.663072315397976,43.61923633077219],[-63.581131100994334,43.65068304899752],[-63.60454287653823,43.70247764372159]]]}},{"type":"Feature","id":"17446","properties":{"MPIO":"17446","DPTO":"17","NOMBRE_MPI":"MARULANDA","NOMBRE_DPT":"CALDAS"},"geometry":{"type":"Polygon","coordinates":[[[-63.28263096280964,43.695078415903865],[-63.188983860634046,43.65623246986081],[-63.18703287933872,43.60443787513674],[-63.2241015239499,43.584089998638],[-63.18703287933872,43.53414521086836],[-63.12460147788833,43.5063981065519],[-63.190934841929376,43.48605023005315],[-63.30409175705821,43.49159965091645],[-63.35871923332731,43.45090389791896],[-63.36262119591795,43.46940196746328],[-63.35286628944133,43.54709385954938],[-63.39383689664315,43.589639419501296],[-63.35286628944133,43.67843015331398],[-63.28263096280964,43.695078415903865]]]}},{"type":"Feature","id":"25871","properties":{"MPIO":"25871","DPTO":"25","NOMBRE_MPI":"VILLAGOMEZ","NOMBRE_DPT":"CUNDINAMARCA"},"geometry":{"type":"Polygon","coordinates":[[[-61.78622830929551,43.57854057777471],[-61.743306720798365,43.517496948278485],[-61.68477728193862,43.46385254659998],[-61.790130271886156,43.42500660055693],[-61.799885178362786,43.51934675523292],[-61.813542047430055,43.54339424564051],[-61.78622830929551,43.57854057777471]]]}},{"type":"Feature","id":"17444","properties":{"MPIO":"17444","DPTO":"17","NOMBRE_MPI":"MARQUETALIA","NOMBRE_DPT":"CALDAS"},"geometry":{"type":"Polygon","coordinates":[[[-62.9256013857652,43.659932083769675],[-62.843660171361556,43.654382662906386],[-62.84561115265688,43.61183710295447],[-62.89048372244935,43.61183710295447],[-62.972424936852995,43.59333903341016],[-63.05631713255196,43.64143401422537],[-62.9256013857652,43.659932083769675]]]}},{"type":"Feature","id":"25873","properties":{"MPIO":"25873","DPTO":"25","NOMBRE_MPI":"VILLAPINZON","NOMBRE_DPT":"CUNDINAMARCA"},"geometry":{"type":"Polygon","coordinates":[[[-60.96681616525909,43.497149071779745],[-60.90438476380869,43.43610544228352],[-60.882923969560125,43.360263357151844],[-60.85365925013025,43.282571465065736],[-60.8497572875396,43.27702204420244],[-60.908286726399346,43.2862710789746],[-61.035100510595456,43.37136219887843],[-61.06241424873001,43.41205795187591],[-60.96681616525909,43.497149071779745]]]}},{"type":"Feature","id":"17433","properties":{"MPIO":"17433","DPTO":"17","NOMBRE_MPI":"MANZANARES","NOMBRE_DPT":"CALDAS"},"geometry":{"type":"Polygon","coordinates":[[[-63.05631713255196,43.64143401422537],[-62.972424936852995,43.59333903341016],[-63.08558185198183,43.49344945787088],[-63.12460147788833,43.5063981065519],[-63.18703287933872,43.53414521086836],[-63.2241015239499,43.584089998638],[-63.18703287933872,43.60443787513674],[-63.05631713255196,43.64143401422537]]]}},{"type":"Feature","id":"25258","properties":{"MPIO":"25258","DPTO":"25","NOMBRE_MPI":"EL PE¥ON","NOMBRE_DPT":"CUNDINAMARCA"},"geometry":{"type":"Polygon","coordinates":[[[-61.959865644579416,43.54524405259495],[-61.813542047430055,43.54339424564051],[-61.799885178362786,43.51934675523292],[-61.93060092514955,43.43980505619238],[-61.96181662587475,43.45090389791896],[-62.01839508343916,43.4472042840101],[-61.991081345304615,43.49899887873417],[-61.959865644579416,43.54524405259495]]]}},{"type":"Feature","id":"73443","properties":{"MPIO":"73443","DPTO":"73","NOMBRE_MPI":"MARIQUITA","NOMBRE_DPT":"TOLIMA"},"geometry":{"type":"Polygon","coordinates":[[[-62.66416989219167,43.6081374890456],[-62.61344437851323,43.54154443868609],[-62.65636596701037,43.48420042309873],[-62.72074834975609,43.46200273964555],[-62.70709148068882,43.42870621446579],[-62.77342484472986,43.44350467010124],[-62.79098367638779,43.487900037007584],[-62.84951311524753,43.48605023005315],[-62.89048372244935,43.61183710295447],[-62.84561115265688,43.61183710295447],[-62.66416989219167,43.6081374890456]]]}},{"type":"Feature","id":"73349","properties":{"MPIO":"73349","DPTO":"73","NOMBRE_MPI":"HONDA","NOMBRE_DPT":"TOLIMA"},"geometry":{"type":"Polygon","coordinates":[[[-62.634905172761805,43.60443787513674],[-62.521748257632964,43.57854057777471],[-62.506140407270365,43.46200273964555],[-62.547111014472186,43.34361509456196],[-62.60759143462725,43.352864129334115],[-62.70709148068882,43.42870621446579],[-62.72074834975609,43.46200273964555],[-62.65636596701037,43.48420042309873],[-62.61344437851323,43.54154443868609],[-62.66416989219167,43.6081374890456],[-62.634905172761805,43.60443787513674]]]}},{"type":"Feature","id":"25224","properties":{"MPIO":"25224","DPTO":"25","NOMBRE_MPI":"CUCUNUBA","NOMBRE_DPT":"CUNDINAMARCA"},"geometry":{"type":"Polygon","coordinates":[[[-61.24580649049054,43.44165486314681],[-61.179473126449494,43.48050080918986],[-61.11118878111313,43.410208144921484],[-61.16971821997287,43.41205795187591],[-61.236051584013914,43.37136219887843],[-61.30238494805496,43.362113164106276],[-61.31213985453158,43.3935598823316],[-61.24580649049054,43.44165486314681]]]}},{"type":"Feature","id":"17042","properties":{"MPIO":"17042","DPTO":"17","NOMBRE_MPI":"ANSERMA","NOMBRE_DPT":"CALDAS"},"geometry":{"type":"Polygon","coordinates":[[[-63.93620969674345,43.68212976722285],[-63.83670965068188,43.65623246986081],[-63.85036651974916,43.584089998638],[-63.80159198736604,43.55079347345824],[-63.832807688091236,43.52859579000507],[-63.856219463635135,43.524896176096206],[-63.91474890249488,43.584089998638],[-64.06302348093956,43.55079347345824],[-64.0103469859658,43.6081374890456],[-64.0259548363284,43.680279960268415],[-63.93620969674345,43.68212976722285]]]}},{"type":"Feature","id":"73283","properties":{"MPIO":"73283","DPTO":"73","NOMBRE_MPI":"FRESNO","NOMBRE_DPT":"TOLIMA"},"geometry":{"type":"Polygon","coordinates":[[[-62.89048372244935,43.61183710295447],[-62.84951311524753,43.48605023005315],[-62.874875872086754,43.46570235355441],[-62.97632689944364,43.45460351182783],[-63.09728773975378,43.42130698664807],[-63.08558185198183,43.49344945787088],[-62.972424936852995,43.59333903341016],[-62.89048372244935,43.61183710295447]]]}},{"type":"Feature","id":"15660","properties":{"MPIO":"15660","DPTO":"15","NOMBRE_MPI":"SAN EDUARDO","NOMBRE_DPT":"BOYACA"},"geometry":{"type":"Polygon","coordinates":[[[-60.25665897376086,43.369512391924],[-60.19422757231047,43.38061123365058],[-60.18057070324319,43.2862710789746],[-60.22934523562631,43.247425132931546],[-60.28202173060008,43.26407339552142],[-60.29177663707671,43.326966831972086],[-60.25665897376086,43.369512391924]]]}},{"type":"Feature","id":"17486","properties":{"MPIO":"17486","DPTO":"17","NOMBRE_MPI":"NEIRA","NOMBRE_DPT":"CALDAS"},"geometry":{"type":"Polygon","coordinates":[[[-63.807444931252014,43.674730539405125],[-63.76452334275487,43.61923633077219],[-63.65331740892135,43.595188840364585],[-63.39383689664315,43.589639419501296],[-63.35286628944133,43.54709385954938],[-63.36262119591795,43.46940196746328],[-63.57918011969901,43.495299264825306],[-63.66892525928395,43.54524405259495],[-63.80159198736604,43.55079347345824],[-63.85036651974916,43.584089998638],[-63.83670965068188,43.65623246986081],[-63.807444931252014,43.674730539405125]]]}},{"type":"Feature","id":"25398","properties":{"MPIO":"25398","DPTO":"25","NOMBRE_MPI":"LA PE¥A","NOMBRE_DPT":"CUNDINAMARCA"},"geometry":{"type":"Polygon","coordinates":[[[-61.991081345304615,43.49899887873417],[-62.01839508343916,43.4472042840101],[-62.06521863452696,43.38431084755945],[-62.14325788633995,43.38431084755945],[-62.11399316691008,43.48050080918986],[-62.14130690504462,43.5063981065519],[-62.04180685898306,43.54154443868609],[-61.991081345304615,43.49899887873417]]]}},{"type":"Feature","id":"25513","properties":{"MPIO":"25513","DPTO":"25","NOMBRE_MPI":"PACHO","NOMBRE_DPT":"CUNDINAMARCA"},"geometry":{"type":"Polygon","coordinates":[[[-61.59113017976303,43.42685640751136],[-61.57747331069575,43.38616065451387],[-61.589179198467704,43.3639629710607],[-61.66526746898537,43.27887185115687],[-61.75501260857031,43.267773009430286],[-61.792081253181486,43.33621586674424],[-61.83695382297395,43.34916451542526],[-61.83500284167863,43.38616065451387],[-61.92864994385422,43.41205795187591],[-61.93060092514955,43.43980505619238],[-61.799885178362786,43.51934675523292],[-61.790130271886156,43.42500660055693],[-61.68477728193862,43.46385254659998],[-61.59113017976303,43.42685640751136]]]}},{"type":"Feature","id":"25781","properties":{"MPIO":"25781","DPTO":"25","NOMBRE_MPI":"SUTATAUSA","NOMBRE_DPT":"CUNDINAMARCA"},"geometry":{"type":"Polygon","coordinates":[[[-61.35115948043808,43.48050080918986],[-61.24580649049054,43.44165486314681],[-61.31213985453158,43.3935598823316],[-61.3375026113708,43.38616065451387],[-61.37457125598198,43.460152932691116],[-61.35115948043808,43.48050080918986]]]}},{"type":"Feature","id":"66088","properties":{"MPIO":"66088","DPTO":"66","NOMBRE_MPI":"BELEN DE UMBRIA","NOMBRE_DPT":"RISARALDA"},"geometry":{"type":"Polygon","coordinates":[[[-64.07082740612086,43.680279960268415],[-64.0259548363284,43.680279960268415],[-64.0103469859658,43.6081374890456],[-64.06302348093956,43.55079347345824],[-64.07863133130216,43.52674598305064],[-64.13911175145724,43.54524405259495],[-64.2073960967936,43.62108613772662],[-64.19569020902165,43.652532855951954],[-64.07082740612086,43.680279960268415]]]}},{"type":"Feature","id":"15172","properties":{"MPIO":"15172","DPTO":"15","NOMBRE_MPI":"CHINAVITA","NOMBRE_DPT":"BOYACA"},"geometry":{"type":"Polygon","coordinates":[[[-60.61563953210062,43.40465872405819],[-60.55515911194556,43.30661895547334],[-60.5746689248988,43.27147262333915],[-60.67611995225569,43.245575325977114],[-60.70148270909492,43.32141741110879],[-60.69562976520894,43.38986026842274],[-60.61563953210062,43.40465872405819]]]}},{"type":"Feature","id":"15090","properties":{"MPIO":"15090","DPTO":"15","NOMBRE_MPI":"BERBEO","NOMBRE_DPT":"BOYACA"},"geometry":{"type":"Polygon","coordinates":[[[-60.25665897376086,43.369512391924],[-60.29177663707671,43.326966831972086],[-60.28202173060008,43.26407339552142],[-60.22934523562631,43.247425132931546],[-60.311286450029954,43.23817609815939],[-60.367864907594374,43.32326721806322],[-60.25665897376086,43.369512391924]]]}},{"type":"Feature","id":"15842","properties":{"MPIO":"15842","DPTO":"15","NOMBRE_MPI":"UMBITA","NOMBRE_DPT":"BOYACA"},"geometry":{"type":"Polygon","coordinates":[[[-60.69562976520894,43.38986026842274],[-60.70148270909492,43.32141741110879],[-60.77366901702193,43.2862710789746],[-60.85365925013025,43.282571465065736],[-60.882923969560125,43.360263357151844],[-60.80488471774713,43.40835833796705],[-60.69562976520894,43.38986026842274]]]}},{"type":"Feature","id":"25793","properties":{"MPIO":"25793","DPTO":"25","NOMBRE_MPI":"TAUSA","NOMBRE_DPT":"CUNDINAMARCA"},"geometry":{"type":"Polygon","coordinates":[[[-61.37457125598198,43.460152932691116],[-61.3375026113708,43.38616065451387],[-61.31213985453158,43.3935598823316],[-61.30238494805496,43.362113164106276],[-61.325796723598856,43.338065673698665],[-61.405786956707175,43.32881663892651],[-61.47016933945289,43.33621586674424],[-61.57747331069575,43.38616065451387],[-61.59113017976303,43.42685640751136],[-61.59308116105835,43.45830312573669],[-61.49748307758744,43.45645331878226],[-61.46626737686224,43.4231567936025],[-61.37457125598198,43.460152932691116]]]}},{"type":"Feature","id":"25851","properties":{"MPIO":"25851","DPTO":"25","NOMBRE_MPI":"UTICA","NOMBRE_DPT":"CUNDINAMARCA"},"geometry":{"type":"Polygon","coordinates":[[[-62.14130690504462,43.5063981065519],[-62.11399316691008,43.48050080918986],[-62.14325788633995,43.38431084755945],[-62.153012792816575,43.37691161974172],[-62.18227751224644,43.41205795187591],[-62.248610876287486,43.40650853101262],[-62.231052044629564,43.46385254659998],[-62.18032653095112,43.51379733436962],[-62.14130690504462,43.5063981065519]]]}},{"type":"Feature","id":"27205","properties":{"MPIO":"27205","DPTO":"27","NOMBRE_MPI":"CONDOTO","NOMBRE_DPT":"CHOCO"},"geometry":{"type":"Polygon","coordinates":[[[-64.70489632710142,43.689528995040575],[-64.65417081342298,43.64698343508866],[-64.58588646808661,43.510097720460756],[-64.76342576596117,43.49344945787088],[-64.94486702642638,43.49344945787088],[-65.01705333435339,43.46385254659998],[-65.18678870704666,43.46940196746328],[-65.13216123077756,43.523046369141774],[-65.16922987538874,43.61738652381776],[-65.11850436171028,43.62848536554435],[-65.0560729602599,43.58224019168357],[-64.96632782067495,43.61738652381776],[-64.83561207388819,43.59888845427345],[-64.73806300912194,43.524896176096206],[-64.66392571989961,43.539694631731656],[-64.68928847673882,43.624785751635486],[-64.75952380337051,43.68212976722285],[-64.70489632710142,43.689528995040575]]]}},{"type":"Feature","id":"66045","properties":{"MPIO":"66045","DPTO":"66","NOMBRE_MPI":"APIA","NOMBRE_DPT":"RISARALDA"},"geometry":{"type":"Polygon","coordinates":[[[-64.19569020902165,43.652532855951954],[-64.2073960967936,43.62108613772662],[-64.13911175145724,43.54524405259495],[-64.17422941477308,43.45645331878226],[-64.24641572270009,43.517496948278485],[-64.32640595580841,43.54339424564051],[-64.38883735725881,43.517496948278485],[-64.420053057984,43.4472042840101],[-64.45517072129985,43.40465872405819],[-64.47663151554842,43.40835833796705],[-64.43370992705128,43.51194752741519],[-64.37127852560089,43.55819270127597],[-64.3166510493318,43.63218497945321],[-64.19569020902165,43.652532855951954]]]}},{"type":"Feature","id":"25183","properties":{"MPIO":"25183","DPTO":"25","NOMBRE_MPI":"CHOCONTA","NOMBRE_DPT":"CUNDINAMARCA"},"geometry":{"type":"Polygon","coordinates":[[[-61.06241424873001,43.41205795187591],[-61.035100510595456,43.37136219887843],[-60.908286726399346,43.2862710789746],[-60.916090651580646,43.26962281638472],[-60.99217892209831,43.295520113746754],[-61.0936299494552,43.22337764252394],[-61.140453500542996,43.15678459216443],[-61.23019864012794,43.23817609815939],[-61.19898293940274,43.24187571206825],[-61.21654177106066,43.31956760415436],[-61.11899270629442,43.35841355019741],[-61.10338485593182,43.40835833796705],[-61.06241424873001,43.41205795187591]]]}},{"type":"Feature","id":"27361","properties":{"MPIO":"27361","DPTO":"27","NOMBRE_MPI":"ITSMINA","NOMBRE_DPT":"CHOCO"},"geometry":{"type":"Polygon","coordinates":[[[-65.01705333435339,43.70062783676716],[-64.93706310124507,43.689528995040575],[-65.01510235305807,43.64883324204309],[-65.11850436171028,43.62848536554435],[-65.16922987538874,43.61738652381776],[-65.26482795885964,43.595188840364585],[-65.34091622937731,43.42500660055693],[-65.42090646248563,43.302919341564476],[-65.36627898621654,43.27887185115687],[-65.39944566823706,43.24927493988598],[-65.37798487398848,43.20117995907077],[-65.3799358552838,43.140136329574545],[-65.34481819196796,43.07909270007832],[-65.2219063703625,42.96070505499473],[-65.36042604233056,42.98660235235676],[-65.52235748984252,42.99955100103778],[-65.60624968554148,42.982902738447905],[-65.6706320682872,43.003250614946644],[-65.9379165057467,43.005100421901076],[-65.85402431004773,43.06244443748844],[-65.76037720787215,43.180832082572024],[-65.61405361072279,43.267773009430286],[-65.50870062077524,43.495299264825306],[-65.44041627543888,43.554493087367106],[-65.43066136896226,43.62293594468105],[-65.32530837901471,43.695078415903865],[-65.18483772575132,43.680279960268415],[-65.09314160487106,43.65623246986081],[-65.01705333435339,43.70062783676716]]]}},{"type":"Feature","id":"25772","properties":{"MPIO":"25772","DPTO":"25","NOMBRE_MPI":"SUESCA","NOMBRE_DPT":"CUNDINAMARCA"},"geometry":{"type":"Polygon","coordinates":[[[-61.10338485593182,43.40835833796705],[-61.11899270629442,43.35841355019741],[-61.21654177106066,43.31956760415436],[-61.19898293940274,43.24187571206825],[-61.23019864012794,43.23817609815939],[-61.23800256530924,43.25482436074927],[-61.357012424324054,43.230776870341664],[-61.31213985453158,43.29182049983789],[-61.325796723598856,43.338065673698665],[-61.30238494805496,43.362113164106276],[-61.236051584013914,43.37136219887843],[-61.16971821997287,43.41205795187591],[-61.11118878111313,43.410208144921484],[-61.10338485593182,43.40835833796705]]]}},{"type":"Feature","id":"15455","properties":{"MPIO":"15455","DPTO":"15","NOMBRE_MPI":"MIRAFLORES","NOMBRE_DPT":"BOYACA"},"geometry":{"type":"Polygon","coordinates":[[[-60.367864907594374,43.32326721806322],[-60.311286450029954,43.23817609815939],[-60.344453132050475,43.195630538207475],[-60.43810023422606,43.16603362693658],[-60.52589439251568,43.1789822756176],[-60.51418850474373,43.240025905113825],[-60.55515911194556,43.30661895547334],[-60.367864907594374,43.32326721806322]]]}},{"type":"Feature","id":"25489","properties":{"MPIO":"25489","DPTO":"25","NOMBRE_MPI":"NIMAIMA","NOMBRE_DPT":"CUNDINAMARCA"},"geometry":{"type":"Polygon","coordinates":[[[-62.01839508343916,43.4472042840101],[-61.96181662587475,43.45090389791896],[-62.047659802869035,43.34916451542526],[-62.1159441482054,43.326966831972086],[-62.14911083022592,43.345464901516394],[-62.153012792816575,43.37691161974172],[-62.14325788633995,43.38431084755945],[-62.06521863452696,43.38431084755945],[-62.01839508343916,43.4472042840101]]]}},{"type":"Feature","id":"25862","properties":{"MPIO":"25862","DPTO":"25","NOMBRE_MPI":"VERGARA","NOMBRE_DPT":"CUNDINAMARCA"},"geometry":{"type":"Polygon","coordinates":[[[-61.96181662587475,43.45090389791896],[-61.93060092514955,43.43980505619238],[-61.92864994385422,43.41205795187591],[-61.83500284167863,43.38616065451387],[-61.83695382297395,43.34916451542526],[-61.94620877551215,43.31401818329107],[-61.926698962558895,43.27702204420244],[-62.00473821437189,43.29921972765562],[-62.047659802869035,43.34916451542526],[-61.96181662587475,43.45090389791896]]]}},{"type":"Feature","id":"15514","properties":{"MPIO":"15514","DPTO":"15","NOMBRE_MPI":"PAEZ","NOMBRE_DPT":"BOYACA"},"geometry":{"type":"Polygon","coordinates":[[[-60.18057070324319,43.2862710789746],[-60.079119675886304,43.27332243029358],[-60.12984518956475,43.210428993842925],[-60.06741378811435,43.15308497825556],[-60.079119675886304,43.104989997440356],[-60.18837462842449,43.0661440513973],[-60.24105112339826,43.05874482357957],[-60.23519817951228,43.09759076962263],[-60.31909037521125,43.13273710175682],[-60.344453132050475,43.195630538207475],[-60.311286450029954,43.23817609815939],[-60.22934523562631,43.247425132931546],[-60.18057070324319,43.2862710789746]]]}},{"type":"Feature","id":"85230","properties":{"MPIO":"85230","DPTO":"85","NOMBRE_MPI":"OROCUE","NOMBRE_DPT":"CASANARE"},"geometry":{"type":"Polygon","coordinates":[[[-58.80122692744855,43.01434945667323],[-58.775864170609324,43.053195402716284],[-58.63149155475529,43.03469733317198],[-58.48126599501528,42.97735331758461],[-58.34079534175189,42.99400158017449],[-58.34274632304722,43.06244443748844],[-58.07546188558772,43.05874482357957],[-57.972059876935504,42.990301966265626],[-57.81012842942354,42.83121856818455],[-57.7281872150199,42.83121856818455],[-57.58381459916587,42.80162165691365],[-57.47455964662768,42.812720498640246],[-57.523334179010796,42.747977255235156],[-57.62088324377704,42.68693362573893],[-57.780863709993675,42.640688451878155],[-58.011079502842,42.605542119743966],[-58.11448151149422,42.57964482238193],[-58.317383566207994,42.55189771806546],[-58.41883459356489,42.50935215811354],[-58.58076604107684,42.48160505379708],[-58.72513865693088,42.57039578760977],[-58.81488379651582,42.6850838187845],[-58.87146225408024,42.71283092310097],[-58.931942674235316,42.78682320127821],[-59.07046234620337,42.868214707273175],[-58.97681524402778,42.91630968808838],[-58.896825010919464,42.93110814372383],[-58.78757005838128,42.98105293149347],[-58.80122692744855,43.01434945667323]]]}},{"type":"Feature","id":"17616","properties":{"MPIO":"17616","DPTO":"17","NOMBRE_MPI":"RISARALDA","NOMBRE_DPT":"CALDAS"},"geometry":{"type":"Polygon","coordinates":[[[-64.06302348093956,43.55079347345824],[-63.91474890249488,43.584089998638],[-63.856219463635135,43.524896176096206],[-63.88353320176968,43.45460351182783],[-63.94401362192475,43.43980505619238],[-63.95767049099202,43.45460351182783],[-63.91474890249488,43.508247913506324],[-63.96547441617332,43.54709385954938],[-63.9713273600593,43.510097720460756],[-64.0259548363284,43.52674598305064],[-64.07668035000684,43.48605023005315],[-64.07863133130216,43.52674598305064],[-64.06302348093956,43.55079347345824]]]}},{"type":"Feature","id":"15511","properties":{"MPIO":"15511","DPTO":"15","NOMBRE_MPI":"PACHAVITA","NOMBRE_DPT":"BOYACA"},"geometry":{"type":"Polygon","coordinates":[[[-60.70148270909492,43.32141741110879],[-60.67611995225569,43.245575325977114],[-60.71123761557154,43.204879572979635],[-60.74830626018271,43.22892706338723],[-60.77366901702193,43.2862710789746],[-60.70148270909492,43.32141741110879]]]}},{"type":"Feature","id":"15299","properties":{"MPIO":"15299","DPTO":"15","NOMBRE_MPI":"GARAGOA","NOMBRE_DPT":"BOYACA"},"geometry":{"type":"Polygon","coordinates":[[[-60.55515911194556,43.30661895547334],[-60.51418850474373,43.240025905113825],[-60.52589439251568,43.1789822756176],[-60.512237523448405,43.15493478520999],[-60.705384671685565,43.13088729480239],[-60.72489448463881,43.13458690871125],[-60.738551353706086,43.14198613652897],[-60.730747428524786,43.175282661708735],[-60.71123761557154,43.204879572979635],[-60.67611995225569,43.245575325977114],[-60.5746689248988,43.27147262333915],[-60.55515911194556,43.30661895547334]]]}},{"type":"Feature","id":"73270","properties":{"MPIO":"73270","DPTO":"73","NOMBRE_MPI":"FALAN","NOMBRE_DPT":"TOLIMA"},"geometry":{"type":"Polygon","coordinates":[[[-62.874875872086754,43.46570235355441],[-62.84951311524753,43.48605023005315],[-62.79098367638779,43.487900037007584],[-62.77342484472986,43.44350467010124],[-62.779277788615836,43.35471393628855],[-62.94316021742312,43.326966831972086],[-62.95486610519507,43.31216837633663],[-63.01729750664546,43.3639629710607],[-63.00559161887352,43.37876142669615],[-62.93535629224182,43.360263357151844],[-62.8709739094961,43.388010461468305],[-62.874875872086754,43.46570235355441]]]}},{"type":"Feature","id":"25200","properties":{"MPIO":"25200","DPTO":"25","NOMBRE_MPI":"COGUA","NOMBRE_DPT":"CUNDINAMARCA"},"geometry":{"type":"Polygon","coordinates":[[[-61.57747331069575,43.38616065451387],[-61.47016933945289,43.33621586674424],[-61.405786956707175,43.32881663892651],[-61.45651247038562,43.247425132931546],[-61.57162036680978,43.26407339552142],[-61.54625760997056,43.302919341564476],[-61.589179198467704,43.3639629710607],[-61.57747331069575,43.38616065451387]]]}},{"type":"Feature","id":"17001","properties":{"MPIO":"17001","DPTO":"17","NOMBRE_MPI":"MANIZALES","NOMBRE_DPT":"CALDAS"},"geometry":{"type":"Polygon","coordinates":[[[-63.80159198736604,43.55079347345824],[-63.66892525928395,43.54524405259495],[-63.57918011969901,43.495299264825306],[-63.36262119591795,43.46940196746328],[-63.35871923332731,43.45090389791896],[-63.36067021462263,43.3935598823316],[-63.40359180311978,43.37691161974172],[-63.622101708196155,43.41575756578477],[-63.727454698143696,43.373212005832855],[-63.74501352980162,43.39540968928603],[-63.74111156721097,43.42685640751136],[-63.82890572550059,43.48605023005315],[-63.832807688091236,43.52859579000507],[-63.80159198736604,43.55079347345824]]]}},{"type":"Feature","id":"73347","properties":{"MPIO":"73347","DPTO":"73","NOMBRE_MPI":"HERVEO","NOMBRE_DPT":"TOLIMA"},"geometry":{"type":"Polygon","coordinates":[[[-63.08558185198183,43.49344945787088],[-63.09728773975378,43.42130698664807],[-63.1772779728621,43.369512391924],[-63.380180027575875,43.30846876242777],[-63.36067021462263,43.3935598823316],[-63.35871923332731,43.45090389791896],[-63.30409175705821,43.49159965091645],[-63.190934841929376,43.48605023005315],[-63.12460147788833,43.5063981065519],[-63.08558185198183,43.49344945787088]]]}},{"type":"Feature","id":"85410","properties":{"MPIO":"85410","DPTO":"85","NOMBRE_MPI":"TAURAMENA","NOMBRE_DPT":"CASANARE"},"geometry":{"type":"Polygon","coordinates":[[[-59.854756826923946,43.210428993842925],[-59.83329603267538,43.21227880079736],[-59.8274430887894,43.08649192789604],[-59.8040313132455,43.055045209670716],[-59.68111949164004,43.03469733317198],[-59.59332533335042,42.97180389672131],[-59.515286081537425,42.89041239072635],[-59.53479589449068,42.87006451422761],[-59.653805753505495,42.85711586554659],[-59.68307047293536,42.833068375138986],[-59.64600182832419,42.70728150223767],[-59.653805753505495,42.66473594228576],[-59.622590052780296,42.56669617370091],[-59.42358996065717,42.42056142430086],[-59.31823697070962,42.418711617346425],[-59.28897225127975,42.398363740847685],[-59.388472297341316,42.37801586434894],[-59.5133351002421,42.32992088353373],[-59.61673710889432,42.328071076579306],[-59.70453126718394,42.36506721566792],[-59.75525678086238,42.328071076579306],[-59.80793327583615,42.34286953221475],[-59.86841369599122,42.37246644348565],[-59.87231565858187,42.46680659816163],[-59.94840392909954,42.54449849024774],[-59.958158835576164,42.71653053700983],[-59.87426663987719,42.74982706218959],[-59.911335284488366,42.95145602022257],[-59.973766685938756,42.99400158017449],[-60.01863925573123,43.07354327921502],[-60.079119675886304,43.104989997440356],[-60.06741378811435,43.15308497825556],[-60.02644318091253,43.195630538207475],[-59.88987449023979,43.18453169648089],[-59.854756826923946,43.210428993842925]]]}},{"type":"Feature","id":"17665","properties":{"MPIO":"17665","DPTO":"17","NOMBRE_MPI":"SAN JOSE","NOMBRE_DPT":"CALDAS"},"geometry":{"type":"Polygon","coordinates":[[[-64.07668035000684,43.48605023005315],[-64.0259548363284,43.52674598305064],[-63.9713273600593,43.510097720460756],[-63.96547441617332,43.54709385954938],[-63.91474890249488,43.508247913506324],[-63.95767049099202,43.45460351182783],[-64.01619992985177,43.46385254659998],[-64.10204310684605,43.41945717969364],[-64.07668035000684,43.48605023005315]]]}},{"type":"Feature","id":"25899","properties":{"MPIO":"25899","DPTO":"25","NOMBRE_MPI":"ZIPAQUIRA","NOMBRE_DPT":"CUNDINAMARCA"},"geometry":{"type":"Polygon","coordinates":[[[-61.66526746898537,43.27887185115687],[-61.589179198467704,43.3639629710607],[-61.54625760997056,43.302919341564476],[-61.57162036680978,43.26407339552142],[-61.45651247038562,43.247425132931546],[-61.44090462002302,43.21967802861508],[-61.47797326463419,43.175282661708735],[-61.550159572561206,43.18268188952646],[-61.55601251644718,43.18453169648089],[-61.60088508623965,43.18268188952646],[-61.66136550639472,43.217828221660646],[-61.66526746898537,43.27887185115687]]]}},{"type":"Feature","id":"25592","properties":{"MPIO":"25592","DPTO":"25","NOMBRE_MPI":"QUEBRADANEGRA","NOMBRE_DPT":"CUNDINAMARCA"},"geometry":{"type":"Polygon","coordinates":[[[-62.248610876287486,43.40650853101262],[-62.18227751224644,43.41205795187591],[-62.153012792816575,43.37691161974172],[-62.14911083022592,43.345464901516394],[-62.153012792816575,43.326966831972086],[-62.27592461442204,43.33436605978981],[-62.248610876287486,43.40650853101262]]]}},{"type":"Feature","id":"73520","properties":{"MPIO":"73520","DPTO":"73","NOMBRE_MPI":"PALOCABILDO","NOMBRE_DPT":"TOLIMA"},"geometry":{"type":"Polygon","coordinates":[[[-62.97632689944364,43.45460351182783],[-62.874875872086754,43.46570235355441],[-62.8709739094961,43.388010461468305],[-62.93535629224182,43.360263357151844],[-63.00559161887352,43.37876142669615],[-62.97632689944364,43.45460351182783]]]}},{"type":"Feature","id":"25486","properties":{"MPIO":"25486","DPTO":"25","NOMBRE_MPI":"NEMOCON","NOMBRE_DPT":"CUNDINAMARCA"},"geometry":{"type":"Polygon","coordinates":[[[-61.405786956707175,43.32881663892651],[-61.325796723598856,43.338065673698665],[-61.31213985453158,43.29182049983789],[-61.357012424324054,43.230776870341664],[-61.43114971354639,43.217828221660646],[-61.44090462002302,43.21967802861508],[-61.45651247038562,43.247425132931546],[-61.405786956707175,43.32881663892651]]]}},{"type":"Feature","id":"15380","properties":{"MPIO":"15380","DPTO":"15","NOMBRE_MPI":"LA CAPILLA","NOMBRE_DPT":"BOYACA"},"geometry":{"type":"Polygon","coordinates":[[[-60.8497572875396,43.27702204420244],[-60.85365925013025,43.282571465065736],[-60.77366901702193,43.2862710789746],[-60.74830626018271,43.22892706338723],[-60.83610041847233,43.195630538207475],[-60.857561212720896,43.21227880079736],[-60.8497572875396,43.27702204420244]]]}},{"type":"Feature","id":"17524","properties":{"MPIO":"17524","DPTO":"17","NOMBRE_MPI":"PALESTINA","NOMBRE_DPT":"CALDAS"},"geometry":{"type":"Polygon","coordinates":[[[-63.856219463635135,43.524896176096206],[-63.832807688091236,43.52859579000507],[-63.82890572550059,43.48605023005315],[-63.74111156721097,43.42685640751136],[-63.74501352980162,43.39540968928603],[-63.80354296866136,43.39171007537717],[-63.88353320176968,43.45460351182783],[-63.856219463635135,43.524896176096206]]]}},{"type":"Feature","id":"17877","properties":{"MPIO":"17877","DPTO":"17","NOMBRE_MPI":"VITERBO","NOMBRE_DPT":"CALDAS"},"geometry":{"type":"Polygon","coordinates":[[[-64.07863133130216,43.52674598305064],[-64.07668035000684,43.48605023005315],[-64.10204310684605,43.41945717969364],[-64.113748994618,43.3639629710607],[-64.17422941477308,43.45645331878226],[-64.13911175145724,43.54524405259495],[-64.07863133130216,43.52674598305064]]]}},{"type":"Feature","id":"25426","properties":{"MPIO":"25426","DPTO":"25","NOMBRE_MPI":"MACHETA","NOMBRE_DPT":"CUNDINAMARCA"},"geometry":{"type":"Polygon","coordinates":[[[-60.923894576761946,43.19748034516191],[-60.97657107173571,43.18268188952646],[-61.04875737966273,43.11608883916694],[-61.18142410774482,43.12163826003023],[-61.140453500542996,43.15678459216443],[-61.0936299494552,43.22337764252394],[-60.99217892209831,43.295520113746754],[-60.916090651580646,43.26962281638472],[-60.923894576761946,43.19748034516191]]]}},{"type":"Feature","id":"73055","properties":{"MPIO":"73055","DPTO":"73","NOMBRE_MPI":"ARMERO","NOMBRE_DPT":"TOLIMA"},"geometry":{"type":"Polygon","coordinates":[[[-62.77342484472986,43.44350467010124],[-62.70709148068882,43.42870621446579],[-62.60759143462725,43.352864129334115],[-62.547111014472186,43.34361509456196],[-62.560767883539455,43.30661895547334],[-62.54906199576751,43.267773009430286],[-62.56662082742543,43.23817609815939],[-62.648562041829074,43.22892706338723],[-62.683679705144925,43.195630538207475],[-62.74025816270934,43.190081117344185],[-62.78513073250181,43.25852397465813],[-62.939258254832474,43.282571465065736],[-62.95486610519507,43.31216837633663],[-62.94316021742312,43.326966831972086],[-62.779277788615836,43.35471393628855],[-62.77342484472986,43.44350467010124]]]}},{"type":"Feature","id":"25807","properties":{"MPIO":"25807","DPTO":"25","NOMBRE_MPI":"TIBIRITA","NOMBRE_DPT":"CUNDINAMARCA"},"geometry":{"type":"Polygon","coordinates":[[[-60.908286726399346,43.2862710789746],[-60.8497572875396,43.27702204420244],[-60.857561212720896,43.21227880079736],[-60.867316119197525,43.20117995907077],[-60.89658083862739,43.15123517130113],[-60.923894576761946,43.19748034516191],[-60.916090651580646,43.26962281638472],[-60.908286726399346,43.2862710789746]]]}},{"type":"Feature","id":"73152","properties":{"MPIO":"73152","DPTO":"73","NOMBRE_MPI":"CASABIANCA","NOMBRE_DPT":"TOLIMA"},"geometry":{"type":"Polygon","coordinates":[[[-63.09728773975378,43.42130698664807],[-62.97632689944364,43.45460351182783],[-63.00559161887352,43.37876142669615],[-63.01729750664546,43.3639629710607],[-63.08167988939118,43.37136219887843],[-63.12850344047898,43.34176528760753],[-63.27482703762834,43.310318569382204],[-63.29823881317223,43.27332243029358],[-63.380180027575875,43.260373781612564],[-63.380180027575875,43.30846876242777],[-63.1772779728621,43.369512391924],[-63.09728773975378,43.42130698664807]]]}},{"type":"Feature","id":"66687","properties":{"MPIO":"66687","DPTO":"66","NOMBRE_MPI":"SANTUARIO","NOMBRE_DPT":"RISARALDA"},"geometry":{"type":"Polygon","coordinates":[[[-64.17422941477308,43.45645331878226],[-64.113748994618,43.3639629710607],[-64.12350390109464,43.3399154806531],[-64.28933731119724,43.42870621446579],[-64.33225889969438,43.47125177441771],[-64.420053057984,43.4472042840101],[-64.38883735725881,43.517496948278485],[-64.32640595580841,43.54339424564051],[-64.24641572270009,43.517496948278485],[-64.17422941477308,43.45645331878226]]]}},{"type":"Feature","id":"25777","properties":{"MPIO":"25777","DPTO":"25","NOMBRE_MPI":"SUPATA","NOMBRE_DPT":"CUNDINAMARCA"},"geometry":{"type":"Polygon","coordinates":[[[-61.83695382297395,43.34916451542526],[-61.792081253181486,43.33621586674424],[-61.75501260857031,43.267773009430286],[-61.83695382297395,43.23817609815939],[-61.92474798126357,43.275172237248015],[-61.926698962558895,43.27702204420244],[-61.94620877551215,43.31401818329107],[-61.83695382297395,43.34916451542526]]]}},{"type":"Feature","id":"25491","properties":{"MPIO":"25491","DPTO":"25","NOMBRE_MPI":"NOCAIMA","NOMBRE_DPT":"CUNDINAMARCA"},"geometry":{"type":"Polygon","coordinates":[[[-62.047659802869035,43.34916451542526],[-62.00473821437189,43.29921972765562],[-62.080826484889556,43.28997069288346],[-62.1003362978428,43.26962281638472],[-62.1159441482054,43.326966831972086],[-62.047659802869035,43.34916451542526]]]}},{"type":"Feature","id":"15135","properties":{"MPIO":"15135","DPTO":"15","NOMBRE_MPI":"CAMPOHERMOSO","NOMBRE_DPT":"BOYACA"},"geometry":{"type":"Polygon","coordinates":[[[-60.344453132050475,43.195630538207475],[-60.31909037521125,43.13273710175682],[-60.23519817951228,43.09759076962263],[-60.24105112339826,43.05874482357957],[-60.30933546873463,43.060594630534005],[-60.44395317811204,42.99955100103778],[-60.50833556085776,43.018049070582094],[-60.50248261697178,43.06429424444287],[-60.512237523448405,43.15493478520999],[-60.52589439251568,43.1789822756176],[-60.43810023422606,43.16603362693658],[-60.344453132050475,43.195630538207475]]]}},{"type":"Feature","id":"15798","properties":{"MPIO":"15798","DPTO":"15","NOMBRE_MPI":"TENZA","NOMBRE_DPT":"BOYACA"},"geometry":{"type":"Polygon","coordinates":[[[-60.74830626018271,43.22892706338723],[-60.71123761557154,43.204879572979635],[-60.730747428524786,43.175282661708735],[-60.83610041847233,43.18453169648089],[-60.867316119197525,43.20117995907077],[-60.857561212720896,43.21227880079736],[-60.83610041847233,43.195630538207475],[-60.74830626018271,43.22892706338723]]]}},{"type":"Feature","id":"25875","properties":{"MPIO":"25875","DPTO":"25","NOMBRE_MPI":"VILLETA","NOMBRE_DPT":"CUNDINAMARCA"},"geometry":{"type":"Polygon","coordinates":[[[-62.1159441482054,43.326966831972086],[-62.1003362978428,43.26962281638472],[-62.18422849354177,43.22337764252394],[-62.22129713815294,43.21412860775179],[-62.26226774535476,43.215978414706214],[-62.28372853960334,43.24372551902268],[-62.27592461442204,43.33436605978981],[-62.153012792816575,43.326966831972086],[-62.14911083022592,43.345464901516394],[-62.1159441482054,43.326966831972086]]]}},{"type":"Feature","id":"27491","properties":{"MPIO":"27491","DPTO":"27","NOMBRE_MPI":"NOVITA","NOMBRE_DPT":"CHOCO"},"geometry":{"type":"Polygon","coordinates":[[[-64.58588646808661,43.510097720460756],[-64.53125899181752,43.42870621446579],[-64.69904338321545,43.41205795187591],[-64.8122002983443,43.437955249237945],[-64.90194543792923,43.367662584969565],[-64.87658268109001,43.267773009430286],[-65.10874945523366,43.16973324084544],[-65.27848482792692,43.19933015211634],[-65.37798487398848,43.20117995907077],[-65.39944566823706,43.24927493988598],[-65.36627898621654,43.27887185115687],[-65.28628875310822,43.2566741677037],[-65.13606319336822,43.37136219887843],[-65.18678870704666,43.46940196746328],[-65.01705333435339,43.46385254659998],[-64.94486702642638,43.49344945787088],[-64.76342576596117,43.49344945787088],[-64.58588646808661,43.510097720460756]]]}},{"type":"Feature","id":"25736","properties":{"MPIO":"25736","DPTO":"25","NOMBRE_MPI":"SESQUILE","NOMBRE_DPT":"CUNDINAMARCA"},"geometry":{"type":"Polygon","coordinates":[[[-61.23019864012794,43.23817609815939],[-61.140453500542996,43.15678459216443],[-61.18142410774482,43.12163826003023],[-61.21654177106066,43.11608883916694],[-61.25556139696716,43.15308497825556],[-61.355061443028724,43.18638150343532],[-61.357012424324054,43.230776870341664],[-61.23800256530924,43.25482436074927],[-61.23019864012794,43.23817609815939]]]}},{"type":"Feature","id":"25769","properties":{"MPIO":"25769","DPTO":"25","NOMBRE_MPI":"SUBACHOQUE","NOMBRE_DPT":"CUNDINAMARCA"},"geometry":{"type":"Polygon","coordinates":[[[-61.66526746898537,43.27887185115687],[-61.66136550639472,43.217828221660646],[-61.70038513230122,43.21967802861508],[-61.73940475820771,43.13088729480239],[-61.80183615965811,43.09944057657706],[-61.821345972611354,43.09389115571376],[-61.88182639276643,43.17158304779987],[-61.83695382297395,43.23817609815939],[-61.75501260857031,43.267773009430286],[-61.66526746898537,43.27887185115687]]]}},{"type":"Feature","id":"17088","properties":{"MPIO":"17088","DPTO":"17","NOMBRE_MPI":"BELALCAZAR","NOMBRE_DPT":"CALDAS"},"geometry":{"type":"Polygon","coordinates":[[[-63.94401362192475,43.43980505619238],[-64.04741563057696,43.332516252835376],[-64.12350390109464,43.3399154806531],[-64.113748994618,43.3639629710607],[-64.10204310684605,43.41945717969364],[-64.01619992985177,43.46385254659998],[-63.95767049099202,43.45460351182783],[-63.94401362192475,43.43980505619238]]]}},{"type":"Feature","id":"17174","properties":{"MPIO":"17174","DPTO":"17","NOMBRE_MPI":"CHINCHINA","NOMBRE_DPT":"CALDAS"},"geometry":{"type":"Polygon","coordinates":[[[-63.94401362192475,43.43980505619238],[-63.88353320176968,43.45460351182783],[-63.80354296866136,43.39171007537717],[-63.74501352980162,43.39540968928603],[-63.727454698143696,43.373212005832855],[-63.73135666073435,43.31956760415436],[-63.82110180031928,43.35656374324298],[-63.87377829529306,43.32511702501765],[-63.9166998837902,43.35841355019741],[-63.94401362192475,43.43980505619238]]]}},{"type":"Feature","id":"85139","properties":{"MPIO":"85139","DPTO":"85","NOMBRE_MPI":"MANI","NOMBRE_DPT":"CASANARE"},"geometry":{"type":"Polygon","coordinates":[[[-59.32604089589093,43.05874482357957],[-59.26556047573585,43.040246754035266],[-59.20898201817143,42.947756406313715],[-59.07046234620337,42.868214707273175],[-58.931942674235316,42.78682320127821],[-58.87146225408024,42.71283092310097],[-58.81488379651582,42.6850838187845],[-58.72513865693088,42.57039578760977],[-58.58076604107684,42.48160505379708],[-58.70367786268231,42.463106984252775],[-58.922187767758686,42.33547030439703],[-59.043148608068826,42.328071076579306],[-59.058756458431425,42.3576679878502],[-59.072413327498694,42.383565285212235],[-59.28897225127975,42.398363740847685],[-59.31823697070962,42.418711617346425],[-59.42358996065717,42.42056142430086],[-59.622590052780296,42.56669617370091],[-59.653805753505495,42.66473594228576],[-59.64600182832419,42.70728150223767],[-59.68307047293536,42.833068375138986],[-59.653805753505495,42.85711586554659],[-59.53479589449068,42.87006451422761],[-59.44309977361041,42.84231740991114],[-59.419687998066514,42.87191432118204],[-59.476266455630935,42.9348077576327],[-59.50748215635613,43.0124996497188],[-59.44895271749638,42.98475254540233],[-59.31823697070962,42.99955100103778],[-59.32604089589093,43.05874482357957]]]}},{"type":"Feature","id":"66383","properties":{"MPIO":"66383","DPTO":"66","NOMBRE_MPI":"LA CELIA","NOMBRE_DPT":"RISARALDA"},"geometry":{"type":"Polygon","coordinates":[[[-64.420053057984,43.4472042840101],[-64.33225889969438,43.47125177441771],[-64.28933731119724,43.42870621446579],[-64.33030791839906,43.36581277801513],[-64.36737656301024,43.41205795187591],[-64.45517072129985,43.40465872405819],[-64.420053057984,43.4472042840101]]]}},{"type":"Feature","id":"25402","properties":{"MPIO":"25402","DPTO":"25","NOMBRE_MPI":"LA VEGA","NOMBRE_DPT":"CUNDINAMARCA"},"geometry":{"type":"Polygon","coordinates":[[[-62.080826484889556,43.28997069288346],[-62.00473821437189,43.29921972765562],[-61.926698962558895,43.27702204420244],[-61.92474798126357,43.275172237248015],[-61.97352251364669,43.23817609815939],[-61.95596368198877,43.16233401302772],[-62.00278723307656,43.13458690871125],[-62.047659802869035,43.145685750437835],[-62.088630410070856,43.215978414706214],[-62.080826484889556,43.28997069288346]]]}},{"type":"Feature","id":"15322","properties":{"MPIO":"15322","DPTO":"15","NOMBRE_MPI":"GUATEQUE","NOMBRE_DPT":"BOYACA"},"geometry":{"type":"Polygon","coordinates":[[[-60.867316119197525,43.20117995907077],[-60.83610041847233,43.18453169648089],[-60.80683569904245,43.12163826003023],[-60.826345511995704,43.12163826003023],[-60.90048280121805,43.140136329574545],[-60.89658083862739,43.15123517130113],[-60.867316119197525,43.20117995907077]]]}},{"type":"Feature","id":"66440","properties":{"MPIO":"66440","DPTO":"66","NOMBRE_MPI":"MARSELLA","NOMBRE_DPT":"RISARALDA"},"geometry":{"type":"Polygon","coordinates":[[[-63.94401362192475,43.43980505619238],[-63.9166998837902,43.35841355019741],[-63.87377829529306,43.32511702501765],[-63.8776802578837,43.280721658111304],[-63.93035675285748,43.27332243029358],[-64.06302348093956,43.30661895547334],[-64.04741563057696,43.332516252835376],[-63.94401362192475,43.43980505619238]]]}},{"type":"Feature","id":"17873","properties":{"MPIO":"17873","DPTO":"17","NOMBRE_MPI":"VILLAMARIA","NOMBRE_DPT":"CALDAS"},"geometry":{"type":"Polygon","coordinates":[[[-63.727454698143696,43.373212005832855],[-63.622101708196155,43.41575756578477],[-63.40359180311978,43.37691161974172],[-63.36067021462263,43.3935598823316],[-63.380180027575875,43.30846876242777],[-63.380180027575875,43.260373781612564],[-63.380180027575875,43.23447648425053],[-63.46797418586549,43.180832082572024],[-63.59673895135693,43.295520113746754],[-63.73135666073435,43.31956760415436],[-63.727454698143696,43.373212005832855]]]}},{"type":"Feature","id":"25436","properties":{"MPIO":"25436","DPTO":"25","NOMBRE_MPI":"MANTA","NOMBRE_DPT":"CUNDINAMARCA"},"geometry":{"type":"Polygon","coordinates":[[[-60.923894576761946,43.19748034516191],[-60.89658083862739,43.15123517130113],[-60.90048280121805,43.140136329574545],[-60.953159296191814,43.06244443748844],[-61.04875737966273,43.11608883916694],[-60.97657107173571,43.18268188952646],[-60.923894576761946,43.19748034516191]]]}},{"type":"Feature","id":"73870","properties":{"MPIO":"73870","DPTO":"73","NOMBRE_MPI":"VILLAHERMOSA","NOMBRE_DPT":"TOLIMA"},"geometry":{"type":"Polygon","coordinates":[[[-63.01729750664546,43.3639629710607],[-62.95486610519507,43.31216837633663],[-62.939258254832474,43.282571465065736],[-63.029003394417416,43.2862710789746],[-63.1460622721369,43.247425132931546],[-63.380180027575875,43.23447648425053],[-63.380180027575875,43.260373781612564],[-63.29823881317223,43.27332243029358],[-63.27482703762834,43.310318569382204],[-63.12850344047898,43.34176528760753],[-63.08167988939118,43.37136219887843],[-63.01729750664546,43.3639629710607]]]}},{"type":"Feature","id":"15425","properties":{"MPIO":"15425","DPTO":"15","NOMBRE_MPI":"MACANAL","NOMBRE_DPT":"BOYACA"},"geometry":{"type":"Polygon","coordinates":[[[-60.512237523448405,43.15493478520999],[-60.50248261697178,43.06429424444287],[-60.6214924759866,43.018049070582094],[-60.70928663427621,43.05134559576185],[-60.705384671685565,43.13088729480239],[-60.512237523448405,43.15493478520999]]]}},{"type":"Feature","id":"15778","properties":{"MPIO":"15778","DPTO":"15","NOMBRE_MPI":"SUTATENZA","NOMBRE_DPT":"BOYACA"},"geometry":{"type":"Polygon","coordinates":[[[-60.730747428524786,43.175282661708735],[-60.738551353706086,43.14198613652897],[-60.80683569904245,43.12163826003023],[-60.83610041847233,43.18453169648089],[-60.730747428524786,43.175282661708735]]]}},{"type":"Feature","id":"25295","properties":{"MPIO":"25295","DPTO":"25","NOMBRE_MPI":"GACHANCIPA","NOMBRE_DPT":"CUNDINAMARCA"},"geometry":{"type":"Polygon","coordinates":[[[-61.43114971354639,43.217828221660646],[-61.357012424324054,43.230776870341664],[-61.355061443028724,43.18638150343532],[-61.3921300876399,43.15123517130113],[-61.43114971354639,43.217828221660646]]]}},{"type":"Feature","id":"25718","properties":{"MPIO":"25718","DPTO":"25","NOMBRE_MPI":"SASAIMA","NOMBRE_DPT":"CUNDINAMARCA"},"geometry":{"type":"Polygon","coordinates":[[[-62.1003362978428,43.26962281638472],[-62.080826484889556,43.28997069288346],[-62.088630410070856,43.215978414706214],[-62.047659802869035,43.145685750437835],[-62.127650035977354,43.13828652262011],[-62.18422849354177,43.22337764252394],[-62.1003362978428,43.26962281638472]]]}},{"type":"Feature","id":"25658","properties":{"MPIO":"25658","DPTO":"25","NOMBRE_MPI":"SAN FRANCISCO","NOMBRE_DPT":"CUNDINAMARCA"},"geometry":{"type":"Polygon","coordinates":[[[-61.92474798126357,43.275172237248015],[-61.83695382297395,43.23817609815939],[-61.88182639276643,43.17158304779987],[-61.94620877551215,43.11608883916694],[-62.00278723307656,43.13458690871125],[-61.95596368198877,43.16233401302772],[-61.97352251364669,43.23817609815939],[-61.92474798126357,43.275172237248015]]]}},{"type":"Feature","id":"85162","properties":{"MPIO":"85162","DPTO":"85","NOMBRE_MPI":"MONTERREY","NOMBRE_DPT":"CASANARE"},"geometry":{"type":"Polygon","coordinates":[[[-60.079119675886304,43.104989997440356],[-60.01863925573123,43.07354327921502],[-59.973766685938756,42.99400158017449],[-59.911335284488366,42.95145602022257],[-59.87426663987719,42.74982706218959],[-59.958158835576164,42.71653053700983],[-60.004982386663954,42.76462551782504],[-60.086923601067596,42.796072236050364],[-60.19617855360579,42.87376412813647],[-60.207884441377736,42.932957950678265],[-60.14935500251799,43.01989887753653],[-60.18837462842449,43.0661440513973],[-60.079119675886304,43.104989997440356]]]}},{"type":"Feature","id":"25817","properties":{"MPIO":"25817","DPTO":"25","NOMBRE_MPI":"TOCANCIPA","NOMBRE_DPT":"CUNDINAMARCA"},"geometry":{"type":"Polygon","coordinates":[[[-61.43114971354639,43.217828221660646],[-61.3921300876399,43.15123517130113],[-61.41749284447912,43.13273710175682],[-61.45065952649964,43.11423903221251],[-61.550159572561206,43.18268188952646],[-61.47797326463419,43.175282661708735],[-61.44090462002302,43.21967802861508],[-61.43114971354639,43.217828221660646]]]}},{"type":"Feature","id":"66075","properties":{"MPIO":"66075","DPTO":"66","NOMBRE_MPI":"BALBOA","NOMBRE_DPT":"RISARALDA"},"geometry":{"type":"Polygon","coordinates":[[[-64.28933731119724,43.42870621446579],[-64.12350390109464,43.3399154806531],[-64.14886665793385,43.297369920701186],[-64.18788628384036,43.27887185115687],[-64.28348436731126,43.29921972765562],[-64.33030791839906,43.36581277801513],[-64.28933731119724,43.42870621446579]]]}},{"type":"Feature","id":"25168","properties":{"MPIO":"25168","DPTO":"25","NOMBRE_MPI":"CHAGUANI","NOMBRE_DPT":"CUNDINAMARCA"},"geometry":{"type":"Polygon","coordinates":[[[-62.560767883539455,43.30661895547334],[-62.32469914680516,43.27332243029358],[-62.31494424032853,43.24372551902268],[-62.35786582882568,43.175282661708735],[-62.43590508063867,43.18453169648089],[-62.54906199576751,43.267773009430286],[-62.560767883539455,43.30661895547334]]]}},{"type":"Feature","id":"15761","properties":{"MPIO":"15761","DPTO":"15","NOMBRE_MPI":"SOMONDOCO","NOMBRE_DPT":"BOYACA"},"geometry":{"type":"Polygon","coordinates":[[[-60.738551353706086,43.14198613652897],[-60.72489448463881,43.13458690871125],[-60.810737661633105,43.03099771926311],[-60.88682593215077,43.040246754035266],[-60.826345511995704,43.12163826003023],[-60.80683569904245,43.12163826003023],[-60.738551353706086,43.14198613652897]]]}},{"type":"Feature","id":"25785","properties":{"MPIO":"25785","DPTO":"25","NOMBRE_MPI":"TABIO","NOMBRE_DPT":"CUNDINAMARCA"},"geometry":{"type":"Polygon","coordinates":[[[-61.60088508623965,43.18268188952646],[-61.671120412871346,43.11608883916694],[-61.73940475820771,43.13088729480239],[-61.70038513230122,43.21967802861508],[-61.66136550639472,43.217828221660646],[-61.60088508623965,43.18268188952646]]]}},{"type":"Feature","id":"27660","properties":{"MPIO":"27660","DPTO":"27","NOMBRE_MPI":"SAN JOSE DEL PALMAR","NOMBRE_DPT":"CHOCO"},"geometry":{"type":"Polygon","coordinates":[[[-64.47663151554842,43.40835833796705],[-64.57418058031466,43.30106953461005],[-64.60539628103986,43.275172237248015],[-64.74586693430325,43.23632629120496],[-64.87658268109001,43.267773009430286],[-64.90194543792923,43.367662584969565],[-64.8122002983443,43.437955249237945],[-64.69904338321545,43.41205795187591],[-64.53125899181752,43.42870621446579],[-64.47663151554842,43.40835833796705]]]}},{"type":"Feature","id":"15022","properties":{"MPIO":"15022","DPTO":"15","NOMBRE_MPI":"ALMEIDA","NOMBRE_DPT":"BOYACA"},"geometry":{"type":"Polygon","coordinates":[[[-60.72489448463881,43.13458690871125],[-60.705384671685565,43.13088729480239],[-60.70928663427621,43.05134559576185],[-60.810737661633105,43.03099771926311],[-60.72489448463881,43.13458690871125]]]}},{"type":"Feature","id":"25326","properties":{"MPIO":"25326","DPTO":"25","NOMBRE_MPI":"GUATAVITA","NOMBRE_DPT":"CUNDINAMARCA"},"geometry":{"type":"Polygon","coordinates":[[[-61.355061443028724,43.18638150343532],[-61.25556139696716,43.15308497825556],[-61.21654177106066,43.11608883916694],[-61.28872807898768,43.04949578880742],[-61.35896340561938,43.067993858351734],[-61.41749284447912,43.13273710175682],[-61.3921300876399,43.15123517130113],[-61.355061443028724,43.18638150343532]]]}},{"type":"Feature","id":"76243","properties":{"MPIO":"76243","DPTO":"76","NOMBRE_MPI":"EL AGUILA","NOMBRE_DPT":"VALLE DEL CAUCA"},"geometry":{"type":"Polygon","coordinates":[[[-64.47663151554842,43.40835833796705],[-64.45517072129985,43.40465872405819],[-64.36737656301024,43.41205795187591],[-64.33030791839906,43.36581277801513],[-64.28348436731126,43.29921972765562],[-64.33616086228504,43.26407339552142],[-64.56247469254271,43.27887185115687],[-64.57418058031466,43.30106953461005],[-64.47663151554842,43.40835833796705]]]}},{"type":"Feature","id":"15325","properties":{"MPIO":"15325","DPTO":"15","NOMBRE_MPI":"GUAYATA","NOMBRE_DPT":"BOYACA"},"geometry":{"type":"Polygon","coordinates":[[[-60.826345511995704,43.12163826003023],[-60.88682593215077,43.040246754035266],[-60.929747520647915,43.0420965609897],[-60.953159296191814,43.06244443748844],[-60.90048280121805,43.140136329574545],[-60.826345511995704,43.12163826003023]]]}},{"type":"Feature","id":"85300","properties":{"MPIO":"85300","DPTO":"85","NOMBRE_MPI":"SABANALARGA","NOMBRE_DPT":"CASANARE"},"geometry":{"type":"Polygon","coordinates":[[[-60.18837462842449,43.0661440513973],[-60.14935500251799,43.01989887753653],[-60.207884441377736,42.932957950678265],[-60.19617855360579,42.87376412813647],[-60.086923601067596,42.796072236050364],[-60.20203149749176,42.783123587369346],[-60.295678599667355,42.746127448280724],[-60.32494331909723,42.77942397346048],[-60.3229923378019,42.82751895427569],[-60.33469822557385,42.89596181158964],[-60.29177663707671,42.947756406313715],[-60.24105112339826,43.05874482357957],[-60.18837462842449,43.0661440513973]]]}},{"type":"Feature","id":"25126","properties":{"MPIO":"25126","DPTO":"25","NOMBRE_MPI":"CAJICA","NOMBRE_DPT":"CUNDINAMARCA"},"geometry":{"type":"Polygon","coordinates":[[[-61.55601251644718,43.18453169648089],[-61.56966938551446,43.125337873939095],[-61.6125909740116,43.0957409626682],[-61.671120412871346,43.11608883916694],[-61.60088508623965,43.18268188952646],[-61.55601251644718,43.18453169648089]]]}},{"type":"Feature","id":"25662","properties":{"MPIO":"25662","DPTO":"25","NOMBRE_MPI":"SAN JUAN DE RIO SECO","NOMBRE_DPT":"CUNDINAMARCA"},"geometry":{"type":"Polygon","coordinates":[[[-62.54906199576751,43.267773009430286],[-62.43590508063867,43.18453169648089],[-62.35786582882568,43.175282661708735],[-62.34811092234905,43.07909270007832],[-62.392983492141525,43.023598491445384],[-62.45931685618257,43.018049070582094],[-62.52565022022361,43.05134559576185],[-62.49443451949841,43.11423903221251],[-62.61734634110388,43.13643671566568],[-62.56662082742543,43.23817609815939],[-62.54906199576751,43.267773009430286]]]}},{"type":"Feature","id":"66682","properties":{"MPIO":"66682","DPTO":"66","NOMBRE_MPI":"SANTA ROSA DE CABAL","NOMBRE_DPT":"RISARALDA"},"geometry":{"type":"Polygon","coordinates":[[[-63.87377829529306,43.32511702501765],[-63.82110180031928,43.35656374324298],[-63.73135666073435,43.31956760415436],[-63.59673895135693,43.295520113746754],[-63.46797418586549,43.180832082572024],[-63.46797418586549,43.15678459216443],[-63.63380759596811,43.10868961134921],[-63.76452334275487,43.12903748784796],[-63.805493949956684,43.15123517130113],[-63.78598413700344,43.23632629120496],[-63.8776802578837,43.280721658111304],[-63.87377829529306,43.32511702501765]]]}},{"type":"Feature","id":"25867","properties":{"MPIO":"25867","DPTO":"25","NOMBRE_MPI":"VIANI","NOMBRE_DPT":"CUNDINAMARCA"},"geometry":{"type":"Polygon","coordinates":[[[-62.28372853960334,43.24372551902268],[-62.26226774535476,43.215978414706214],[-62.27592461442204,43.16788343389101],[-62.30714031514724,43.16603362693658],[-62.34811092234905,43.07909270007832],[-62.35786582882568,43.175282661708735],[-62.31494424032853,43.24372551902268],[-62.28372853960334,43.24372551902268]]]}},{"type":"Feature","id":"25758","properties":{"MPIO":"25758","DPTO":"25","NOMBRE_MPI":"SOPO","NOMBRE_DPT":"CUNDINAMARCA"},"geometry":{"type":"Polygon","coordinates":[[[-61.55601251644718,43.18453169648089],[-61.550159572561206,43.18268188952646],[-61.45065952649964,43.11423903221251],[-61.47016933945289,43.05689501662515],[-61.532600740903284,43.010649842764366],[-61.58527723587706,43.023598491445384],[-61.56966938551446,43.125337873939095],[-61.55601251644718,43.18453169648089]]]}},{"type":"Feature","id":"15667","properties":{"MPIO":"15667","DPTO":"15","NOMBRE_MPI":"SAN LUIS DE GACENO","NOMBRE_DPT":"BOYACA"},"geometry":{"type":"Polygon","coordinates":[[[-60.50833556085776,43.018049070582094],[-60.44395317811204,42.99955100103778],[-60.30933546873463,43.060594630534005],[-60.24105112339826,43.05874482357957],[-60.29177663707671,42.947756406313715],[-60.33469822557385,42.89596181158964],[-60.3229923378019,42.82751895427569],[-60.41273747738684,42.77017493868833],[-60.506384579562436,42.77757416650606],[-60.535649298992304,42.8164201125491],[-60.51028654215308,42.91445988113395],[-60.52979635510633,42.96255486194916],[-60.50833556085776,43.018049070582094]]]}},{"type":"Feature","id":"73411","properties":{"MPIO":"73411","DPTO":"73","NOMBRE_MPI":"LIBANO","NOMBRE_DPT":"TOLIMA"},"geometry":{"type":"Polygon","coordinates":[[[-62.939258254832474,43.282571465065736],[-62.937307273537144,43.125337873939095],[-62.9412092361278,43.1197884530758],[-63.114846571411704,43.07909270007832],[-63.18703287933872,43.090191541804906],[-63.1460622721369,43.247425132931546],[-63.029003394417416,43.2862710789746],[-62.939258254832474,43.282571465065736]]]}},{"type":"Feature","id":"73408","properties":{"MPIO":"73408","DPTO":"73","NOMBRE_MPI":"LERIDA","NOMBRE_DPT":"TOLIMA"},"geometry":{"type":"Polygon","coordinates":[[[-62.683679705144925,43.195630538207475],[-62.779277788615836,43.08649192789604],[-62.818297414522334,43.07724289312389],[-62.937307273537144,43.125337873939095],[-62.939258254832474,43.282571465065736],[-62.78513073250181,43.25852397465813],[-62.74025816270934,43.190081117344185],[-62.683679705144925,43.195630538207475]]]}},{"type":"Feature","id":"25019","properties":{"MPIO":"25019","DPTO":"25","NOMBRE_MPI":"ALBAN","NOMBRE_DPT":"CUNDINAMARCA"},"geometry":{"type":"Polygon","coordinates":[[[-62.22129713815294,43.21412860775179],[-62.18422849354177,43.22337764252394],[-62.127650035977354,43.13828652262011],[-62.1393559237493,43.09944057657706],[-62.19203241872307,43.103140190485924],[-62.22129713815294,43.21412860775179]]]}},{"type":"Feature","id":"25297","properties":{"MPIO":"25297","DPTO":"25","NOMBRE_MPI":"GACHETA","NOMBRE_DPT":"CUNDINAMARCA"},"geometry":{"type":"Polygon","coordinates":[[[-61.18142410774482,43.12163826003023],[-61.04875737966273,43.11608883916694],[-60.953159296191814,43.06244443748844],[-60.929747520647915,43.0420965609897],[-60.96876714655441,42.95700544108587],[-61.04095345448143,42.94590659935928],[-61.07607111779728,42.96070505499473],[-61.122894668885074,42.98660235235676],[-61.25556139696716,43.003250614946644],[-61.28872807898768,43.04949578880742],[-61.21654177106066,43.11608883916694],[-61.18142410774482,43.12163826003023]]]}},{"type":"Feature","id":"25328","properties":{"MPIO":"25328","DPTO":"25","NOMBRE_MPI":"GUAYABAL DE  SIQUIMA","NOMBRE_DPT":"CUNDINAMARCA"},"geometry":{"type":"Polygon","coordinates":[[[-62.26226774535476,43.215978414706214],[-62.22129713815294,43.21412860775179],[-62.19203241872307,43.103140190485924],[-62.26226774535476,43.0957409626682],[-62.27592461442204,43.16788343389101],[-62.26226774535476,43.215978414706214]]]}},{"type":"Feature","id":"15690","properties":{"MPIO":"15690","DPTO":"15","NOMBRE_MPI":"SANTA MARIA","NOMBRE_DPT":"BOYACA"},"geometry":{"type":"Polygon","coordinates":[[[-60.50248261697178,43.06429424444287],[-60.50833556085776,43.018049070582094],[-60.52979635510633,42.96255486194916],[-60.51028654215308,42.91445988113395],[-60.535649298992304,42.8164201125491],[-60.506384579562436,42.77757416650606],[-60.57271794360348,42.80162165691365],[-60.5746689248988,42.84416721686557],[-60.67026700836972,42.85711586554659],[-60.70343369039024,42.910760267225086],[-60.6214924759866,43.018049070582094],[-60.50248261697178,43.06429424444287]]]}},{"type":"Feature","id":"73030","properties":{"MPIO":"73030","DPTO":"73","NOMBRE_MPI":"AMBALEMA","NOMBRE_DPT":"TOLIMA"},"geometry":{"type":"Polygon","coordinates":[[[-62.683679705144925,43.195630538207475],[-62.648562041829074,43.22892706338723],[-62.56662082742543,43.23817609815939],[-62.61734634110388,43.13643671566568],[-62.61734634110388,43.080942507032745],[-62.71489540587012,43.0365471401264],[-62.75001306918597,43.02174868449096],[-62.818297414522334,43.07724289312389],[-62.779277788615836,43.08649192789604],[-62.683679705144925,43.195630538207475]]]}},{"type":"Feature","id":"66400","properties":{"MPIO":"66400","DPTO":"66","NOMBRE_MPI":"LA VIRGINIA","NOMBRE_DPT":"RISARALDA"},"geometry":{"type":"Polygon","coordinates":[[[-64.12350390109464,43.3399154806531],[-64.04741563057696,43.332516252835376],[-64.06302348093956,43.30661895547334],[-64.14886665793385,43.297369920701186],[-64.12350390109464,43.3399154806531]]]}},{"type":"Feature","id":"25322","properties":{"MPIO":"25322","DPTO":"25","NOMBRE_MPI":"GUASCA","NOMBRE_DPT":"CUNDINAMARCA"},"geometry":{"type":"Polygon","coordinates":[[[-61.45065952649964,43.11423903221251],[-61.41749284447912,43.13273710175682],[-61.35896340561938,43.067993858351734],[-61.28872807898768,43.04949578880742],[-61.25556139696716,43.003250614946644],[-61.23995354660456,42.92555872286054],[-61.32774770489418,42.9052108463618],[-61.368718312096,42.91445988113395],[-61.532600740903284,43.010649842764366],[-61.47016933945289,43.05689501662515],[-61.45065952649964,43.11423903221251]]]}},{"type":"Feature","id":"25260","properties":{"MPIO":"25260","DPTO":"25","NOMBRE_MPI":"EL ROSAL","NOMBRE_DPT":"CUNDINAMARCA"},"geometry":{"type":"Polygon","coordinates":[[[-61.88182639276643,43.17158304779987],[-61.821345972611354,43.09389115571376],[-61.90914013090097,43.06429424444287],[-61.94620877551215,43.11608883916694],[-61.88182639276643,43.17158304779987]]]}},{"type":"Feature","id":"15236","properties":{"MPIO":"15236","DPTO":"15","NOMBRE_MPI":"CHIVOR","NOMBRE_DPT":"BOYACA"},"geometry":{"type":"Polygon","coordinates":[[[-60.6214924759866,43.018049070582094],[-60.70343369039024,42.910760267225086],[-60.70928663427621,42.91445988113395],[-60.74830626018271,42.932957950678265],[-60.75220822277336,42.99955100103778],[-60.810737661633105,43.03099771926311],[-60.70928663427621,43.05134559576185],[-60.6214924759866,43.018049070582094]]]}},{"type":"Feature","id":"25175","properties":{"MPIO":"25175","DPTO":"25","NOMBRE_MPI":"CHIA","NOMBRE_DPT":"CUNDINAMARCA"},"geometry":{"type":"Polygon","coordinates":[[[-61.671120412871346,43.11608883916694],[-61.6125909740116,43.0957409626682],[-61.56966938551446,43.125337873939095],[-61.58527723587706,43.023598491445384],[-61.68282630064329,43.045796174898555],[-61.71209102007317,43.069843665306166],[-61.671120412871346,43.11608883916694]]]}},{"type":"Feature","id":"73461","properties":{"MPIO":"73461","DPTO":"73","NOMBRE_MPI":"MURILLO","NOMBRE_DPT":"TOLIMA"},"geometry":{"type":"Polygon","coordinates":[[[-63.1460622721369,43.247425132931546],[-63.18703287933872,43.090191541804906],[-63.27287605633302,43.125337873939095],[-63.46797418586549,43.15678459216443],[-63.46797418586549,43.180832082572024],[-63.380180027575875,43.23447648425053],[-63.1460622721369,43.247425132931546]]]}},{"type":"Feature","id":"66001","properties":{"MPIO":"66001","DPTO":"66","NOMBRE_MPI":"PEREIRA","NOMBRE_DPT":"RISARALDA"},"geometry":{"type":"Polygon","coordinates":[[[-64.14886665793385,43.297369920701186],[-64.06302348093956,43.30661895547334],[-63.93035675285748,43.27332243029358],[-63.87377829529306,43.24187571206825],[-63.805493949956684,43.15123517130113],[-63.76452334275487,43.12903748784796],[-63.63380759596811,43.10868961134921],[-63.46797418586549,43.15678459216443],[-63.48943498011407,43.07909270007832],[-63.60454287653823,43.055045209670716],[-63.75281745498292,43.08464212094161],[-63.9323077341528,43.11608883916694],[-64.10984703202736,43.14198613652897],[-64.11960193850398,43.18638150343532],[-64.20154315290762,43.17713246866317],[-64.21910198456555,43.230776870341664],[-64.18788628384036,43.27887185115687],[-64.14886665793385,43.297369920701186]]]}},{"type":"Feature","id":"25799","properties":{"MPIO":"25799","DPTO":"25","NOMBRE_MPI":"TENJO","NOMBRE_DPT":"CUNDINAMARCA"},"geometry":{"type":"Polygon","coordinates":[[[-61.671120412871346,43.11608883916694],[-61.71209102007317,43.069843665306166],[-61.78427732800019,43.03099771926311],[-61.80964008483941,42.988452159311194],[-61.862316579813175,43.03284752621754],[-61.80183615965811,43.09944057657706],[-61.73940475820771,43.13088729480239],[-61.671120412871346,43.11608883916694]]]}},{"type":"Feature","id":"25095","properties":{"MPIO":"25095","DPTO":"25","NOMBRE_MPI":"BITUIMA","NOMBRE_DPT":"CUNDINAMARCA"},"geometry":{"type":"Polygon","coordinates":[[[-62.27592461442204,43.16788343389101],[-62.26226774535476,43.0957409626682],[-62.30323835255658,43.067993858351734],[-62.34811092234905,43.07909270007832],[-62.30714031514724,43.16603362693658],[-62.27592461442204,43.16788343389101]]]}},{"type":"Feature","id":"25269","properties":{"MPIO":"25269","DPTO":"25","NOMBRE_MPI":"FACATATIVA","NOMBRE_DPT":"CUNDINAMARCA"},"geometry":{"type":"Polygon","coordinates":[[[-62.00278723307656,43.13458690871125],[-61.94620877551215,43.11608883916694],[-61.90914013090097,43.06429424444287],[-62.00278723307656,43.03469733317198],[-62.06521863452696,43.02729810535425],[-62.117895129500724,43.06429424444287],[-62.1393559237493,43.09944057657706],[-62.127650035977354,43.13828652262011],[-62.047659802869035,43.145685750437835],[-62.00278723307656,43.13458690871125]]]}},{"type":"Feature","id":"66170","properties":{"MPIO":"66170","DPTO":"66","NOMBRE_MPI":"DOSQUEBRADAS","NOMBRE_DPT":"RISARALDA"},"geometry":{"type":"Polygon","coordinates":[[[-63.8776802578837,43.280721658111304],[-63.78598413700344,43.23632629120496],[-63.805493949956684,43.15123517130113],[-63.87377829529306,43.24187571206825],[-63.93035675285748,43.27332243029358],[-63.8776802578837,43.280721658111304]]]}},{"type":"Feature","id":"25839","properties":{"MPIO":"25839","DPTO":"25","NOMBRE_MPI":"UBALA","NOMBRE_DPT":"CUNDINAMARCA"},"geometry":{"type":"Polygon","coordinates":[[[-60.929747520647915,43.0420965609897],[-60.88682593215077,43.040246754035266],[-60.810737661633105,43.03099771926311],[-60.75220822277336,42.99955100103778],[-60.74830626018271,42.932957950678265],[-60.795129811270506,42.89226219768078],[-60.97657107173571,42.86636490031874],[-61.04095345448143,42.94590659935928],[-60.96876714655441,42.95700544108587],[-60.929747520647915,43.0420965609897]]]}},{"type":"Feature","id":"76041","properties":{"MPIO":"76041","DPTO":"76","NOMBRE_MPI":"ANSERMANUEVO","NOMBRE_DPT":"VALLE DEL CAUCA"},"geometry":{"type":"Polygon","coordinates":[[[-64.18788628384036,43.27887185115687],[-64.21910198456555,43.230776870341664],[-64.29128829249257,43.21412860775179],[-64.35567067523829,43.13088729480239],[-64.4824844594344,43.140136329574545],[-64.47663151554842,43.17158304779987],[-64.56637665513337,43.24187571206825],[-64.56247469254271,43.27887185115687],[-64.33616086228504,43.26407339552142],[-64.28348436731126,43.29921972765562],[-64.18788628384036,43.27887185115687]]]}},{"type":"Feature","id":"50568","properties":{"MPIO":"50568","DPTO":"50","NOMBRE_MPI":"PUERTO GAITAN","NOMBRE_DPT":"META"},"geometry":{"type":"Polygon","coordinates":[[[-57.64624600061626,42.50010312334139],[-57.76330487833575,42.02285292909818],[-57.95450104527758,41.19413941351306],[-58.04034422227187,41.24778381519155],[-58.09106973595032,41.30697763773335],[-58.198373707193184,41.30697763773335],[-58.32323651009397,41.36247184636628],[-58.457854219471386,41.35877223245742],[-58.64514842382256,41.39761817850047],[-58.857805385012966,41.37912010895616],[-58.922187767758686,41.342123969867544],[-59.03144272029688,41.36802126722957],[-59.066560383612725,41.41241663413592],[-59.14850159801637,41.414266441090355],[-59.44114879231509,41.39576837154604],[-59.48016841822158,41.36617146027514],[-59.64795280961952,41.39576837154604],[-59.68892341682134,41.454962194087834],[-59.61283514630367,41.57889926003472],[-59.53479589449068,41.63254366171322],[-59.48797234340288,41.76757956938668],[-59.411884072885215,41.893366442288],[-59.324089914595596,41.898915863151295],[-59.24605066278261,42.03765138473362],[-59.179717298741565,42.056149454277936],[-59.17581533615091,42.17268729240709],[-59.249952625373254,42.22263208017673],[-59.17581533615091,42.341019725260324],[-59.058756458431425,42.3576679878502],[-59.043148608068826,42.328071076579306],[-58.922187767758686,42.33547030439703],[-58.70367786268231,42.463106984252775],[-58.58076604107684,42.48160505379708],[-58.41883459356489,42.50935215811354],[-58.317383566207994,42.55189771806546],[-58.11448151149422,42.57964482238193],[-58.011079502842,42.605542119743966],[-57.780863709993675,42.640688451878155],[-57.62088324377704,42.68693362573893],[-57.64624600061626,42.50010312334139]]]}},{"type":"Feature","id":"25430","properties":{"MPIO":"25430","DPTO":"25","NOMBRE_MPI":"MADRID","NOMBRE_DPT":"CUNDINAMARCA"},"geometry":{"type":"Polygon","coordinates":[[[-61.821345972611354,43.09389115571376],[-61.80183615965811,43.09944057657706],[-61.862316579813175,43.03284752621754],[-61.90914013090097,43.023598491445384],[-61.90914013090097,42.97180389672131],[-61.991081345304615,42.932957950678265],[-62.00278723307656,43.03469733317198],[-61.90914013090097,43.06429424444287],[-61.821345972611354,43.09389115571376]]]}},{"type":"Feature","id":"76246","properties":{"MPIO":"76246","DPTO":"76","NOMBRE_MPI":"EL CAIRO","NOMBRE_DPT":"VALLE DEL CAUCA"},"geometry":{"type":"Polygon","coordinates":[[[-64.57418058031466,43.30106953461005],[-64.56247469254271,43.27887185115687],[-64.56637665513337,43.24187571206825],[-64.68538651414818,43.18638150343532],[-64.7185531961687,43.145685750437835],[-64.81610226093494,43.1789822756176],[-64.74586693430325,43.23632629120496],[-64.60539628103986,43.275172237248015],[-64.57418058031466,43.30106953461005]]]}},{"type":"Feature","id":"25214","properties":{"MPIO":"25214","DPTO":"25","NOMBRE_MPI":"COTA","NOMBRE_DPT":"CUNDINAMARCA"},"geometry":{"type":"Polygon","coordinates":[[[-61.71209102007317,43.069843665306166],[-61.68282630064329,43.045796174898555],[-61.799885178362786,42.95515563413144],[-61.80964008483941,42.988452159311194],[-61.78427732800019,43.03099771926311],[-61.71209102007317,43.069843665306166]]]}},{"type":"Feature","id":"25086","properties":{"MPIO":"25086","DPTO":"25","NOMBRE_MPI":"BELTRAN","NOMBRE_DPT":"CUNDINAMARCA"},"geometry":{"type":"Polygon","coordinates":[[[-62.61734634110388,43.13643671566568],[-62.49443451949841,43.11423903221251],[-62.52565022022361,43.05134559576185],[-62.59003260296933,43.0420965609897],[-62.61734634110388,42.96995408976689],[-62.59978750944595,42.9292583367694],[-62.61734634110388,42.89966142549851],[-62.72660129364207,42.92000930199725],[-62.69343461162155,42.953305827177005],[-62.71489540587012,43.0365471401264],[-62.61734634110388,43.080942507032745],[-62.61734634110388,43.13643671566568]]]}},{"type":"Feature","id":"25040","properties":{"MPIO":"25040","DPTO":"25","NOMBRE_MPI":"ANOLAIMA","NOMBRE_DPT":"CUNDINAMARCA"},"geometry":{"type":"Polygon","coordinates":[[[-62.1393559237493,43.09944057657706],[-62.117895129500724,43.06429424444287],[-62.151061811521245,43.018049070582094],[-62.28567952089866,43.010649842764366],[-62.30323835255658,43.067993858351734],[-62.26226774535476,43.0957409626682],[-62.19203241872307,43.103140190485924],[-62.1393559237493,43.09944057657706]]]}},{"type":"Feature","id":"11001","properties":{"MPIO":"11001","DPTO":"11","NOMBRE_MPI":"SANTAFE DE BOGOTA D.C.","NOMBRE_DPT":"SANTAFE DE BOGOTA D.C"},"geometry":{"type":"Polygon","coordinates":[[[-61.58527723587706,43.023598491445384],[-61.61063999271627,42.883013162908625],[-61.59503214235367,42.8515664446833],[-61.62624784307887,42.783123587369346],[-61.70428709489187,42.718380343964256],[-61.79793419706746,42.646237872741445],[-61.805738122248755,42.56484636674648],[-61.813542047430055,42.5481981041566],[-61.84475774815525,42.505652544204686],[-61.84475774815525,42.43166026602744],[-61.89353228053837,42.39466412693882],[-61.97157153235136,42.25962821926535],[-62.00278723307656,42.241130149721045],[-62.135453961158646,42.141240574181765],[-62.145208867635276,42.09314559336656],[-62.27592461442204,42.011754087371585],[-62.31104227773788,41.96180929960195],[-62.416395267685424,41.96180929960195],[-62.29153246478464,42.06539848905009],[-62.209591250380996,42.15973864372607],[-62.21349321297164,42.28182590271852],[-62.19788536260904,42.33732011135146],[-62.1783755496558,42.35951779480463],[-62.07302255970826,42.3576679878502],[-62.01839508343916,42.376166057394514],[-61.99303232659994,42.433510072981875],[-61.98132643882799,42.44830852861732],[-61.94035583162617,42.63883864492372],[-61.86621854240383,42.747977255235156],[-61.88963031794772,42.87931354899976],[-61.83695382297395,42.89226219768078],[-61.82329695390668,42.9348077576327],[-61.799885178362786,42.95515563413144],[-61.68282630064329,43.045796174898555],[-61.58527723587706,43.023598491445384]]]}},{"type":"Feature","id":"25372","properties":{"MPIO":"25372","DPTO":"25","NOMBRE_MPI":"JUNIN","NOMBRE_DPT":"CUNDINAMARCA"},"geometry":{"type":"Polygon","coordinates":[[[-61.07607111779728,42.96070505499473],[-61.1170417249991,42.89411200463521],[-61.07802209909261,42.82936876123012],[-61.12874761277105,42.75537648305288],[-61.179473126449494,42.731328992645274],[-61.218492752355985,42.80532127082252],[-61.316041817122226,42.87931354899976],[-61.32774770489418,42.9052108463618],[-61.23995354660456,42.92555872286054],[-61.25556139696716,43.003250614946644],[-61.122894668885074,42.98660235235676],[-61.07607111779728,42.96070505499473]]]}},{"type":"Feature","id":"76147","properties":{"MPIO":"76147","DPTO":"76","NOMBRE_MPI":"CARTAGO","NOMBRE_DPT":"VALLE DEL CAUCA"},"geometry":{"type":"Polygon","coordinates":[[[-64.21910198456555,43.230776870341664],[-64.20154315290762,43.17713246866317],[-64.11960193850398,43.18638150343532],[-64.10984703202736,43.14198613652897],[-64.11765095720865,43.09944057657706],[-64.12350390109464,43.0420965609897],[-64.15081763922917,43.02729810535425],[-64.32640595580841,43.0420965609897],[-64.38688637596348,43.01989887753653],[-64.35567067523829,43.13088729480239],[-64.29128829249257,43.21412860775179],[-64.21910198456555,43.230776870341664]]]}},{"type":"Feature","id":"27745","properties":{"MPIO":"27745","DPTO":"27","NOMBRE_MPI":"SIPI","NOMBRE_DPT":"CHOCO"},"geometry":{"type":"Polygon","coordinates":[[[-64.87658268109001,43.267773009430286],[-64.74586693430325,43.23632629120496],[-64.81610226093494,43.1789822756176],[-64.8999944566339,43.10683980439478],[-64.93901408254041,43.0420965609897],[-65.03071020342067,42.903361039407365],[-65.11460239911963,42.88486296986306],[-65.05022001637391,42.69988227441995],[-64.96827880197027,42.63513903101486],[-65.05022001637391,42.596293084971805],[-65.11460239911963,42.68878343269336],[-65.1906906696373,42.84416721686557],[-65.2219063703625,42.96070505499473],[-65.34481819196796,43.07909270007832],[-65.3799358552838,43.140136329574545],[-65.37798487398848,43.20117995907077],[-65.27848482792692,43.19933015211634],[-65.10874945523366,43.16973324084544],[-64.87658268109001,43.267773009430286]]]}},{"type":"Feature","id":"25377","properties":{"MPIO":"25377","DPTO":"25","NOMBRE_MPI":"LA CALERA","NOMBRE_DPT":"CUNDINAMARCA"},"geometry":{"type":"Polygon","coordinates":[[[-61.532600740903284,43.010649842764366],[-61.368718312096,42.91445988113395],[-61.32774770489418,42.9052108463618],[-61.316041817122226,42.87931354899976],[-61.325796723598856,42.83121856818455],[-61.454561489090295,42.83676798904785],[-61.47992424592951,42.812720498640246],[-61.54235564737991,42.860815479455454],[-61.59503214235367,42.8515664446833],[-61.61063999271627,42.883013162908625],[-61.58527723587706,43.023598491445384],[-61.532600740903284,43.010649842764366]]]}},{"type":"Feature","id":"76054","properties":{"MPIO":"76054","DPTO":"76","NOMBRE_MPI":"ARGELIA","NOMBRE_DPT":"VALLE DEL CAUCA"},"geometry":{"type":"Polygon","coordinates":[[[-64.56637665513337,43.24187571206825],[-64.47663151554842,43.17158304779987],[-64.4824844594344,43.140136329574545],[-64.54296487958946,43.08649192789604],[-64.61515118751649,43.09389115571376],[-64.7185531961687,43.145685750437835],[-64.68538651414818,43.18638150343532],[-64.56637665513337,43.24187571206825]]]}},{"type":"Feature","id":"25898","properties":{"MPIO":"25898","DPTO":"25","NOMBRE_MPI":"ZIPACON","NOMBRE_DPT":"CUNDINAMARCA"},"geometry":{"type":"Polygon","coordinates":[[[-62.117895129500724,43.06429424444287],[-62.06521863452696,43.02729810535425],[-62.09058139136618,42.990301966265626],[-62.153012792816575,42.96625447585802],[-62.168620643179175,42.96625447585802],[-62.151061811521245,43.018049070582094],[-62.117895129500724,43.06429424444287]]]}},{"type":"Feature","id":"73861","properties":{"MPIO":"73861","DPTO":"73","NOMBRE_MPI":"VENADILLO","NOMBRE_DPT":"TOLIMA"},"geometry":{"type":"Polygon","coordinates":[[[-62.9412092361278,43.1197884530758],[-62.937307273537144,43.125337873939095],[-62.818297414522334,43.07724289312389],[-62.75001306918597,43.02174868449096],[-62.71489540587012,43.0365471401264],[-62.69343461162155,42.953305827177005],[-62.72660129364207,42.92000930199725],[-62.794885638978435,42.94405679240485],[-62.85731704042883,42.9588552480403],[-62.923650404469875,43.02914791230868],[-62.986081805920264,43.03099771926311],[-62.99388573110157,43.06244443748844],[-62.9412092361278,43.1197884530758]]]}},{"type":"Feature","id":"25596","properties":{"MPIO":"25596","DPTO":"25","NOMBRE_MPI":"QUIPILE","NOMBRE_DPT":"CUNDINAMARCA"},"geometry":{"type":"Polygon","coordinates":[[[-62.34811092234905,43.07909270007832],[-62.30323835255658,43.067993858351734],[-62.28567952089866,43.010649842764366],[-62.287630502193984,42.95515563413144],[-62.36176779141633,42.91630968808838],[-62.400787417322825,42.910760267225086],[-62.416395267685424,42.92740852981497],[-62.392983492141525,43.023598491445384],[-62.34811092234905,43.07909270007832]]]}},{"type":"Feature","id":"73686","properties":{"MPIO":"73686","DPTO":"73","NOMBRE_MPI":"SANTA ISABEL","NOMBRE_DPT":"TOLIMA"},"geometry":{"type":"Polygon","coordinates":[[[-63.46797418586549,43.15678459216443],[-63.27287605633302,43.125337873939095],[-63.18703287933872,43.090191541804906],[-63.114846571411704,43.07909270007832],[-62.9412092361278,43.1197884530758],[-62.99388573110157,43.06244443748844],[-62.986081805920264,43.03099771926311],[-63.09533675845846,43.010649842764366],[-63.24751329949379,43.07354327921502],[-63.48943498011407,43.07909270007832],[-63.46797418586549,43.15678459216443]]]}},{"type":"Feature","id":"25286","properties":{"MPIO":"25286","DPTO":"25","NOMBRE_MPI":"FUNZA","NOMBRE_DPT":"CUNDINAMARCA"},"geometry":{"type":"Polygon","coordinates":[[[-61.862316579813175,43.03284752621754],[-61.80964008483941,42.988452159311194],[-61.799885178362786,42.95515563413144],[-61.82329695390668,42.9348077576327],[-61.90914013090097,42.97180389672131],[-61.90914013090097,43.023598491445384],[-61.862316579813175,43.03284752621754]]]}},{"type":"Feature","id":"25293","properties":{"MPIO":"25293","DPTO":"25","NOMBRE_MPI":"GACHALA","NOMBRE_DPT":"CUNDINAMARCA"},"geometry":{"type":"Polygon","coordinates":[[[-60.74830626018271,42.932957950678265],[-60.70928663427621,42.91445988113395],[-60.76001214795466,42.888562583771915],[-60.79317882997518,42.812720498640246],[-60.8497572875396,42.796072236050364],[-61.1014338746365,42.64438806578701],[-61.15801233220092,42.66473594228576],[-61.12874761277105,42.75537648305288],[-61.07802209909261,42.82936876123012],[-60.97657107173571,42.86636490031874],[-60.795129811270506,42.89226219768078],[-60.74830626018271,42.932957950678265]]]}},{"type":"Feature","id":"25299","properties":{"MPIO":"25299","DPTO":"25","NOMBRE_MPI":"GAMA","NOMBRE_DPT":"CUNDINAMARCA"},"geometry":{"type":"Polygon","coordinates":[[[-61.07607111779728,42.96070505499473],[-61.04095345448143,42.94590659935928],[-60.97657107173571,42.86636490031874],[-61.07802209909261,42.82936876123012],[-61.1170417249991,42.89411200463521],[-61.07607111779728,42.96070505499473]]]}},{"type":"Feature","id":"25099","properties":{"MPIO":"25099","DPTO":"25","NOMBRE_MPI":"BOJACA","NOMBRE_DPT":"CUNDINAMARCA"},"geometry":{"type":"Polygon","coordinates":[[[-62.00278723307656,43.03469733317198],[-61.991081345304615,42.932957950678265],[-61.98717938271396,42.87006451422761],[-62.00083625178124,42.86636490031874],[-62.03595391509708,42.89411200463521],[-62.05741470934566,42.97180389672131],[-62.09058139136618,42.990301966265626],[-62.06521863452696,43.02729810535425],[-62.00278723307656,43.03469733317198]]]}},{"type":"Feature","id":"25839","properties":{"MPIO":"25839","DPTO":"25","NOMBRE_MPI":"UBALA","NOMBRE_DPT":"CUNDINAMARCA"},"geometry":{"type":"Polygon","coordinates":[[[-60.70343369039024,42.910760267225086],[-60.67026700836972,42.85711586554659],[-60.5746689248988,42.84416721686557],[-60.57271794360348,42.80162165691365],[-60.506384579562436,42.77757416650606],[-60.41273747738684,42.77017493868833],[-60.54540420546893,42.690633239647795],[-60.64490425153049,42.70543169528324],[-60.8497572875396,42.796072236050364],[-60.79317882997518,42.812720498640246],[-60.76001214795466,42.888562583771915],[-60.70928663427621,42.91445988113395],[-60.70343369039024,42.910760267225086]]]}},{"type":"Feature","id":"25580","properties":{"MPIO":"25580","DPTO":"25","NOMBRE_MPI":"PULI","NOMBRE_DPT":"CUNDINAMARCA"},"geometry":{"type":"Polygon","coordinates":[[[-62.392983492141525,43.023598491445384],[-62.416395267685424,42.92740852981497],[-62.59978750944595,42.9292583367694],[-62.61734634110388,42.96995408976689],[-62.59003260296933,43.0420965609897],[-62.52565022022361,43.05134559576185],[-62.45931685618257,43.018049070582094],[-62.392983492141525,43.023598491445384]]]}},{"type":"Feature","id":"25123","properties":{"MPIO":"25123","DPTO":"25","NOMBRE_MPI":"CACHIPAY","NOMBRE_DPT":"CUNDINAMARCA"},"geometry":{"type":"Polygon","coordinates":[[[-62.28567952089866,43.010649842764366],[-62.151061811521245,43.018049070582094],[-62.168620643179175,42.96625447585802],[-62.287630502193984,42.95515563413144],[-62.28567952089866,43.010649842764366]]]}},{"type":"Feature","id":"76845","properties":{"MPIO":"76845","DPTO":"76","NOMBRE_MPI":"ULLOA","NOMBRE_DPT":"VALLE DEL CAUCA"},"geometry":{"type":"Polygon","coordinates":[[[-64.10984703202736,43.14198613652897],[-63.9323077341528,43.11608883916694],[-63.93035675285748,43.07724289312389],[-64.11765095720865,43.09944057657706],[-64.10984703202736,43.14198613652897]]]}},{"type":"Feature","id":"25797","properties":{"MPIO":"25797","DPTO":"25","NOMBRE_MPI":"TENA","NOMBRE_DPT":"CUNDINAMARCA"},"geometry":{"type":"Polygon","coordinates":[[[-62.09058139136618,42.990301966265626],[-62.05741470934566,42.97180389672131],[-62.03595391509708,42.89411200463521],[-62.1471598489306,42.88486296986306],[-62.153012792816575,42.96625447585802],[-62.09058139136618,42.990301966265626]]]}},{"type":"Feature","id":"25530","properties":{"MPIO":"25530","DPTO":"25","NOMBRE_MPI":"PARATEBUENO","NOMBRE_DPT":"CUNDINAMARCA"},"geometry":{"type":"Polygon","coordinates":[[[-60.3229923378019,42.82751895427569],[-60.32494331909723,42.77942397346048],[-60.414688458682164,42.55929694588319],[-60.488825747904514,42.348418953078045],[-60.50443359826711,42.318822041807145],[-60.6371003263492,42.39096451302996],[-60.81463962422375,42.43720968689074],[-60.64685523282582,42.50750235115912],[-60.5590610745362,42.568545980655344],[-60.54540420546893,42.690633239647795],[-60.41273747738684,42.77017493868833],[-60.3229923378019,42.82751895427569]]]}},{"type":"Feature","id":"25473","properties":{"MPIO":"25473","DPTO":"25","NOMBRE_MPI":"MOSQUERA","NOMBRE_DPT":"CUNDINAMARCA"},"geometry":{"type":"Polygon","coordinates":[[[-61.90914013090097,42.97180389672131],[-61.82329695390668,42.9348077576327],[-61.83695382297395,42.89226219768078],[-61.88963031794772,42.87931354899976],[-61.98717938271396,42.87006451422761],[-61.991081345304615,42.932957950678265],[-61.90914013090097,42.97180389672131]]]}},{"type":"Feature","id":"73043","properties":{"MPIO":"73043","DPTO":"73","NOMBRE_MPI":"ANZOATEGUI","NOMBRE_DPT":"TOLIMA"},"geometry":{"type":"Polygon","coordinates":[[[-63.48943498011407,43.07909270007832],[-63.24751329949379,43.07354327921502],[-63.09533675845846,43.010649842764366],[-62.986081805920264,43.03099771926311],[-63.019248487940786,42.953305827177005],[-63.06997400161924,42.90151123245293],[-63.13630736566028,42.90151123245293],[-63.28848390669562,42.85711586554659],[-63.292385869286264,42.89596181158964],[-63.35676825203198,42.94220698545042],[-63.38408199016653,43.003250614946644],[-63.43480750384497,43.018049070582094],[-63.48943498011407,43.07909270007832]]]}},{"type":"Feature","id":"76863","properties":{"MPIO":"76863","DPTO":"76","NOMBRE_MPI":"VERSALLES","NOMBRE_DPT":"VALLE DEL CAUCA"},"geometry":{"type":"Polygon","coordinates":[[[-64.7185531961687,43.145685750437835],[-64.61515118751649,43.09389115571376],[-64.54296487958946,43.08649192789604],[-64.55271978606609,43.02174868449096],[-64.60149431844921,42.99955100103778],[-64.70684730839675,42.98105293149347],[-64.76342576596117,43.018049070582094],[-64.90194543792923,42.97920312453904],[-64.93901408254041,43.0420965609897],[-64.8999944566339,43.10683980439478],[-64.81610226093494,43.1789822756176],[-64.7185531961687,43.145685750437835]]]}},{"type":"Feature","id":"63272","properties":{"MPIO":"63272","DPTO":"63","NOMBRE_MPI":"FILANDIA","NOMBRE_DPT":"QUINDIO"},"geometry":{"type":"Polygon","coordinates":[[[-63.9323077341528,43.11608883916694],[-63.75281745498292,43.08464212094161],[-63.78793511829876,43.04949578880742],[-63.983033247831244,42.975503510630176],[-64.01619992985177,42.99770119408335],[-63.96547441617332,43.038396947080834],[-63.93035675285748,43.07724289312389],[-63.9323077341528,43.11608883916694]]]}},{"type":"Feature","id":"85440","properties":{"MPIO":"85440","DPTO":"85","NOMBRE_MPI":"VILLANUEVA","NOMBRE_DPT":"CASANARE"},"geometry":{"type":"Polygon","coordinates":[[[-60.086923601067596,42.796072236050364],[-60.004982386663954,42.76462551782504],[-59.958158835576164,42.71653053700983],[-59.94840392909954,42.54449849024774],[-59.87231565858187,42.46680659816163],[-59.86841369599122,42.37246644348565],[-59.80793327583615,42.34286953221475],[-59.98742355500603,42.34471933916918],[-60.038149068684476,42.426110845164146],[-60.24885504857956,42.66843555619462],[-60.295678599667355,42.746127448280724],[-60.20203149749176,42.783123587369346],[-60.086923601067596,42.796072236050364]]]}},{"type":"Feature","id":"63690","properties":{"MPIO":"63690","DPTO":"63","NOMBRE_MPI":"SALENTO","NOMBRE_DPT":"QUINDIO"},"geometry":{"type":"Polygon","coordinates":[[[-63.75281745498292,43.08464212094161],[-63.60454287653823,43.055045209670716],[-63.48943498011407,43.07909270007832],[-63.43480750384497,43.018049070582094],[-63.54016049379251,42.97365370367575],[-63.66112133410265,42.932957950678265],[-63.72355273555304,42.87931354899976],[-63.77818021182214,42.94220698545042],[-63.84256259456786,42.94590659935928],[-63.84451357586318,42.97365370367575],[-63.78793511829876,43.04949578880742],[-63.75281745498292,43.08464212094161]]]}},{"type":"Feature","id":"76823","properties":{"MPIO":"76823","DPTO":"76","NOMBRE_MPI":"TORO","NOMBRE_DPT":"VALLE DEL CAUCA"},"geometry":{"type":"Polygon","coordinates":[[[-64.35567067523829,43.13088729480239],[-64.38688637596348,43.01989887753653],[-64.60149431844921,42.98660235235676],[-64.60149431844921,42.99955100103778],[-64.55271978606609,43.02174868449096],[-64.54296487958946,43.08649192789604],[-64.4824844594344,43.140136329574545],[-64.35567067523829,43.13088729480239]]]}},{"type":"Feature","id":"73026","properties":{"MPIO":"73026","DPTO":"73","NOMBRE_MPI":"ALVARADO","NOMBRE_DPT":"TOLIMA"},"geometry":{"type":"Polygon","coordinates":[[[-62.794885638978435,42.94405679240485],[-62.802689564159735,42.923708915906104],[-62.96071904908105,42.81457030559467],[-63.04851320737066,42.781273780414914],[-63.08558185198183,42.89041239072635],[-63.06997400161924,42.90151123245293],[-63.019248487940786,42.953305827177005],[-62.986081805920264,43.03099771926311],[-62.923650404469875,43.02914791230868],[-62.85731704042883,42.9588552480403],[-62.794885638978435,42.94405679240485]]]}},{"type":"Feature","id":"25386","properties":{"MPIO":"25386","DPTO":"25","NOMBRE_MPI":"LA MESA","NOMBRE_DPT":"CUNDINAMARCA"},"geometry":{"type":"Polygon","coordinates":[[[-62.168620643179175,42.96625447585802],[-62.153012792816575,42.96625447585802],[-62.1471598489306,42.88486296986306],[-62.28177755830801,42.83861779600228],[-62.36176779141633,42.91630968808838],[-62.287630502193984,42.95515563413144],[-62.168620643179175,42.96625447585802]]]}},{"type":"Feature","id":"76020","properties":{"MPIO":"76020","DPTO":"76","NOMBRE_MPI":"ALCALA","NOMBRE_DPT":"VALLE DEL CAUCA"},"geometry":{"type":"Polygon","coordinates":[[[-64.11765095720865,43.09944057657706],[-63.93035675285748,43.07724289312389],[-63.96547441617332,43.038396947080834],[-64.12350390109464,43.0420965609897],[-64.11765095720865,43.09944057657706]]]}},{"type":"Feature","id":"25279","properties":{"MPIO":"25279","DPTO":"25","NOMBRE_MPI":"FOMEQUE","NOMBRE_DPT":"CUNDINAMARCA"},"geometry":{"type":"Polygon","coordinates":[[[-61.325796723598856,42.83121856818455],[-61.316041817122226,42.87931354899976],[-61.218492752355985,42.80532127082252],[-61.179473126449494,42.731328992645274],[-61.12874761277105,42.75537648305288],[-61.15801233220092,42.66473594228576],[-61.20873784587937,42.69803246746552],[-61.333600648780155,42.65363710055917],[-61.39798303152587,42.58704405019965],[-61.48967915240614,42.596293084971805],[-61.51309092795003,42.661036328376895],[-61.48967915240614,42.70358188832881],[-61.49163013370146,42.725779571781985],[-61.325796723598856,42.83121856818455]]]}},{"type":"Feature","id":"50110","properties":{"MPIO":"50110","DPTO":"50","NOMBRE_MPI":"BARRANCA DE UPIA","NOMBRE_DPT":"META"},"geometry":{"type":"Polygon","coordinates":[[[-60.32494331909723,42.77942397346048],[-60.295678599667355,42.746127448280724],[-60.24885504857956,42.66843555619462],[-60.038149068684476,42.426110845164146],[-60.18447266583384,42.45200814252618],[-60.321041356506576,42.54449849024774],[-60.414688458682164,42.55929694588319],[-60.32494331909723,42.77942397346048]]]}},{"type":"Feature","id":"63190","properties":{"MPIO":"63190","DPTO":"63","NOMBRE_MPI":"CIRCASIA","NOMBRE_DPT":"QUINDIO"},"geometry":{"type":"Polygon","coordinates":[[[-63.78793511829876,43.04949578880742],[-63.84451357586318,42.97365370367575],[-63.963523434878,42.953305827177005],[-63.983033247831244,42.975503510630176],[-63.78793511829876,43.04949578880742]]]}},{"type":"Feature","id":"73001","properties":{"MPIO":"73001","DPTO":"73","NOMBRE_MPI":"IBAGUE","NOMBRE_DPT":"TOLIMA"},"geometry":{"type":"Polygon","coordinates":[[[-63.43480750384497,43.018049070582094],[-63.38408199016653,43.003250614946644],[-63.35676825203198,42.94220698545042],[-63.292385869286264,42.89596181158964],[-63.28848390669562,42.85711586554659],[-63.13630736566028,42.90151123245293],[-63.06997400161924,42.90151123245293],[-63.08558185198183,42.89041239072635],[-63.04851320737066,42.781273780414914],[-63.08753283327716,42.746127448280724],[-62.98413082462494,42.70728150223767],[-63.060219095142614,42.61294134756169],[-63.212395636177945,42.66288613533133],[-63.31579764483016,42.65178729360474],[-63.40749376571043,42.753526676098446],[-63.64941544633071,42.67398497705791],[-63.711846847781096,42.68138420487564],[-63.61234680171953,42.74057802741743],[-63.50504283047667,42.77942397346048],[-63.54016049379251,42.84416721686557],[-63.54016049379251,42.97365370367575],[-63.43480750384497,43.018049070582094]]]}},{"type":"Feature","id":"25181","properties":{"MPIO":"25181","DPTO":"25","NOMBRE_MPI":"CHOACHI","NOMBRE_DPT":"CUNDINAMARCA"},"geometry":{"type":"Polygon","coordinates":[[[-61.59503214235367,42.8515664446833],[-61.54235564737991,42.860815479455454],[-61.47992424592951,42.812720498640246],[-61.454561489090295,42.83676798904785],[-61.325796723598856,42.83121856818455],[-61.49163013370146,42.725779571781985],[-61.48967915240614,42.70358188832881],[-61.55601251644718,42.710981116146534],[-61.62624784307887,42.783123587369346],[-61.59503214235367,42.8515664446833]]]}},{"type":"Feature","id":"25645","properties":{"MPIO":"25645","DPTO":"25","NOMBRE_MPI":"SAN ANTONIO DEL TEQUENDAMA","NOMBRE_DPT":"CUNDINAMARCA"},"geometry":{"type":"Polygon","coordinates":[[[-62.1471598489306,42.88486296986306],[-62.03595391509708,42.89411200463521],[-62.00083625178124,42.86636490031874],[-62.02619900862046,42.810870691685814],[-62.10618924172878,42.810870691685814],[-62.1471598489306,42.88486296986306]]]}},{"type":"Feature","id":"25368","properties":{"MPIO":"25368","DPTO":"25","NOMBRE_MPI":"JERUSALEN","NOMBRE_DPT":"CUNDINAMARCA"},"geometry":{"type":"Polygon","coordinates":[[[-62.416395267685424,42.92740852981497],[-62.400787417322825,42.910760267225086],[-62.426150174162046,42.897811618544075],[-62.50418942597504,42.82381934036683],[-62.63100321017115,42.75537648305288],[-62.63100321017115,42.75722629000731],[-62.65246400441973,42.87376412813647],[-62.61734634110388,42.89966142549851],[-62.59978750944595,42.9292583367694],[-62.416395267685424,42.92740852981497]]]}},{"type":"Feature","id":"25438","properties":{"MPIO":"25438","DPTO":"25","NOMBRE_MPI":"MEDINA","NOMBRE_DPT":"CUNDINAMARCA"},"geometry":{"type":"Polygon","coordinates":[[[-60.8497572875396,42.796072236050364],[-60.64490425153049,42.70543169528324],[-60.54540420546893,42.690633239647795],[-60.5590610745362,42.568545980655344],[-60.64685523282582,42.50750235115912],[-60.81463962422375,42.43720968689074],[-60.996080884688965,42.433510072981875],[-61.06241424873001,42.46680659816163],[-61.09558093075053,42.590743664108516],[-61.1014338746365,42.64438806578701],[-60.8497572875396,42.796072236050364]]]}},{"type":"Feature","id":"63594","properties":{"MPIO":"63594","DPTO":"63","NOMBRE_MPI":"QUIMBAYA","NOMBRE_DPT":"QUINDIO"},"geometry":{"type":"Polygon","coordinates":[[[-64.12350390109464,43.0420965609897],[-63.96547441617332,43.038396947080834],[-64.01619992985177,42.99770119408335],[-63.983033247831244,42.975503510630176],[-64.15081763922917,42.99770119408335],[-64.15081763922917,43.02729810535425],[-64.12350390109464,43.0420965609897]]]}},{"type":"Feature","id":"25754","properties":{"MPIO":"25754","DPTO":"25","NOMBRE_MPI":"SOACHA","NOMBRE_DPT":"CUNDINAMARCA"},"geometry":{"type":"Polygon","coordinates":[[[-61.88963031794772,42.87931354899976],[-61.86621854240383,42.747977255235156],[-61.94035583162617,42.63883864492372],[-61.97937545753267,42.64808767969588],[-61.92864994385422,42.76462551782504],[-62.01254213955319,42.77017493868833],[-62.02619900862046,42.810870691685814],[-62.00083625178124,42.86636490031874],[-61.98717938271396,42.87006451422761],[-61.88963031794772,42.87931354899976]]]}},{"type":"Feature","id":"25035","properties":{"MPIO":"25035","DPTO":"25","NOMBRE_MPI":"ANAPOIMA","NOMBRE_DPT":"CUNDINAMARCA"},"geometry":{"type":"Polygon","coordinates":[[[-62.400787417322825,42.910760267225086],[-62.36176779141633,42.91630968808838],[-62.28177755830801,42.83861779600228],[-62.26031676405944,42.77387455259719],[-62.31494424032853,42.75907609696174],[-62.371522697892956,42.783123587369346],[-62.400787417322825,42.910760267225086]]]}},{"type":"Feature","id":"73547","properties":{"MPIO":"73547","DPTO":"73","NOMBRE_MPI":"PIEDRAS","NOMBRE_DPT":"TOLIMA"},"geometry":{"type":"Polygon","coordinates":[[[-62.794885638978435,42.94405679240485],[-62.72660129364207,42.92000930199725],[-62.71099344327947,42.8164201125491],[-62.732454237528046,42.77942397346048],[-62.78317975120649,42.80902088473138],[-62.89243470374468,42.80717107777695],[-62.98413082462494,42.70728150223767],[-63.08753283327716,42.746127448280724],[-63.04851320737066,42.781273780414914],[-62.96071904908105,42.81457030559467],[-62.802689564159735,42.923708915906104],[-62.794885638978435,42.94405679240485]]]}},{"type":"Feature","id":"25599","properties":{"MPIO":"25599","DPTO":"25","NOMBRE_MPI":"APULO","NOMBRE_DPT":"CUNDINAMARCA"},"geometry":{"type":"Polygon","coordinates":[[[-62.426150174162046,42.897811618544075],[-62.400787417322825,42.910760267225086],[-62.371522697892956,42.783123587369346],[-62.31494424032853,42.75907609696174],[-62.40468937991348,42.731328992645274],[-62.47492470654517,42.77942397346048],[-62.426150174162046,42.897811618544075]]]}},{"type":"Feature","id":"76497","properties":{"MPIO":"76497","DPTO":"76","NOMBRE_MPI":"OBANDO","NOMBRE_DPT":"VALLE DEL CAUCA"},"geometry":{"type":"Polygon","coordinates":[[[-64.38688637596348,43.01989887753653],[-64.32640595580841,43.0420965609897],[-64.15081763922917,43.02729810535425],[-64.15081763922917,42.99770119408335],[-64.14106273275256,42.97365370367575],[-64.33030791839906,42.9588552480403],[-64.40054324503076,42.98475254540233],[-64.38688637596348,43.01989887753653]]]}},{"type":"Feature","id":"25245","properties":{"MPIO":"25245","DPTO":"25","NOMBRE_MPI":"EL COLEGIO","NOMBRE_DPT":"CUNDINAMARCA"},"geometry":{"type":"Polygon","coordinates":[[[-62.1471598489306,42.88486296986306],[-62.10618924172878,42.810870691685814],[-62.160816717997875,42.766475324779464],[-62.26031676405944,42.77387455259719],[-62.28177755830801,42.83861779600228],[-62.1471598489306,42.88486296986306]]]}},{"type":"Feature","id":"25815","properties":{"MPIO":"25815","DPTO":"25","NOMBRE_MPI":"TOCAIMA","NOMBRE_DPT":"CUNDINAMARCA"},"geometry":{"type":"Polygon","coordinates":[[[-62.426150174162046,42.897811618544075],[-62.47492470654517,42.77942397346048],[-62.40468937991348,42.731328992645274],[-62.37932662307425,42.64438806578701],[-62.4534639122966,42.646237872741445],[-62.50223844467972,42.69248304660222],[-62.632954191466474,42.6795343979212],[-62.640758116647774,42.68138420487564],[-62.65636596701037,42.74242783437187],[-62.63100321017115,42.75537648305288],[-62.50418942597504,42.82381934036683],[-62.426150174162046,42.897811618544075]]]}},{"type":"Feature","id":"25324","properties":{"MPIO":"25324","DPTO":"25","NOMBRE_MPI":"GUATAQUI","NOMBRE_DPT":"CUNDINAMARCA"},"geometry":{"type":"Polygon","coordinates":[[[-62.61734634110388,42.89966142549851],[-62.65246400441973,42.87376412813647],[-62.63100321017115,42.75722629000731],[-62.71684638716545,42.725779571781985],[-62.78903269509246,42.72392976482755],[-62.732454237528046,42.77942397346048],[-62.71099344327947,42.8164201125491],[-62.72660129364207,42.92000930199725],[-62.61734634110388,42.89966142549851]]]}},{"type":"Feature","id":"73124","properties":{"MPIO":"73124","DPTO":"73","NOMBRE_MPI":"CAJAMARCA","NOMBRE_DPT":"TOLIMA"},"geometry":{"type":"Polygon","coordinates":[[[-63.54016049379251,42.97365370367575],[-63.54016049379251,42.84416721686557],[-63.50504283047667,42.77942397346048],[-63.61234680171953,42.74057802741743],[-63.711846847781096,42.68138420487564],[-63.80939591254734,42.68878343269336],[-63.82890572550059,42.71283092310097],[-63.82695474420526,42.71283092310097],[-63.78208217441279,42.810870691685814],[-63.72355273555304,42.87931354899976],[-63.66112133410265,42.932957950678265],[-63.54016049379251,42.97365370367575]]]}},{"type":"Feature","id":"76400","properties":{"MPIO":"76400","DPTO":"76","NOMBRE_MPI":"LA UNION","NOMBRE_DPT":"VALLE DEL CAUCA"},"geometry":{"type":"Polygon","coordinates":[[[-64.40054324503076,42.98475254540233],[-64.43370992705128,42.92000930199725],[-64.43761188964193,42.923708915906104],[-64.60539628103986,42.92740852981497],[-64.62685707528843,42.94405679240485],[-64.60149431844921,42.98660235235676],[-64.38688637596348,43.01989887753653],[-64.40054324503076,42.98475254540233]]]}},{"type":"Feature","id":"63470","properties":{"MPIO":"63470","DPTO":"63","NOMBRE_MPI":"MONTENEGRO","NOMBRE_DPT":"QUINDIO"},"geometry":{"type":"Polygon","coordinates":[[[-63.983033247831244,42.975503510630176],[-63.963523434878,42.953305827177005],[-64.00449404207981,42.88671277681749],[-64.13325880757125,42.91445988113395],[-64.14106273275256,42.97365370367575],[-64.15081763922917,42.99770119408335],[-63.983033247831244,42.975503510630176]]]}},{"type":"Feature","id":"63001","properties":{"MPIO":"63001","DPTO":"63","NOMBRE_MPI":"ARMENIA","NOMBRE_DPT":"QUINDIO"},"geometry":{"type":"Polygon","coordinates":[[[-63.84451357586318,42.97365370367575],[-63.84256259456786,42.94590659935928],[-63.9479155845154,42.847866830774436],[-64.00644502337515,42.84416721686557],[-64.00449404207981,42.88671277681749],[-63.963523434878,42.953305827177005],[-63.84451357586318,42.97365370367575]]]}},{"type":"Feature","id":"76250","properties":{"MPIO":"76250","DPTO":"76","NOMBRE_MPI":"EL DOVIO","NOMBRE_DPT":"VALLE DEL CAUCA"},"geometry":{"type":"Polygon","coordinates":[[[-64.60149431844921,42.98660235235676],[-64.62685707528843,42.94405679240485],[-64.80634735445831,42.89041239072635],[-64.89609249404326,42.90706065331623],[-65.03071020342067,42.903361039407365],[-64.93901408254041,43.0420965609897],[-64.90194543792923,42.97920312453904],[-64.76342576596117,43.018049070582094],[-64.70684730839675,42.98105293149347],[-64.60149431844921,42.99955100103778],[-64.60149431844921,42.98660235235676]]]}},{"type":"Feature","id":"76403","properties":{"MPIO":"76403","DPTO":"76","NOMBRE_MPI":"LA VICTORIA","NOMBRE_DPT":"VALLE DEL CAUCA"},"geometry":{"type":"Polygon","coordinates":[[[-64.40054324503076,42.98475254540233],[-64.33030791839906,42.9588552480403],[-64.14106273275256,42.97365370367575],[-64.13325880757125,42.91445988113395],[-64.13520978886658,42.883013162908625],[-64.25812161047205,42.818269919503535],[-64.36347460041958,42.84416721686557],[-64.43370992705128,42.92000930199725],[-64.40054324503076,42.98475254540233]]]}},{"type":"Feature","id":"25841","properties":{"MPIO":"25841","DPTO":"25","NOMBRE_MPI":"UBAQUE","NOMBRE_DPT":"CUNDINAMARCA"},"geometry":{"type":"Polygon","coordinates":[[[-61.62624784307887,42.783123587369346],[-61.55601251644718,42.710981116146534],[-61.48967915240614,42.70358188832881],[-61.51309092795003,42.661036328376895],[-61.60868901142095,42.67028536314905],[-61.70428709489187,42.718380343964256],[-61.62624784307887,42.783123587369346]]]}},{"type":"Feature","id":"25312","properties":{"MPIO":"25312","DPTO":"25","NOMBRE_MPI":"GRANADA","NOMBRE_DPT":"CUNDINAMARCA"},"geometry":{"type":"Polygon","coordinates":[[[-62.02619900862046,42.810870691685814],[-62.01254213955319,42.77017493868833],[-62.03400293380176,42.75167686914402],[-62.160816717997875,42.766475324779464],[-62.10618924172878,42.810870691685814],[-62.02619900862046,42.810870691685814]]]}},{"type":"Feature","id":"63130","properties":{"MPIO":"63130","DPTO":"63","NOMBRE_MPI":"CALARCA","NOMBRE_DPT":"QUINDIO"},"geometry":{"type":"Polygon","coordinates":[[[-63.84256259456786,42.94590659935928],[-63.77818021182214,42.94220698545042],[-63.72355273555304,42.87931354899976],[-63.78208217441279,42.810870691685814],[-63.98108226653592,42.82011972645797],[-64.06302348093956,42.80717107777695],[-64.00644502337515,42.84416721686557],[-63.9479155845154,42.847866830774436],[-63.84256259456786,42.94590659935928]]]}},{"type":"Feature","id":"27250","properties":{"MPIO":"27250","DPTO":"27","NOMBRE_MPI":"EL LITORAL DEL SAN JUAN","NOMBRE_DPT":"CHOCO"},"geometry":{"type":"Polygon","coordinates":[[[-65.9379165057467,43.005100421901076],[-65.6706320682872,43.003250614946644],[-65.60624968554148,42.982902738447905],[-65.52235748984252,42.99955100103778],[-65.36042604233056,42.98660235235676],[-65.2219063703625,42.96070505499473],[-65.1906906696373,42.84416721686557],[-65.11460239911963,42.68878343269336],[-65.05022001637391,42.596293084971805],[-65.20239655740926,42.52415061374899],[-65.28823973440355,42.52785022765786],[-65.43651431284823,42.49270389552367],[-65.56137711574902,42.57224559456421],[-65.67453403087785,42.62773980319714],[-65.84426940357112,42.63883864492372],[-65.945720430928,42.70728150223767],[-66.04912243958022,42.69803246746552],[-66.08228912160074,42.77387455259719],[-66.15252444823244,42.7146807300554],[-66.2442205691127,42.73502860655414],[-66.33006374610699,42.74242783437187],[-66.44712262382649,42.70358188832881],[-66.41590692310129,42.80162165691365],[-66.31835785833505,42.790522815187074],[-66.28128921372387,42.83676798904785],[-66.31835785833505,42.860815479455454],[-66.1973970180249,42.96255486194916],[-66.18764211154829,43.04394636794413],[-66.14276954175581,43.06244443748844],[-66.02571066403632,43.00140080799221],[-65.9379165057467,43.005100421901076]]]}},{"type":"Feature","id":"25740","properties":{"MPIO":"25740","DPTO":"25","NOMBRE_MPI":"SIBATE","NOMBRE_DPT":"CUNDINAMARCA"},"geometry":{"type":"Polygon","coordinates":[[[-62.03400293380176,42.75167686914402],[-62.01254213955319,42.77017493868833],[-61.92864994385422,42.76462551782504],[-61.97937545753267,42.64808767969588],[-62.03010097121111,42.62773980319714],[-62.047659802869035,42.63698883796929],[-62.03400293380176,42.75167686914402]]]}},{"type":"Feature","id":"50686","properties":{"MPIO":"50686","DPTO":"50","NOMBRE_MPI":"SAN JUANITO","NOMBRE_DPT":"META"},"geometry":{"type":"Polygon","coordinates":[[[-61.1014338746365,42.64438806578701],[-61.09558093075053,42.590743664108516],[-61.13460055665702,42.55929694588319],[-61.24580649049054,42.555597331974326],[-61.333600648780155,42.65363710055917],[-61.20873784587937,42.69803246746552],[-61.15801233220092,42.66473594228576],[-61.1014338746365,42.64438806578701]]]}},{"type":"Feature","id":"76622","properties":{"MPIO":"76622","DPTO":"76","NOMBRE_MPI":"ROLDANILLO","NOMBRE_DPT":"VALLE DEL CAUCA"},"geometry":{"type":"Polygon","coordinates":[[[-64.62685707528843,42.94405679240485],[-64.60539628103986,42.92740852981497],[-64.43761188964193,42.923708915906104],[-64.52930801052219,42.85896567250102],[-64.57613156160998,42.80162165691365],[-64.80829833575365,42.85526605859216],[-64.80634735445831,42.89041239072635],[-64.62685707528843,42.94405679240485]]]}},{"type":"Feature","id":"63401","properties":{"MPIO":"63401","DPTO":"63","NOMBRE_MPI":"LA TEBAIDA","NOMBRE_DPT":"QUINDIO"},"geometry":{"type":"Polygon","coordinates":[[[-64.00449404207981,42.88671277681749],[-64.00644502337515,42.84416721686557],[-64.06302348093956,42.80717107777695],[-64.05521955575827,42.77202474564276],[-64.08058231259749,42.768325131733896],[-64.12155291979931,42.83861779600228],[-64.13520978886658,42.883013162908625],[-64.13325880757125,42.91445988113395],[-64.00449404207981,42.88671277681749]]]}},{"type":"Feature","id":"25878","properties":{"MPIO":"25878","DPTO":"25","NOMBRE_MPI":"VIOTA","NOMBRE_DPT":"CUNDINAMARCA"},"geometry":{"type":"Polygon","coordinates":[[[-62.160816717997875,42.766475324779464],[-62.25056185758282,42.65178729360474],[-62.30714031514724,42.63513903101486],[-62.37932662307425,42.64438806578701],[-62.40468937991348,42.731328992645274],[-62.31494424032853,42.75907609696174],[-62.26031676405944,42.77387455259719],[-62.160816717997875,42.766475324779464]]]}},{"type":"Feature","id":"25743","properties":{"MPIO":"25743","DPTO":"25","NOMBRE_MPI":"SILVANIA","NOMBRE_DPT":"CUNDINAMARCA"},"geometry":{"type":"Polygon","coordinates":[[[-62.160816717997875,42.766475324779464],[-62.03400293380176,42.75167686914402],[-62.047659802869035,42.63698883796929],[-62.153012792816575,42.661036328376895],[-62.21739517556229,42.620340575379416],[-62.25056185758282,42.65178729360474],[-62.160816717997875,42.766475324779464]]]}},{"type":"Feature","id":"73200","properties":{"MPIO":"73200","DPTO":"73","NOMBRE_MPI":"COELLO","NOMBRE_DPT":"TOLIMA"},"geometry":{"type":"Polygon","coordinates":[[[-62.732454237528046,42.77942397346048],[-62.78903269509246,42.72392976482755],[-62.8553660591335,42.62773980319714],[-62.84951311524753,42.58334443629079],[-62.90414059151662,42.54634829720217],[-63.019248487940786,42.53709926243001],[-63.07387596420988,42.55929694588319],[-63.060219095142614,42.61294134756169],[-62.98413082462494,42.70728150223767],[-62.89243470374468,42.80717107777695],[-62.78317975120649,42.80902088473138],[-62.732454237528046,42.77942397346048]]]}},{"type":"Feature","id":"76895","properties":{"MPIO":"76895","DPTO":"76","NOMBRE_MPI":"ZARZAL","NOMBRE_DPT":"VALLE DEL CAUCA"},"geometry":{"type":"Polygon","coordinates":[[[-64.43761188964193,42.923708915906104],[-64.43370992705128,42.92000930199725],[-64.36347460041958,42.84416721686557],[-64.25812161047205,42.818269919503535],[-64.28933731119724,42.77387455259719],[-64.34591576876166,42.77942397346048],[-64.43175894575594,42.70173208137438],[-64.54686684218012,42.71283092310097],[-64.59759235585857,42.766475324779464],[-64.57613156160998,42.80162165691365],[-64.52930801052219,42.85896567250102],[-64.43761188964193,42.923708915906104]]]}},{"type":"Feature","id":"25178","properties":{"MPIO":"25178","DPTO":"25","NOMBRE_MPI":"CHIPAQUE","NOMBRE_DPT":"CUNDINAMARCA"},"geometry":{"type":"Polygon","coordinates":[[[-61.70428709489187,42.718380343964256],[-61.60868901142095,42.67028536314905],[-61.6281988243742,42.63513903101486],[-61.692581207119915,42.63698883796929],[-61.805738122248755,42.56484636674648],[-61.79793419706746,42.646237872741445],[-61.70428709489187,42.718380343964256]]]}},{"type":"Feature","id":"76736","properties":{"MPIO":"76736","DPTO":"76","NOMBRE_MPI":"SEVILLA","NOMBRE_DPT":"VALLE DEL CAUCA"},"geometry":{"type":"Polygon","coordinates":[[[-64.12155291979931,42.83861779600228],[-64.15081763922917,42.8164201125491],[-64.1761803960684,42.725779571781985],[-64.17032745218243,42.646237872741445],[-64.14106273275256,42.633289224060434],[-64.08253329389281,42.67768459096678],[-64.04546464928164,42.56484636674648],[-63.96547441617332,42.55189771806546],[-63.98498422912657,42.50010312334139],[-63.967425397468645,42.42426103820972],[-64.00059207948917,42.398363740847685],[-64.25812161047205,42.51305177202241],[-64.36737656301024,42.533399648521154],[-64.34201380617101,42.54449849024774],[-64.43175894575594,42.70173208137438],[-64.34591576876166,42.77942397346048],[-64.28933731119724,42.77387455259719],[-64.25812161047205,42.818269919503535],[-64.13520978886658,42.883013162908625],[-64.12155291979931,42.83861779600228]]]}},{"type":"Feature","id":"50245","properties":{"MPIO":"50245","DPTO":"50","NOMBRE_MPI":"EL CALVARIO","NOMBRE_DPT":"META"},"geometry":{"type":"Polygon","coordinates":[[[-61.333600648780155,42.65363710055917],[-61.24580649049054,42.555597331974326],[-61.13460055665702,42.55929694588319],[-61.179473126449494,42.51305177202241],[-61.18337508904014,42.461257177298336],[-61.25165943437651,42.50010312334139],[-61.3609143869147,42.51305177202241],[-61.39798303152587,42.58704405019965],[-61.333600648780155,42.65363710055917]]]}},{"type":"Feature","id":"25151","properties":{"MPIO":"25151","DPTO":"25","NOMBRE_MPI":"CAQUEZA","NOMBRE_DPT":"CUNDINAMARCA"},"geometry":{"type":"Polygon","coordinates":[[[-61.60868901142095,42.67028536314905],[-61.51309092795003,42.661036328376895],[-61.48967915240614,42.596293084971805],[-61.51113994665471,42.54449849024774],[-61.53064975960796,42.57224559456421],[-61.63405176826017,42.568545980655344],[-61.6281988243742,42.63513903101486],[-61.60868901142095,42.67028536314905]]]}},{"type":"Feature","id":"25483","properties":{"MPIO":"25483","DPTO":"25","NOMBRE_MPI":"NARI¥O","NOMBRE_DPT":"CUNDINAMARCA"},"geometry":{"type":"Polygon","coordinates":[[[-62.63100321017115,42.75722629000731],[-62.63100321017115,42.75537648305288],[-62.65636596701037,42.74242783437187],[-62.75976797566259,42.655486907513605],[-62.8553660591335,42.62773980319714],[-62.78903269509246,42.72392976482755],[-62.71684638716545,42.725779571781985],[-62.63100321017115,42.75722629000731]]]}},{"type":"Feature","id":"50124","properties":{"MPIO":"50124","DPTO":"50","NOMBRE_MPI":"CABUYARO","NOMBRE_DPT":"META"},"geometry":{"type":"Polygon","coordinates":[[[-60.038149068684476,42.426110845164146],[-59.98742355500603,42.34471933916918],[-60.01668827443591,42.31697223485271],[-60.118139301792795,42.33177069048816],[-60.215688366559036,42.28182590271852],[-60.24495308598891,42.2448297636299],[-60.399080608319565,42.28182590271852],[-60.42639434645412,42.34656914612361],[-60.488825747904514,42.348418953078045],[-60.414688458682164,42.55929694588319],[-60.321041356506576,42.54449849024774],[-60.18447266583384,42.45200814252618],[-60.038149068684476,42.426110845164146]]]}},{"type":"Feature","id":"76100","properties":{"MPIO":"76100","DPTO":"76","NOMBRE_MPI":"BOLIVAR","NOMBRE_DPT":"VALLE DEL CAUCA"},"geometry":{"type":"Polygon","coordinates":[[[-64.80634735445831,42.89041239072635],[-64.80829833575365,42.85526605859216],[-64.57613156160998,42.80162165691365],[-64.59759235585857,42.766475324779464],[-64.68148455155753,42.7091313091921],[-64.84731796166014,42.72023015091869],[-65.05022001637391,42.69988227441995],[-65.11460239911963,42.88486296986306],[-65.03071020342067,42.903361039407365],[-64.89609249404326,42.90706065331623],[-64.80634735445831,42.89041239072635]]]}},{"type":"Feature","id":"25307","properties":{"MPIO":"25307","DPTO":"25","NOMBRE_MPI":"GIRARDOT","NOMBRE_DPT":"CUNDINAMARCA"},"geometry":{"type":"Polygon","coordinates":[[[-62.65636596701037,42.74242783437187],[-62.640758116647774,42.68138420487564],[-62.68758166773557,42.68138420487564],[-62.69148363032622,42.62219038233384],[-62.74416012529999,42.59814289192624],[-62.84951311524753,42.58334443629079],[-62.8553660591335,42.62773980319714],[-62.75976797566259,42.655486907513605],[-62.65636596701037,42.74242783437187]]]}},{"type":"Feature","id":"76122","properties":{"MPIO":"76122","DPTO":"76","NOMBRE_MPI":"CAICEDONIA","NOMBRE_DPT":"VALLE DEL CAUCA"},"geometry":{"type":"Polygon","coordinates":[[[-64.08058231259749,42.768325131733896],[-64.08838623777879,42.74242783437187],[-64.08253329389281,42.67768459096678],[-64.14106273275256,42.633289224060434],[-64.17032745218243,42.646237872741445],[-64.1761803960684,42.725779571781985],[-64.15081763922917,42.8164201125491],[-64.12155291979931,42.83861779600228],[-64.08058231259749,42.768325131733896]]]}},{"type":"Feature","id":"63212","properties":{"MPIO":"63212","DPTO":"63","NOMBRE_MPI":"CORDOBA","NOMBRE_DPT":"QUINDIO"},"geometry":{"type":"Polygon","coordinates":[[[-63.98108226653592,42.82011972645797],[-63.78208217441279,42.810870691685814],[-63.82695474420526,42.71283092310097],[-63.8776802578837,42.77387455259719],[-63.926454790266824,42.77387455259719],[-63.98108226653592,42.82011972645797]]]}},{"type":"Feature","id":"63111","properties":{"MPIO":"63111","DPTO":"63","NOMBRE_MPI":"BUENAVISTA","NOMBRE_DPT":"QUINDIO"},"geometry":{"type":"Polygon","coordinates":[[[-64.06302348093956,42.80717107777695],[-63.98108226653592,42.82011972645797],[-63.926454790266824,42.77387455259719],[-64.05521955575827,42.77202474564276],[-64.06302348093956,42.80717107777695]]]}},{"type":"Feature","id":"50606","properties":{"MPIO":"50606","DPTO":"50","NOMBRE_MPI":"RESTREPO","NOMBRE_DPT":"META"},"geometry":{"type":"Polygon","coordinates":[[[-61.09558093075053,42.590743664108516],[-61.06241424873001,42.46680659816163],[-61.02144364152818,42.38726489912109],[-60.87707102567415,42.368766829576785],[-60.53369831769698,42.30032397226284],[-60.47516887883724,42.276276481855234],[-60.59612971914737,42.26517764012865],[-60.72879644722946,42.26517764012865],[-61.17557116385885,42.34286953221475],[-61.18337508904014,42.461257177298336],[-61.179473126449494,42.51305177202241],[-61.13460055665702,42.55929694588319],[-61.09558093075053,42.590743664108516]]]}},{"type":"Feature","id":"25845","properties":{"MPIO":"25845","DPTO":"25","NOMBRE_MPI":"UNE","NOMBRE_DPT":"CUNDINAMARCA"},"geometry":{"type":"Polygon","coordinates":[[[-61.6281988243742,42.63513903101486],[-61.63405176826017,42.568545980655344],[-61.70428709489187,42.51675138593127],[-61.813542047430055,42.5481981041566],[-61.805738122248755,42.56484636674648],[-61.692581207119915,42.63698883796929],[-61.6281988243742,42.63513903101486]]]}},{"type":"Feature","id":"50573","properties":{"MPIO":"50573","DPTO":"50","NOMBRE_MPI":"PUERTO LOPEZ","NOMBRE_DPT":"META"},"geometry":{"type":"Polygon","coordinates":[[[-59.28897225127975,42.398363740847685],[-59.072413327498694,42.383565285212235],[-59.058756458431425,42.3576679878502],[-59.17581533615091,42.341019725260324],[-59.249952625373254,42.22263208017673],[-59.17581533615091,42.17268729240709],[-59.179717298741565,42.056149454277936],[-59.24605066278261,42.03765138473362],[-59.324089914595596,41.898915863151295],[-59.411884072885215,41.893366442288],[-59.48797234340288,41.76757956938668],[-59.59332533335042,41.75093130679681],[-59.75915874345303,41.84157184756393],[-59.96010981687149,41.92481316051333],[-60.09277654495357,41.91186451183231],[-60.377619814071,41.791627059794294],[-60.408835514796195,41.82307377801962],[-60.38737472054762,41.98770659696399],[-60.41859042127282,42.03765138473362],[-60.48687476660918,42.05799926123237],[-60.5668649997175,42.05060003341464],[-60.59612971914737,42.26517764012865],[-60.47516887883724,42.276276481855234],[-60.399080608319565,42.28182590271852],[-60.24495308598891,42.2448297636299],[-60.215688366559036,42.28182590271852],[-60.118139301792795,42.33177069048816],[-60.01668827443591,42.31697223485271],[-59.98742355500603,42.34471933916918],[-59.80793327583615,42.34286953221475],[-59.75525678086238,42.328071076579306],[-59.70453126718394,42.36506721566792],[-59.61673710889432,42.328071076579306],[-59.5133351002421,42.32992088353373],[-59.388472297341316,42.37801586434894],[-59.28897225127975,42.398363740847685]]]}},{"type":"Feature","id":"25001","properties":{"MPIO":"25001","DPTO":"25","NOMBRE_MPI":"AGUA DE DIOS","NOMBRE_DPT":"CUNDINAMARCA"},"geometry":{"type":"Polygon","coordinates":[[[-62.632954191466474,42.6795343979212],[-62.50223844467972,42.69248304660222],[-62.4534639122966,42.646237872741445],[-62.55881690224413,42.631439417105994],[-62.632954191466474,42.6795343979212]]]}},{"type":"Feature","id":"25535","properties":{"MPIO":"25535","DPTO":"25","NOMBRE_MPI":"PASCA","NOMBRE_DPT":"CUNDINAMARCA"},"geometry":{"type":"Polygon","coordinates":[[[-61.94035583162617,42.63883864492372],[-61.98132643882799,42.44830852861732],[-62.01059115825786,42.45940737034391],[-62.01254213955319,42.50010312334139],[-62.07107157841293,42.5777950154275],[-62.03010097121111,42.62773980319714],[-61.97937545753267,42.64808767969588],[-61.94035583162617,42.63883864492372]]]}},{"type":"Feature","id":"25290","properties":{"MPIO":"25290","DPTO":"25","NOMBRE_MPI":"FUSAGASUGA","NOMBRE_DPT":"CUNDINAMARCA"},"geometry":{"type":"Polygon","coordinates":[[[-62.047659802869035,42.63698883796929],[-62.03010097121111,42.62773980319714],[-62.07107157841293,42.5777950154275],[-62.01254213955319,42.50010312334139],[-62.01059115825786,42.45940737034391],[-62.12179709209138,42.47975524684265],[-62.193983400018396,42.540798876338876],[-62.272022651831385,42.553747525019894],[-62.37347367918828,42.51675138593127],[-62.40468937991348,42.538949069384444],[-62.312993259033206,42.56484636674648],[-62.21739517556229,42.620340575379416],[-62.153012792816575,42.661036328376895],[-62.047659802869035,42.63698883796929]]]}},{"type":"Feature","id":"73624","properties":{"MPIO":"73624","DPTO":"73","NOMBRE_MPI":"ROVIRA","NOMBRE_DPT":"TOLIMA"},"geometry":{"type":"Polygon","coordinates":[[[-63.80939591254734,42.68878343269336],[-63.711846847781096,42.68138420487564],[-63.64941544633071,42.67398497705791],[-63.40749376571043,42.753526676098446],[-63.31579764483016,42.65178729360474],[-63.212395636177945,42.66288613533133],[-63.26702311244704,42.620340575379416],[-63.36847413980393,42.46680659816163],[-63.40749376571043,42.47790543988822],[-63.557719325450435,42.41501200343756],[-63.573327175813034,42.461257177298336],[-63.60454287653823,42.50750235115912],[-63.70014096000915,42.53709926243001],[-63.78013119311747,42.590743664108516],[-63.80939591254734,42.68878343269336]]]}},{"type":"Feature","id":"25594","properties":{"MPIO":"25594","DPTO":"25","NOMBRE_MPI":"QUETAME","NOMBRE_DPT":"CUNDINAMARCA"},"geometry":{"type":"Polygon","coordinates":[[[-61.39798303152587,42.58704405019965],[-61.3609143869147,42.51305177202241],[-61.35896340561938,42.45570775643505],[-61.47212032074822,42.433510072981875],[-61.51894387183601,42.461257177298336],[-61.51113994665471,42.54449849024774],[-61.48967915240614,42.596293084971805],[-61.39798303152587,42.58704405019965]]]}},{"type":"Feature","id":"25805","properties":{"MPIO":"25805","DPTO":"25","NOMBRE_MPI":"TIBACUY","NOMBRE_DPT":"CUNDINAMARCA"},"geometry":{"type":"Polygon","coordinates":[[[-62.25056185758282,42.65178729360474],[-62.21739517556229,42.620340575379416],[-62.312993259033206,42.56484636674648],[-62.40468937991348,42.538949069384444],[-62.43005213675269,42.55004791111103],[-62.45541489359192,42.55189771806546],[-62.30714031514724,42.63513903101486],[-62.25056185758282,42.65178729360474]]]}},{"type":"Feature","id":"63548","properties":{"MPIO":"63548","DPTO":"63","NOMBRE_MPI":"PIJAO","NOMBRE_DPT":"QUINDIO"},"geometry":{"type":"Polygon","coordinates":[[[-64.05521955575827,42.77202474564276],[-63.926454790266824,42.77387455259719],[-63.8776802578837,42.77387455259719],[-63.82695474420526,42.71283092310097],[-63.82890572550059,42.71283092310097],[-63.8776802578837,42.64438806578701],[-63.9947391356032,42.65733671446803],[-63.96937637876397,42.70543169528324],[-64.08838623777879,42.74242783437187],[-64.08058231259749,42.768325131733896],[-64.05521955575827,42.77202474564276]]]}},{"type":"Feature","id":"25612","properties":{"MPIO":"25612","DPTO":"25","NOMBRE_MPI":"RICAURTE","NOMBRE_DPT":"CUNDINAMARCA"},"geometry":{"type":"Polygon","coordinates":[[[-62.632954191466474,42.6795343979212],[-62.55881690224413,42.631439417105994],[-62.58808162167401,42.55929694588319],[-62.65636596701037,42.54264868329331],[-62.683679705144925,42.54264868329331],[-62.72465031234674,42.56484636674648],[-62.74416012529999,42.59814289192624],[-62.69148363032622,42.62219038233384],[-62.68758166773557,42.68138420487564],[-62.640758116647774,42.68138420487564],[-62.632954191466474,42.6795343979212]]]}},{"type":"Feature","id":"25281","properties":{"MPIO":"25281","DPTO":"25","NOMBRE_MPI":"FOSCA","NOMBRE_DPT":"CUNDINAMARCA"},"geometry":{"type":"Polygon","coordinates":[[[-61.51113994665471,42.54449849024774],[-61.51894387183601,42.461257177298336],[-61.54430662867523,42.46680659816163],[-61.54820859126588,42.48160505379708],[-61.70428709489187,42.51675138593127],[-61.63405176826017,42.568545980655344],[-61.53064975960796,42.57224559456421],[-61.51113994665471,42.54449849024774]]]}},{"type":"Feature","id":"25488","properties":{"MPIO":"25488","DPTO":"25","NOMBRE_MPI":"NILO","NOMBRE_DPT":"CUNDINAMARCA"},"geometry":{"type":"Polygon","coordinates":[[[-62.37932662307425,42.64438806578701],[-62.30714031514724,42.63513903101486],[-62.45541489359192,42.55189771806546],[-62.560767883539455,42.505652544204686],[-62.65636596701037,42.54264868329331],[-62.58808162167401,42.55929694588319],[-62.55881690224413,42.631439417105994],[-62.4534639122966,42.646237872741445],[-62.37932662307425,42.64438806578701]]]}},{"type":"Feature","id":"63302","properties":{"MPIO":"63302","DPTO":"63","NOMBRE_MPI":"GENOVA","NOMBRE_DPT":"QUINDIO"},"geometry":{"type":"Polygon","coordinates":[[[-64.08253329389281,42.67768459096678],[-64.08838623777879,42.74242783437187],[-63.96937637876397,42.70543169528324],[-63.9947391356032,42.65733671446803],[-63.8776802578837,42.64438806578701],[-63.96547441617332,42.55189771806546],[-64.04546464928164,42.56484636674648],[-64.08253329389281,42.67768459096678]]]}},{"type":"Feature","id":"76113","properties":{"MPIO":"76113","DPTO":"76","NOMBRE_MPI":"BUGALAGRANDE","NOMBRE_DPT":"VALLE DEL CAUCA"},"geometry":{"type":"Polygon","coordinates":[[[-64.43175894575594,42.70173208137438],[-64.34201380617101,42.54449849024774],[-64.36737656301024,42.533399648521154],[-64.37322950689621,42.52785022765786],[-64.44736679611854,42.518601192885704],[-64.48638642202505,42.57224559456421],[-64.70489632710142,42.67768459096678],[-64.68148455155753,42.7091313091921],[-64.59759235585857,42.766475324779464],[-64.54686684218012,42.71283092310097],[-64.43175894575594,42.70173208137438]]]}},{"type":"Feature","id":"73622","properties":{"MPIO":"73622","DPTO":"73","NOMBRE_MPI":"RONCESVALLES","NOMBRE_DPT":"TOLIMA"},"geometry":{"type":"Polygon","coordinates":[[[-63.82890572550059,42.71283092310097],[-63.80939591254734,42.68878343269336],[-63.78013119311747,42.590743664108516],[-63.70014096000915,42.53709926243001],[-63.60454287653823,42.50750235115912],[-63.573327175813034,42.461257177298336],[-63.75476843627824,42.41316219648313],[-63.78793511829876,42.37061663653122],[-63.89523908954163,42.36136760175906],[-64.00059207948917,42.398363740847685],[-63.967425397468645,42.42426103820972],[-63.98498422912657,42.50010312334139],[-63.96547441617332,42.55189771806546],[-63.8776802578837,42.64438806578701],[-63.82890572550059,42.71283092310097]]]}},{"type":"Feature","id":"73678","properties":{"MPIO":"73678","DPTO":"73","NOMBRE_MPI":"SAN LUIS","NOMBRE_DPT":"TOLIMA"},"geometry":{"type":"Polygon","coordinates":[[[-63.060219095142614,42.61294134756169],[-63.07387596420988,42.55929694588319],[-63.07192498291456,42.55004791111103],[-63.1460622721369,42.48160505379708],[-63.11289559011638,42.42056142430086],[-63.1460622721369,42.34286953221475],[-63.114846571411704,42.27257686794637],[-63.140209328250926,42.26702744708308],[-63.24166035560782,42.35026876003248],[-63.29043488799094,42.35026876003248],[-63.34311138296471,42.42056142430086],[-63.309944700944186,42.461257177298336],[-63.17922895415742,42.490854088569236],[-63.142160309546256,42.54634829720217],[-63.1694740476808,42.59444327801738],[-63.212395636177945,42.575945208473065],[-63.26702311244704,42.620340575379416],[-63.212395636177945,42.66288613533133],[-63.060219095142614,42.61294134756169]]]}},{"type":"Feature","id":"50001","properties":{"MPIO":"50001","DPTO":"50","NOMBRE_MPI":"VILLAVICENCIO","NOMBRE_DPT":"META"},"geometry":{"type":"Polygon","coordinates":[[[-61.18337508904014,42.461257177298336],[-61.17557116385885,42.34286953221475],[-60.72879644722946,42.26517764012865],[-60.59612971914737,42.26517764012865],[-60.5668649997175,42.05060003341464],[-60.66441406448374,42.08574636554883],[-60.75220822277336,42.08019694468554],[-60.96486518396377,42.13939076722733],[-61.10338485593182,42.15788883677165],[-61.325796723598856,42.22448188713116],[-61.3609143869147,42.25777841231092],[-61.27507120992041,42.33732011135146],[-61.34920849914275,42.39466412693882],[-61.35896340561938,42.45570775643505],[-61.3609143869147,42.51305177202241],[-61.25165943437651,42.50010312334139],[-61.18337508904014,42.461257177298336]]]}},{"type":"Feature","id":"25339","properties":{"MPIO":"25339","DPTO":"25","NOMBRE_MPI":"GUTIERREZ","NOMBRE_DPT":"CUNDINAMARCA"},"geometry":{"type":"Polygon","coordinates":[[[-61.813542047430055,42.5481981041566],[-61.70428709489187,42.51675138593127],[-61.54820859126588,42.48160505379708],[-61.54430662867523,42.46680659816163],[-61.59503214235367,42.42056142430086],[-61.63210078696485,42.326221269624874],[-61.735502795617066,42.318822041807145],[-61.792081253181486,42.28182590271852],[-61.97157153235136,42.25962821926535],[-61.89353228053837,42.39466412693882],[-61.84475774815525,42.43166026602744],[-61.84475774815525,42.505652544204686],[-61.813542047430055,42.5481981041566]]]}},{"type":"Feature","id":"50226","properties":{"MPIO":"50226","DPTO":"50","NOMBRE_MPI":"CUMARAL","NOMBRE_DPT":"META"},"geometry":{"type":"Polygon","coordinates":[[[-60.81463962422375,42.43720968689074],[-60.6371003263492,42.39096451302996],[-60.50443359826711,42.318822041807145],[-60.488825747904514,42.348418953078045],[-60.42639434645412,42.34656914612361],[-60.399080608319565,42.28182590271852],[-60.47516887883724,42.276276481855234],[-60.53369831769698,42.30032397226284],[-60.87707102567415,42.368766829576785],[-61.02144364152818,42.38726489912109],[-61.06241424873001,42.46680659816163],[-60.996080884688965,42.433510072981875],[-60.81463962422375,42.43720968689074]]]}},{"type":"Feature","id":"73275","properties":{"MPIO":"73275","DPTO":"73","NOMBRE_MPI":"FLANDES","NOMBRE_DPT":"TOLIMA"},"geometry":{"type":"Polygon","coordinates":[[[-62.84951311524753,42.58334443629079],[-62.74416012529999,42.59814289192624],[-62.72465031234674,42.56484636674648],[-62.76366993825324,42.498253316386965],[-62.8553660591335,42.54634829720217],[-62.90414059151662,42.54634829720217],[-62.84951311524753,42.58334443629079]]]}},{"type":"Feature","id":"25053","properties":{"MPIO":"25053","DPTO":"25","NOMBRE_MPI":"ARBELAEZ","NOMBRE_DPT":"CUNDINAMARCA"},"geometry":{"type":"Polygon","coordinates":[[[-62.01059115825786,42.45940737034391],[-61.98132643882799,42.44830852861732],[-61.99303232659994,42.433510072981875],[-62.26812068924074,42.45570775643505],[-62.37347367918828,42.51675138593127],[-62.272022651831385,42.553747525019894],[-62.193983400018396,42.540798876338876],[-62.12179709209138,42.47975524684265],[-62.01059115825786,42.45940737034391]]]}},{"type":"Feature","id":"73854","properties":{"MPIO":"73854","DPTO":"73","NOMBRE_MPI":"VALLE DE SAN JUAN","NOMBRE_DPT":"TOLIMA"},"geometry":{"type":"Polygon","coordinates":[[[-63.26702311244704,42.620340575379416],[-63.212395636177945,42.575945208473065],[-63.1694740476808,42.59444327801738],[-63.142160309546256,42.54634829720217],[-63.17922895415742,42.490854088569236],[-63.309944700944186,42.461257177298336],[-63.36847413980393,42.46680659816163],[-63.26702311244704,42.620340575379416]]]}},{"type":"Feature","id":"76828","properties":{"MPIO":"76828","DPTO":"76","NOMBRE_MPI":"TRUJILLO","NOMBRE_DPT":"VALLE DEL CAUCA"},"geometry":{"type":"Polygon","coordinates":[[[-65.05022001637391,42.69988227441995],[-64.84731796166014,42.72023015091869],[-64.68148455155753,42.7091313091921],[-64.70489632710142,42.67768459096678],[-64.72830810264533,42.62219038233384],[-64.74196497171259,42.625889996242705],[-64.81610226093494,42.61294134756169],[-64.96827880197027,42.63513903101486],[-65.05022001637391,42.69988227441995]]]}},{"type":"Feature","id":"73449","properties":{"MPIO":"73449","DPTO":"73","NOMBRE_MPI":"MELGAR","NOMBRE_DPT":"TOLIMA"},"geometry":{"type":"Polygon","coordinates":[[[-62.43005213675269,42.55004791111103],[-62.45931685618257,42.474205825979354],[-62.51784629504231,42.40576296866541],[-62.576375733902054,42.42981045907301],[-62.689532649030895,42.538949069384444],[-62.683679705144925,42.54264868329331],[-62.65636596701037,42.54264868329331],[-62.560767883539455,42.505652544204686],[-62.45541489359192,42.55189771806546],[-62.43005213675269,42.55004791111103]]]}},{"type":"Feature","id":"73352","properties":{"MPIO":"73352","DPTO":"73","NOMBRE_MPI":"ICONONZO","NOMBRE_DPT":"TOLIMA"},"geometry":{"type":"Polygon","coordinates":[[[-62.43005213675269,42.55004791111103],[-62.40468937991348,42.538949069384444],[-62.37347367918828,42.51675138593127],[-62.34030699716776,42.38541509216667],[-62.400787417322825,42.32067184876158],[-62.392983492141525,42.28737532358182],[-62.42029723027608,42.25592860535649],[-62.44761096841062,42.26517764012865],[-62.43200311804802,42.35951779480463],[-62.51784629504231,42.40576296866541],[-62.45931685618257,42.474205825979354],[-62.43005213675269,42.55004791111103]]]}},{"type":"Feature","id":"25335","properties":{"MPIO":"25335","DPTO":"25","NOMBRE_MPI":"GUAYABETAL","NOMBRE_DPT":"CUNDINAMARCA"},"geometry":{"type":"Polygon","coordinates":[[[-61.54430662867523,42.46680659816163],[-61.51894387183601,42.461257177298336],[-61.47212032074822,42.433510072981875],[-61.35896340561938,42.45570775643505],[-61.34920849914275,42.39466412693882],[-61.56771840421913,42.326221269624874],[-61.63210078696485,42.326221269624874],[-61.59503214235367,42.42056142430086],[-61.54430662867523,42.46680659816163]]]}},{"type":"Feature","id":"73770","properties":{"MPIO":"73770","DPTO":"73","NOMBRE_MPI":"SUAREZ","NOMBRE_DPT":"TOLIMA"},"geometry":{"type":"Polygon","coordinates":[[[-62.72465031234674,42.56484636674648],[-62.683679705144925,42.54264868329331],[-62.689532649030895,42.538949069384444],[-62.75196405048129,42.439059493845164],[-62.77147386343454,42.36506721566792],[-62.75196405048129,42.32992088353373],[-62.810493489341034,42.248529377538766],[-62.87292489079143,42.25592860535649],[-62.86902292820078,42.31512242789829],[-62.79683662027376,42.40576296866541],[-62.76366993825324,42.498253316386965],[-62.72465031234674,42.56484636674648]]]}},{"type":"Feature","id":"76109","properties":{"MPIO":"76109","DPTO":"76","NOMBRE_MPI":"BUENAVENTURA","NOMBRE_DPT":"VALLE DEL CAUCA"},"geometry":{"type":"Polygon","coordinates":[[[-66.2442205691127,42.73502860655414],[-66.15252444823244,42.7146807300554],[-66.08228912160074,42.77387455259719],[-66.04912243958022,42.69803246746552],[-65.945720430928,42.70728150223767],[-65.84426940357112,42.63883864492372],[-65.67453403087785,42.62773980319714],[-65.56137711574902,42.57224559456421],[-65.45992608839212,42.3817154782578],[-65.33311230419602,42.3576679878502],[-65.42480842507628,42.296624358353974],[-65.42090646248563,42.233730921903316],[-65.50089669559395,42.17823671327039],[-65.5828379099976,42.15048960895392],[-65.4735829574594,42.070947909913386],[-65.43456333155291,41.99510582478171],[-65.40724959341836,41.84527146147279],[-65.40529861212303,41.84157184756393],[-65.57893594740695,41.5899981017613],[-65.73111248844228,41.58074906698915],[-65.78573996471137,41.61589539912334],[-65.84817136616176,41.60109694348789],[-66.0549753834662,41.641792696485375],[-66.13106365398386,41.63254366171322],[-66.12716169139321,41.66768999384741],[-66.20520094320621,41.72318420248034],[-66.2910441202005,41.72318420248034],[-66.33591668999297,41.78977725283986],[-66.38469122237609,41.8101251293386],[-66.47053439937038,41.80087609456645],[-66.52906383823013,41.82862319888291],[-66.2676323446566,41.956259878738656],[-66.24226958781738,42.0302521569159],[-66.2676323446566,42.03765138473362],[-66.18959309284361,42.10979385595644],[-66.04912243958022,42.15048960895392],[-65.9847400568345,42.19303516890584],[-66.01400477626437,42.226331694085594],[-65.97303416906256,42.339169918305885],[-65.90279884243085,42.33732011135146],[-65.88328902947761,42.383565285212235],[-65.80720075895994,42.43720968689074],[-66.10374991584932,42.39281431998439],[-66.1817891676623,42.40946258257427],[-66.13886757916517,42.439059493845164],[-66.20129898061556,42.483454860751515],[-66.07838715901009,42.503802737250254],[-66.05107342087554,42.590743664108516],[-66.09399500937269,42.62773980319714],[-66.17008327989036,42.6073919266984],[-66.2208087935688,42.505652544204686],[-66.26177940077062,42.483454860751515],[-66.34567159646959,42.575945208473065],[-66.3378676712883,42.67028536314905],[-66.28714215760985,42.68138420487564],[-66.2442205691127,42.73502860655414]]]}},{"type":"Feature","id":"25524","properties":{"MPIO":"25524","DPTO":"25","NOMBRE_MPI":"PANDI","NOMBRE_DPT":"CUNDINAMARCA"},"geometry":{"type":"Polygon","coordinates":[[[-62.37347367918828,42.51675138593127],[-62.26812068924074,42.45570775643505],[-62.225199100743595,42.37061663653122],[-62.34030699716776,42.38541509216667],[-62.37347367918828,42.51675138593127]]]}},{"type":"Feature","id":"73148","properties":{"MPIO":"73148","DPTO":"73","NOMBRE_MPI":"CARMEN DE APICALA","NOMBRE_DPT":"TOLIMA"},"geometry":{"type":"Polygon","coordinates":[[[-62.576375733902054,42.42981045907301],[-62.75196405048129,42.32992088353373],[-62.77147386343454,42.36506721566792],[-62.75196405048129,42.439059493845164],[-62.689532649030895,42.538949069384444],[-62.576375733902054,42.42981045907301]]]}},{"type":"Feature","id":"76036","properties":{"MPIO":"76036","DPTO":"76","NOMBRE_MPI":"ANDALUCIA","NOMBRE_DPT":"VALLE DEL CAUCA"},"geometry":{"type":"Polygon","coordinates":[[[-64.70489632710142,42.67768459096678],[-64.48638642202505,42.57224559456421],[-64.44736679611854,42.518601192885704],[-64.37322950689621,42.52785022765786],[-64.33225889969438,42.4649567912072],[-64.4668766090718,42.483454860751515],[-64.72830810264533,42.62219038233384],[-64.70489632710142,42.67768459096678]]]}},{"type":"Feature","id":"73268","properties":{"MPIO":"73268","DPTO":"73","NOMBRE_MPI":"ESPINAL","NOMBRE_DPT":"TOLIMA"},"geometry":{"type":"Polygon","coordinates":[[[-63.07387596420988,42.55929694588319],[-63.019248487940786,42.53709926243001],[-62.90414059151662,42.54634829720217],[-62.8553660591335,42.54634829720217],[-62.76366993825324,42.498253316386965],[-62.79683662027376,42.40576296866541],[-62.89048372244935,42.41686181039199],[-63.013395544054816,42.526000420703426],[-63.07192498291456,42.55004791111103],[-63.07387596420988,42.55929694588319]]]}},{"type":"Feature","id":"73319","properties":{"MPIO":"73319","DPTO":"73","NOMBRE_MPI":"GUAMO","NOMBRE_DPT":"TOLIMA"},"geometry":{"type":"Polygon","coordinates":[[[-63.07192498291456,42.55004791111103],[-63.013395544054816,42.526000420703426],[-62.89048372244935,42.41686181039199],[-62.79683662027376,42.40576296866541],[-62.86902292820078,42.31512242789829],[-62.95486610519507,42.29107493749068],[-63.114846571411704,42.27257686794637],[-63.1460622721369,42.34286953221475],[-63.11289559011638,42.42056142430086],[-63.1460622721369,42.48160505379708],[-63.07192498291456,42.55004791111103]]]}},{"type":"Feature","id":"50006","properties":{"MPIO":"50006","DPTO":"50","NOMBRE_MPI":"ACACIAS","NOMBRE_DPT":"META"},"geometry":{"type":"Polygon","coordinates":[[[-61.34920849914275,42.39466412693882],[-61.27507120992041,42.33732011135146],[-61.3609143869147,42.25777841231092],[-61.325796723598856,42.22448188713116],[-61.10338485593182,42.15788883677165],[-60.96486518396377,42.13939076722733],[-61.05656130484403,42.041350998642486],[-61.28872807898768,42.083896558594404],[-61.421394807069774,42.14494018809063],[-61.66526746898537,42.226331694085594],[-61.792081253181486,42.28182590271852],[-61.735502795617066,42.318822041807145],[-61.63210078696485,42.326221269624874],[-61.56771840421913,42.326221269624874],[-61.34920849914275,42.39466412693882]]]}},{"type":"Feature","id":"25649","properties":{"MPIO":"25649","DPTO":"25","NOMBRE_MPI":"SAN BERNARDO","NOMBRE_DPT":"CUNDINAMARCA"},"geometry":{"type":"Polygon","coordinates":[[[-62.26812068924074,42.45570775643505],[-61.99303232659994,42.433510072981875],[-62.01839508343916,42.376166057394514],[-62.07302255970826,42.3576679878502],[-62.1783755496558,42.35951779480463],[-62.19788536260904,42.33732011135146],[-62.225199100743595,42.37061663653122],[-62.26812068924074,42.45570775643505]]]}},{"type":"Feature","id":"76616","properties":{"MPIO":"76616","DPTO":"76","NOMBRE_MPI":"RIOFRIO","NOMBRE_DPT":"VALLE DEL CAUCA"},"geometry":{"type":"Polygon","coordinates":[[[-64.74196497171259,42.625889996242705],[-64.76147478466585,42.58704405019965],[-64.81610226093494,42.52785022765786],[-64.90779838181521,42.52415061374899],[-64.99559254010482,42.489004281614804],[-65.05022001637391,42.596293084971805],[-64.96827880197027,42.63513903101486],[-64.81610226093494,42.61294134756169],[-64.74196497171259,42.625889996242705]]]}},{"type":"Feature","id":"76834","properties":{"MPIO":"76834","DPTO":"76","NOMBRE_MPI":"TULUA","NOMBRE_DPT":"VALLE DEL CAUCA"},"geometry":{"type":"Polygon","coordinates":[[[-64.72830810264533,42.62219038233384],[-64.4668766090718,42.483454860751515],[-64.33225889969438,42.4649567912072],[-64.37322950689621,42.52785022765786],[-64.36737656301024,42.533399648521154],[-64.25812161047205,42.51305177202241],[-64.00059207948917,42.398363740847685],[-64.03375876150969,42.353968373941335],[-64.13325880757125,42.35581818089577],[-64.20154315290762,42.42426103820972],[-64.28348436731126,42.39651393389325],[-64.37518048819153,42.39096451302996],[-64.50979819756894,42.4113123895287],[-64.54101389829414,42.39096451302996],[-64.61905315010713,42.47235601902493],[-64.74196497171259,42.53709926243001],[-64.76147478466585,42.58704405019965],[-64.74196497171259,42.625889996242705],[-64.72830810264533,42.62219038233384]]]}},{"type":"Feature","id":"76670","properties":{"MPIO":"76670","DPTO":"76","NOMBRE_MPI":"SAN PEDRO","NOMBRE_DPT":"VALLE DEL CAUCA"},"geometry":{"type":"Polygon","coordinates":[[[-64.76147478466585,42.58704405019965],[-64.74196497171259,42.53709926243001],[-64.61905315010713,42.47235601902493],[-64.54101389829414,42.39096451302996],[-64.63856296306038,42.36506721566792],[-64.85317090554611,42.43535987993631],[-64.81610226093494,42.52785022765786],[-64.76147478466585,42.58704405019965]]]}},{"type":"Feature","id":"73226","properties":{"MPIO":"73226","DPTO":"73","NOMBRE_MPI":"CUNDAY","NOMBRE_DPT":"TOLIMA"},"geometry":{"type":"Polygon","coordinates":[[[-62.51784629504231,42.40576296866541],[-62.43200311804802,42.35951779480463],[-62.44761096841062,42.26517764012865],[-62.60564045333193,42.26517764012865],[-62.586130640378684,42.21893246626787],[-62.70123853680285,42.11719308377416],[-62.73440521882337,42.18748574804254],[-62.810493489341034,42.248529377538766],[-62.75196405048129,42.32992088353373],[-62.576375733902054,42.42981045907301],[-62.51784629504231,42.40576296866541]]]}},{"type":"Feature","id":"76126","properties":{"MPIO":"76126","DPTO":"76","NOMBRE_MPI":"DARIEN","NOMBRE_DPT":"VALLE DEL CAUCA"},"geometry":{"type":"Polygon","coordinates":[[[-65.05022001637391,42.596293084971805],[-64.99559254010482,42.489004281614804],[-65.02875922212534,42.39096451302996],[-65.03071020342067,42.32067184876158],[-65.11460239911963,42.31512242789829],[-65.24922010849704,42.333620497442595],[-65.33311230419602,42.3576679878502],[-65.45992608839212,42.3817154782578],[-65.56137711574902,42.57224559456421],[-65.43651431284823,42.49270389552367],[-65.28823973440355,42.52785022765786],[-65.20239655740926,42.52415061374899],[-65.05022001637391,42.596293084971805]]]}},{"type":"Feature","id":"73504","properties":{"MPIO":"73504","DPTO":"73","NOMBRE_MPI":"ORTEGA","NOMBRE_DPT":"TOLIMA"},"geometry":{"type":"Polygon","coordinates":[[[-63.36847413980393,42.46680659816163],[-63.309944700944186,42.461257177298336],[-63.34311138296471,42.42056142430086],[-63.29043488799094,42.35026876003248],[-63.24166035560782,42.35026876003248],[-63.140209328250926,42.26702744708308],[-63.16752306638548,42.241130149721045],[-63.29823881317223,42.198584589769126],[-63.413346709596404,42.133841346364036],[-63.49918988659069,42.18563594108811],[-63.67672918446525,42.23743053581218],[-63.557719325450435,42.41501200343756],[-63.40749376571043,42.47790543988822],[-63.36847413980393,42.46680659816163]]]}},{"type":"Feature","id":"25506","properties":{"MPIO":"25506","DPTO":"25","NOMBRE_MPI":"VENECIA","NOMBRE_DPT":"CUNDINAMARCA"},"geometry":{"type":"Polygon","coordinates":[[[-62.225199100743595,42.37061663653122],[-62.19788536260904,42.33732011135146],[-62.21349321297164,42.28182590271852],[-62.392983492141525,42.28737532358182],[-62.400787417322825,42.32067184876158],[-62.34030699716776,42.38541509216667],[-62.225199100743595,42.37061663653122]]]}},{"type":"Feature","id":"73675","properties":{"MPIO":"73675","DPTO":"73","NOMBRE_MPI":"SAN ANTONIO","NOMBRE_DPT":"TOLIMA"},"geometry":{"type":"Polygon","coordinates":[[[-63.573327175813034,42.461257177298336],[-63.557719325450435,42.41501200343756],[-63.67672918446525,42.23743053581218],[-63.791837080889415,42.24297995667547],[-63.79378806218474,42.26517764012865],[-63.89523908954163,42.36136760175906],[-63.78793511829876,42.37061663653122],[-63.75476843627824,42.41316219648313],[-63.573327175813034,42.461257177298336]]]}},{"type":"Feature","id":"76890","properties":{"MPIO":"76890","DPTO":"76","NOMBRE_MPI":"YOTOCO","NOMBRE_DPT":"VALLE DEL CAUCA"},"geometry":{"type":"Polygon","coordinates":[[[-64.81610226093494,42.52785022765786],[-64.85317090554611,42.43535987993631],[-64.91950426958715,42.328071076579306],[-64.92730819476846,42.268877254037506],[-64.9624258580843,42.226331694085594],[-64.96827880197027,42.22818150104003],[-65.03071020342067,42.32067184876158],[-65.02875922212534,42.39096451302996],[-64.99559254010482,42.489004281614804],[-64.90779838181521,42.52415061374899],[-64.81610226093494,42.52785022765786]]]}},{"type":"Feature","id":"50318","properties":{"MPIO":"50318","DPTO":"50","NOMBRE_MPI":"GUAMAL","NOMBRE_DPT":"META"},"geometry":{"type":"Polygon","coordinates":[[[-61.792081253181486,42.28182590271852],[-61.66526746898537,42.226331694085594],[-61.421394807069774,42.14494018809063],[-61.28872807898768,42.083896558594404],[-61.341404573961455,41.99510582478171],[-61.37457125598198,42.02840234996147],[-61.43310069484172,42.056149454277936],[-61.56771840421913,42.07834713773111],[-61.692581207119915,42.08019694468554],[-61.76866947763759,42.11719308377416],[-61.934502887740194,42.146789995045054],[-61.98522840141864,42.170837485452665],[-62.00278723307656,42.241130149721045],[-61.97157153235136,42.25962821926535],[-61.792081253181486,42.28182590271852]]]}},{"type":"Feature","id":"25120","properties":{"MPIO":"25120","DPTO":"25","NOMBRE_MPI":"CABRERA","NOMBRE_DPT":"CUNDINAMARCA"},"geometry":{"type":"Polygon","coordinates":[[[-62.21349321297164,42.28182590271852],[-62.209591250380996,42.15973864372607],[-62.29153246478464,42.06539848905009],[-62.416395267685424,41.96180929960195],[-62.39493447343685,42.054299647323504],[-62.45931685618257,42.10239462813871],[-62.39688545473217,42.20043439672356],[-62.42029723027608,42.25592860535649],[-62.392983492141525,42.28737532358182],[-62.21349321297164,42.28182590271852]]]}},{"type":"Feature","id":"76111","properties":{"MPIO":"76111","DPTO":"76","NOMBRE_MPI":"BUGA","NOMBRE_DPT":"VALLE DEL CAUCA"},"geometry":{"type":"Polygon","coordinates":[[[-64.54101389829414,42.39096451302996],[-64.50979819756894,42.4113123895287],[-64.37518048819153,42.39096451302996],[-64.28348436731126,42.39651393389325],[-64.20154315290762,42.42426103820972],[-64.13325880757125,42.35581818089577],[-64.1995921716123,42.339169918305885],[-64.33420988098972,42.181936327179244],[-64.47858249684374,42.2207822732223],[-64.62685707528843,42.261478026219784],[-64.77122969114247,42.283675709672956],[-64.83756305518351,42.25777841231092],[-64.92730819476846,42.268877254037506],[-64.91950426958715,42.328071076579306],[-64.85317090554611,42.43535987993631],[-64.63856296306038,42.36506721566792],[-64.54101389829414,42.39096451302996]]]}},{"type":"Feature","id":"94001","properties":{"MPIO":"94001","DPTO":"94","NOMBRE_MPI":"INIRIDA","NOMBRE_DPT":"GUAINIA"},"geometry":{"type":"Polygon","coordinates":[[[-53.31701850629051,40.91666837034839],[-53.32677341276713,40.86302396866989],[-53.29555771204193,40.79088149744708],[-53.35408715090168,40.73353748185971],[-53.529675467480914,40.700240956679956],[-53.6935578962882,40.60590080200397],[-53.83402854955158,40.578153697687505],[-53.867195231572104,40.54670697946218],[-53.88865602582068,40.43941817610518],[-53.79891088623573,40.33212937274817],[-53.81256775530301,40.243338638935484],[-53.964744296338345,40.32473014493045],[-54.03107766037939,40.315481110158295],[-54.13838163162225,40.215591534619016],[-54.22422480861654,40.25443748066207],[-54.388107237423824,40.28218458497854],[-54.4641955079415,40.31178149624943],[-54.516872002915264,40.300682654522845],[-54.550038684935785,40.22299076243674],[-54.62807793674878,40.215591534619016],[-54.86804863607373,40.16194713294051],[-55.024127139699715,40.202642885938],[-55.09046050374076,40.11755176603417],[-55.1411860174192,40.087954854763275],[-55.209470362755575,40.08980466171771],[-55.281656670682594,40.04725910176579],[-55.330431203065714,39.96216798186196],[-55.34213709083766,39.86227840632268],[-55.31287237140779,39.82713207418849],[-55.36554886638156,39.76978805860113],[-55.40651947358338,39.7975351629176],[-55.48650970669169,39.923322035818906],[-55.56064699591404,39.98436566531513],[-55.63283330384105,40.17674558857596],[-55.70501961176808,40.258137094570934],[-55.72062746213067,40.335828986657035],[-55.60747054700184,40.38392396747224],[-55.644539191613006,40.48936296387482],[-55.601617603115855,40.5541062072799],[-55.47090185632909,40.56150543509763],[-55.39091162322078,40.60035138114068],[-55.16849975555375,40.587402732459665],[-55.096313447626734,40.62439887154828],[-54.953891813068026,40.63364790632044],[-54.84268587923451,40.56890466291535],[-54.77830349648879,40.557805821188765],[-54.678803450427225,40.57445408377865],[-54.56759751659371,40.56705485596092],[-54.44273471369292,40.59665176723182],[-54.30421504172486,40.59110234636852],[-54.20861695825394,40.679893080181216],[-54.34518564892669,40.722438640133134],[-54.42907784462565,40.71133979840654],[-54.57735242307034,40.7742332348572],[-54.68270541301787,40.91851817730282],[-54.80366625332801,40.95181470248259],[-54.93243101881945,40.94811508857372],[-54.95779377565867,40.972162578981326],[-54.926578074933474,41.08315099624719],[-54.94608788788672,41.14049501183455],[-54.86804863607373,41.121996942290245],[-54.80366625332801,41.171941730059885],[-54.77440153389814,41.15529346747],[-54.48175433959942,41.1312459770624],[-54.431028825920976,41.179340957877606],[-54.31982289208746,41.17564134396874],[-54.33152877985941,41.242234394328264],[-54.237881677683816,41.22558613173838],[-54.20276401436797,41.29772860296119],[-54.05058747333264,41.244084201282696],[-54.05058747333264,41.28108034037132],[-53.88670504452536,41.23298535955611],[-53.85548934380016,41.20338844828521],[-53.804763830121715,41.25333323605485],[-53.79305794234976,41.22188651782952],[-53.681852008516245,41.17564134396874],[-53.66819513944897,41.13309578401683],[-53.584302943750004,41.149744046606706],[-53.37554794515025,41.21818690392066],[-53.38335187033155,41.112747907518084],[-53.36384205737831,40.96291354420917],[-53.31701850629051,40.91666837034839]]]}},{"type":"Feature","id":"73168","properties":{"MPIO":"73168","DPTO":"73","NOMBRE_MPI":"CHAPARRAL","NOMBRE_DPT":"TOLIMA"},"geometry":{"type":"Polygon","coordinates":[[[-63.89523908954163,42.36136760175906],[-63.79378806218474,42.26517764012865],[-63.791837080889415,42.24297995667547],[-63.67672918446525,42.23743053581218],[-63.49918988659069,42.18563594108811],[-63.413346709596404,42.133841346364036],[-63.54601343767849,42.03210196387033],[-63.63380759596811,41.969208527419674],[-63.735258623324995,41.869318951880395],[-63.848415538453835,41.85822011015381],[-63.8776802578837,41.90076567010573],[-63.885484183065,41.96365910655638],[-63.9791312852406,41.99510582478171],[-64.02205287373775,42.05799926123237],[-64.13325880757125,42.13939076722733],[-64.24056277881412,42.11534327681973],[-64.37127852560089,42.11904289072859],[-64.33420988098972,42.181936327179244],[-64.1995921716123,42.339169918305885],[-64.13325880757125,42.35581818089577],[-64.03375876150969,42.353968373941335],[-64.00059207948917,42.398363740847685],[-63.89523908954163,42.36136760175906]]]}},{"type":"Feature","id":"73585","properties":{"MPIO":"73585","DPTO":"73","NOMBRE_MPI":"PURIFICACION","NOMBRE_DPT":"TOLIMA"},"geometry":{"type":"Polygon","coordinates":[[[-62.86902292820078,42.31512242789829],[-62.87292489079143,42.25592860535649],[-62.810493489341034,42.248529377538766],[-62.73440521882337,42.18748574804254],[-62.70123853680285,42.11719308377416],[-62.71489540587012,42.09869501422985],[-62.8865817598587,42.15788883677165],[-62.9490131613091,42.13199153940961],[-63.00559161887352,42.1430903811362],[-63.04266026348469,42.07464752382224],[-63.11679755270703,42.107944049002],[-63.07972890809586,42.183786134133676],[-63.050464188665984,42.217082659313434],[-62.94706218001377,42.25592860535649],[-62.95486610519507,42.29107493749068],[-62.86902292820078,42.31512242789829]]]}},{"type":"Feature","id":"50223","properties":{"MPIO":"50223","DPTO":"50","NOMBRE_MPI":"SAN LUIS DE CUBARRAL","NOMBRE_DPT":"META"},"geometry":{"type":"Polygon","coordinates":[[[-61.37457125598198,42.02840234996147],[-61.37262027468665,41.91556412574117],[-61.54625760997056,41.889666828379134],[-61.69648316971057,41.876718179698116],[-61.831100879087984,41.9174139326956],[-61.98913036400929,41.941461423103206],[-62.063267653231634,41.95071045787536],[-62.31104227773788,41.913714318786745],[-62.408591342504124,41.848971075381655],[-62.47687568784049,41.876718179698116],[-62.416395267685424,41.96180929960195],[-62.31104227773788,41.96180929960195],[-62.27592461442204,42.011754087371585],[-62.145208867635276,42.09314559336656],[-62.135453961158646,42.141240574181765],[-62.00278723307656,42.241130149721045],[-61.98522840141864,42.170837485452665],[-61.934502887740194,42.146789995045054],[-61.76866947763759,42.11719308377416],[-61.692581207119915,42.08019694468554],[-61.56771840421913,42.07834713773111],[-61.43310069484172,42.056149454277936],[-61.37457125598198,42.02840234996147]]]}},{"type":"Feature","id":"50680","properties":{"MPIO":"50680","DPTO":"50","NOMBRE_MPI":"SAN CARLOS DE GUAROA","NOMBRE_DPT":"META"},"geometry":{"type":"Polygon","coordinates":[[[-60.5668649997175,42.05060003341464],[-60.48687476660918,42.05799926123237],[-60.41859042127282,42.03765138473362],[-60.38737472054762,41.98770659696399],[-60.408835514796195,41.82307377801962],[-60.377619814071,41.791627059794294],[-60.44590415940736,41.71578497466262],[-60.62344345728192,41.79532667370315],[-60.89462985733207,41.84527146147279],[-60.91804163287597,42.04320080559692],[-61.05656130484403,42.041350998642486],[-60.96486518396377,42.13939076722733],[-60.75220822277336,42.08019694468554],[-60.66441406448374,42.08574636554883],[-60.5668649997175,42.05060003341464]]]}},{"type":"Feature","id":"73873","properties":{"MPIO":"73873","DPTO":"73","NOMBRE_MPI":"VILLARRICA","NOMBRE_DPT":"TOLIMA"},"geometry":{"type":"Polygon","coordinates":[[[-62.44761096841062,42.26517764012865],[-62.42029723027608,42.25592860535649],[-62.39688545473217,42.20043439672356],[-62.45931685618257,42.10239462813871],[-62.52369923892829,42.02285292909818],[-62.609542415922576,41.98030736914626],[-62.58417965908336,42.02285292909818],[-62.65441498571505,42.02840234996147],[-62.74220914400467,41.989556403918414],[-62.78513073250181,42.00990428041716],[-62.746111106595315,42.07464752382224],[-62.71489540587012,42.09869501422985],[-62.70123853680285,42.11719308377416],[-62.586130640378684,42.21893246626787],[-62.60564045333193,42.26517764012865],[-62.44761096841062,42.26517764012865]]]}},{"type":"Feature","id":"73671","properties":{"MPIO":"73671","DPTO":"73","NOMBRE_MPI":"SALDA¥A","NOMBRE_DPT":"TOLIMA"},"geometry":{"type":"Polygon","coordinates":[[[-63.114846571411704,42.27257686794637],[-62.95486610519507,42.29107493749068],[-62.94706218001377,42.25592860535649],[-63.050464188665984,42.217082659313434],[-63.07972890809586,42.183786134133676],[-63.16557208509015,42.17453709936152],[-63.16752306638548,42.241130149721045],[-63.140209328250926,42.26702744708308],[-63.114846571411704,42.27257686794637]]]}},{"type":"Feature","id":"73217","properties":{"MPIO":"73217","DPTO":"73","NOMBRE_MPI":"COYAIMA","NOMBRE_DPT":"TOLIMA"},"geometry":{"type":"Polygon","coordinates":[[[-63.07972890809586,42.183786134133676],[-63.11679755270703,42.107944049002],[-63.04266026348469,42.07464752382224],[-63.07387596420988,42.02840234996147],[-63.22605250524522,42.00805447346273],[-63.348964326850684,42.05244984036907],[-63.40164082182445,41.991406210872846],[-63.46797418586549,41.96365910655638],[-63.53820951249719,41.99695563173614],[-63.54601343767849,42.03210196387033],[-63.413346709596404,42.133841346364036],[-63.29823881317223,42.198584589769126],[-63.16752306638548,42.241130149721045],[-63.16557208509015,42.17453709936152],[-63.07972890809586,42.183786134133676]]]}},{"type":"Feature","id":"50150","properties":{"MPIO":"50150","DPTO":"50","NOMBRE_MPI":"CASTILLA LA NUEVA","NOMBRE_DPT":"META"},"geometry":{"type":"Polygon","coordinates":[[[-61.28872807898768,42.083896558594404],[-61.05656130484403,42.041350998642486],[-60.91804163287597,42.04320080559692],[-60.89462985733207,41.84527146147279],[-61.05265934225338,41.88226760056141],[-61.341404573961455,41.99510582478171],[-61.28872807898768,42.083896558594404]]]}},{"type":"Feature","id":"76233","properties":{"MPIO":"76233","DPTO":"76","NOMBRE_MPI":"DAGUA","NOMBRE_DPT":"VALLE DEL CAUCA"},"geometry":{"type":"Polygon","coordinates":[[[-65.24922010849704,42.333620497442595],[-65.2062985199999,42.27812628880966],[-65.30189660347082,42.13939076722733],[-65.23361225813446,42.04320080559692],[-65.32725936031004,41.96180929960195],[-65.40724959341836,41.84527146147279],[-65.43456333155291,41.99510582478171],[-65.4735829574594,42.070947909913386],[-65.5828379099976,42.15048960895392],[-65.50089669559395,42.17823671327039],[-65.42090646248563,42.233730921903316],[-65.42480842507628,42.296624358353974],[-65.33311230419602,42.3576679878502],[-65.24922010849704,42.333620497442595]]]}},{"type":"Feature","id":"50689","properties":{"MPIO":"50689","DPTO":"50","NOMBRE_MPI":"SAN MARTIN","NOMBRE_DPT":"META"},"geometry":{"type":"Polygon","coordinates":[[[-61.341404573961455,41.99510582478171],[-61.05265934225338,41.88226760056141],[-60.89462985733207,41.84527146147279],[-60.62344345728192,41.79532667370315],[-60.44590415940736,41.71578497466262],[-60.377619814071,41.791627059794294],[-60.09277654495357,41.91186451183231],[-59.96010981687149,41.92481316051333],[-59.75915874345303,41.84157184756393],[-59.59332533335042,41.75093130679681],[-59.48797234340288,41.76757956938668],[-59.53479589449068,41.63254366171322],[-59.61283514630367,41.57889926003472],[-59.68892341682134,41.454962194087834],[-59.64795280961952,41.39576837154604],[-59.87426663987719,41.3458235837764],[-60.26056093635151,41.33842435595868],[-60.3386001881645,41.35507261854856],[-60.45956102847464,41.349523197685265],[-60.5824728500801,41.406867213272626],[-60.6292964011679,41.46236142190556],[-60.74050233500141,41.504906981857474],[-60.754159204068685,41.54745254180939],[-60.83610041847233,41.62329462694106],[-60.94925733360117,41.63994288953094],[-61.001933828574934,41.527104665310645],[-61.03119854800481,41.5123062096752],[-61.0858260242739,41.57334983917143],[-61.14435546313365,41.586298487852446],[-61.25946335955781,41.65289153821196],[-61.29458102287366,41.728733623343636],[-61.35115948043808,41.7805282180677],[-61.421394807069774,41.78977725283986],[-61.419443825774444,41.81567455020189],[-61.37262027468665,41.91556412574117],[-61.37457125598198,42.02840234996147],[-61.341404573961455,41.99510582478171]]]}},{"type":"Feature","id":"76606","properties":{"MPIO":"76606","DPTO":"76","NOMBRE_MPI":"RESTREPO","NOMBRE_DPT":"VALLE DEL CAUCA"},"geometry":{"type":"Polygon","coordinates":[[[-65.24922010849704,42.333620497442595],[-65.11460239911963,42.31512242789829],[-65.03071020342067,42.32067184876158],[-65.13021024948223,42.20043439672356],[-65.1906906696373,42.22818150104003],[-65.2062985199999,42.27812628880966],[-65.24922010849704,42.333620497442595]]]}},{"type":"Feature","id":"76869","properties":{"MPIO":"76869","DPTO":"76","NOMBRE_MPI":"VIJES","NOMBRE_DPT":"VALLE DEL CAUCA"},"geometry":{"type":"Polygon","coordinates":[[[-64.96827880197027,42.22818150104003],[-65.05412197896456,42.12089269768302],[-65.12435730559626,42.1375409602729],[-65.13021024948223,42.20043439672356],[-65.03071020342067,42.32067184876158],[-64.96827880197027,42.22818150104003]]]}},{"type":"Feature","id":"76318","properties":{"MPIO":"76318","DPTO":"76","NOMBRE_MPI":"GUACARI","NOMBRE_DPT":"VALLE DEL CAUCA"},"geometry":{"type":"Polygon","coordinates":[[[-64.92730819476846,42.268877254037506],[-64.83756305518351,42.25777841231092],[-64.77122969114247,42.283675709672956],[-64.62685707528843,42.261478026219784],[-64.64441590694636,42.226331694085594],[-64.84731796166014,42.20043439672356],[-64.8687787559087,42.17268729240709],[-64.9624258580843,42.226331694085594],[-64.92730819476846,42.268877254037506]]]}},{"type":"Feature","id":"73563","properties":{"MPIO":"73563","DPTO":"73","NOMBRE_MPI":"PRADO","NOMBRE_DPT":"TOLIMA"},"geometry":{"type":"Polygon","coordinates":[[[-62.746111106595315,42.07464752382224],[-62.843660171361556,41.99880543869057],[-62.988032787215595,41.971058334374106],[-63.07387596420988,42.02840234996147],[-63.04266026348469,42.07464752382224],[-63.00559161887352,42.1430903811362],[-62.9490131613091,42.13199153940961],[-62.8865817598587,42.15788883677165],[-62.71489540587012,42.09869501422985],[-62.746111106595315,42.07464752382224]]]}},{"type":"Feature","id":"76306","properties":{"MPIO":"76306","DPTO":"76","NOMBRE_MPI":"GINEBRA","NOMBRE_DPT":"VALLE DEL CAUCA"},"geometry":{"type":"Polygon","coordinates":[[[-64.62685707528843,42.261478026219784],[-64.47858249684374,42.2207822732223],[-64.60149431844921,42.14863980199949],[-64.74391595300793,42.13569115331847],[-64.8687787559087,42.17268729240709],[-64.84731796166014,42.20043439672356],[-64.64441590694636,42.226331694085594],[-64.62685707528843,42.261478026219784]]]}},{"type":"Feature","id":"41206","properties":{"MPIO":"41206","DPTO":"41","NOMBRE_MPI":"COLOMBIA","NOMBRE_DPT":"HUILA"},"geometry":{"type":"Polygon","coordinates":[[[-62.609542415922576,41.98030736914626],[-62.52369923892829,42.02285292909818],[-62.45931685618257,42.10239462813871],[-62.39493447343685,42.054299647323504],[-62.416395267685424,41.96180929960195],[-62.47687568784049,41.876718179698116],[-62.58808162167401,41.75833053461453],[-62.60759143462725,41.62329462694106],[-62.64661106053375,41.56780041830813],[-62.74025816270934,41.506756788811906],[-62.77537582602519,41.43831393149796],[-62.9334053109465,41.39391856459161],[-62.9412092361278,41.39761817850047],[-62.99778769369222,41.471610456677716],[-62.98217984332962,41.54745254180939],[-63.05436615125664,41.61034597826004],[-62.851464096542855,41.726883816389204],[-62.81244447063636,41.75833053461453],[-62.826101339703634,41.83232281279177],[-62.75976797566259,41.89706605619686],[-62.609542415922576,41.98030736914626]]]}},{"type":"Feature","id":"76377","properties":{"MPIO":"76377","DPTO":"76","NOMBRE_MPI":"LA CUMBRE","NOMBRE_DPT":"VALLE DEL CAUCA"},"geometry":{"type":"Polygon","coordinates":[[[-65.13021024948223,42.20043439672356],[-65.12435730559626,42.1375409602729],[-65.23361225813446,42.04320080559692],[-65.30189660347082,42.13939076722733],[-65.2062985199999,42.27812628880966],[-65.1906906696373,42.22818150104003],[-65.13021024948223,42.20043439672356]]]}},{"type":"Feature","id":"76248","properties":{"MPIO":"76248","DPTO":"76","NOMBRE_MPI":"EL CERRITO","NOMBRE_DPT":"VALLE DEL CAUCA"},"geometry":{"type":"Polygon","coordinates":[[[-64.9624258580843,42.226331694085594],[-64.8687787559087,42.17268729240709],[-64.74391595300793,42.13569115331847],[-64.60149431844921,42.14863980199949],[-64.47858249684374,42.2207822732223],[-64.33420988098972,42.181936327179244],[-64.37127852560089,42.11904289072859],[-64.420053057984,42.15973864372607],[-64.51955310404557,42.07464752382224],[-64.62880805658376,42.05799926123237],[-64.7653767472565,42.08204675163997],[-64.87463169979469,42.07464752382224],[-65.02680824083002,42.14863980199949],[-65.05412197896456,42.12089269768302],[-64.96827880197027,42.22818150104003],[-64.9624258580843,42.226331694085594]]]}},{"type":"Feature","id":"73236","properties":{"MPIO":"73236","DPTO":"73","NOMBRE_MPI":"DOLORES","NOMBRE_DPT":"TOLIMA"},"geometry":{"type":"Polygon","coordinates":[[[-62.746111106595315,42.07464752382224],[-62.78513073250181,42.00990428041716],[-62.74220914400467,41.989556403918414],[-62.65441498571505,42.02840234996147],[-62.58417965908336,42.02285292909818],[-62.609542415922576,41.98030736914626],[-62.75976797566259,41.89706605619686],[-62.826101339703634,41.83232281279177],[-62.81244447063636,41.75833053461453],[-62.851464096542855,41.726883816389204],[-62.908042554107276,41.76942937634112],[-62.9099935354026,41.813824743247466],[-63.08753283327716,41.82122397106519],[-63.12069951529768,41.84157184756393],[-63.114846571411704,41.88781702142471],[-63.03095437571274,41.91556412574117],[-62.988032787215595,41.971058334374106],[-62.843660171361556,41.99880543869057],[-62.746111106595315,42.07464752382224]]]}},{"type":"Feature","id":"94886","properties":{"MPIO":"94886","DPTO":"94","NOMBRE_MPI":"CACAHUAL","NOMBRE_DPT":"GUAINIA"},"geometry":{"type":"Polygon","coordinates":[[[-53.428224440124026,40.285884198887395],[-53.488704860279086,40.30808188234057],[-53.55698920561546,40.26368651543422],[-53.81256775530301,40.243338638935484],[-53.79891088623573,40.33212937274817],[-53.88865602582068,40.43941817610518],[-53.867195231572104,40.54670697946218],[-53.83402854955158,40.578153697687505],[-53.6935578962882,40.60590080200397],[-53.529675467480914,40.700240956679956],[-53.35408715090168,40.73353748185971],[-53.29555771204193,40.79088149744708],[-53.32677341276713,40.86302396866989],[-53.31701850629051,40.91666837034839],[-53.1824007969131,40.905569528621804],[-53.14923411489257,40.81862860176355],[-53.13947920841595,40.62994829241158],[-53.05948897530763,40.56705485596092],[-53.047783087535684,40.49861199864697],[-53.09265565732815,40.437568369150746],[-53.14728313359725,40.41722049265201],[-53.16094000266452,40.37467493270009],[-53.22142042281959,40.38392396747224],[-53.428224440124026,40.285884198887395]]]}},{"type":"Feature","id":"76520","properties":{"MPIO":"76520","DPTO":"76","NOMBRE_MPI":"PALMIRA","NOMBRE_DPT":"VALLE DEL CAUCA"},"geometry":{"type":"Polygon","coordinates":[[[-65.05412197896456,42.12089269768302],[-65.02680824083002,42.14863980199949],[-64.87463169979469,42.07464752382224],[-64.7653767472565,42.08204675163997],[-64.62880805658376,42.05799926123237],[-64.51955310404557,42.07464752382224],[-64.420053057984,42.15973864372607],[-64.37127852560089,42.11904289072859],[-64.41810207668868,42.033951770824764],[-64.44736679611854,41.91001470487788],[-64.4590726838905,41.898915863151295],[-64.68148455155753,41.93961161614878],[-64.87658268109001,41.9229633535589],[-64.9780337084469,41.94331123005764],[-65.09314160487106,41.92481316051333],[-65.11265141782431,41.948860650920935],[-65.1028965113477,42.026552543007035],[-65.05412197896456,42.12089269768302]]]}},{"type":"Feature","id":"73616","properties":{"MPIO":"73616","DPTO":"73","NOMBRE_MPI":"RIOBLANCO","NOMBRE_DPT":"TOLIMA"},"geometry":{"type":"Polygon","coordinates":[[[-63.8776802578837,41.90076567010573],[-63.90694497731358,41.876718179698116],[-63.9869352104219,41.88781702142471],[-64.06302348093956,41.86006991710824],[-64.18788628384036,41.784227831976565],[-64.28738632990192,41.778678411113276],[-64.52930801052219,41.6195950130322],[-64.54881782347545,41.4827092984043],[-64.56832763642869,41.47346026363215],[-64.58783744938194,41.50860659576634],[-64.58783744938194,41.61404559216891],[-64.5780825429053,41.65844095907525],[-64.52345506663622,41.76572976243226],[-64.44736679611854,41.91001470487788],[-64.41810207668868,42.033951770824764],[-64.37127852560089,42.11904289072859],[-64.24056277881412,42.11534327681973],[-64.13325880757125,42.13939076722733],[-64.02205287373775,42.05799926123237],[-63.9791312852406,41.99510582478171],[-63.885484183065,41.96365910655638],[-63.8776802578837,41.90076567010573]]]}},{"type":"Feature","id":"50270","properties":{"MPIO":"50270","DPTO":"50","NOMBRE_MPI":"EL DORADO","NOMBRE_DPT":"META"},"geometry":{"type":"Polygon","coordinates":[[[-61.37262027468665,41.91556412574117],[-61.419443825774444,41.81567455020189],[-61.53845368478926,41.85637030319938],[-61.54625760997056,41.889666828379134],[-61.37262027468665,41.91556412574117]]]}},{"type":"Feature","id":"94343","properties":{"MPIO":"94343","DPTO":"94","NOMBRE_MPI":"BARRANCO MINAS","NOMBRE_DPT":"GUAINIA"},"geometry":{"type":"Polygon","coordinates":[[[-54.926578074933474,41.08315099624719],[-54.95779377565867,40.972162578981326],[-54.93243101881945,40.94811508857372],[-54.80366625332801,40.95181470248259],[-54.68270541301787,40.91851817730282],[-54.57735242307034,40.7742332348572],[-54.42907784462565,40.71133979840654],[-54.34518564892669,40.722438640133134],[-54.20861695825394,40.679893080181216],[-54.30421504172486,40.59110234636852],[-54.44273471369292,40.59665176723182],[-54.56759751659371,40.56705485596092],[-54.678803450427225,40.57445408377865],[-54.77830349648879,40.557805821188765],[-54.84268587923451,40.56890466291535],[-54.953891813068026,40.63364790632044],[-55.096313447626734,40.62439887154828],[-55.16849975555375,40.587402732459665],[-55.39091162322078,40.60035138114068],[-55.47090185632909,40.56150543509763],[-55.601617603115855,40.5541062072799],[-55.644539191613006,40.48936296387482],[-55.60747054700184,40.38392396747224],[-55.72062746213067,40.335828986657035],[-55.83183339596419,40.387623581381106],[-55.89036283482393,40.35247724924692],[-56.01522563772472,40.40982126483428],[-56.17715708523668,40.40242203701656],[-56.294215962956166,40.415370685697575],[-56.366402270883185,40.29328342670512],[-56.51272586803255,40.300682654522845],[-56.45809839176345,40.54115755859888],[-56.584912175959566,41.05355408497629],[-56.53223568098579,41.00915871806995],[-56.44053956010553,41.0184077528421],[-56.446392503991504,41.08130118929276],[-56.35274540181591,41.01655794588767],[-56.325431663681364,41.05170427802186],[-56.34689245792994,41.15344366051557],[-56.28446105647954,41.06465292670288],[-56.261049280935644,41.149744046606706],[-56.23958848668707,41.1016490657915],[-56.190813954303955,41.149744046606706],[-55.948892273683676,41.1312459770624],[-55.902068722595885,41.234835166510535],[-55.79866671394367,41.19598922046748],[-55.72648040601665,41.2385347804194],[-55.667950967156905,41.18119076483204],[-55.51577442612157,41.20523825523964],[-55.54894110814209,41.14049501183455],[-55.49626461316832,41.149744046606706],[-55.490411669282345,41.214487290011796],[-55.46114694985248,41.162692695287724],[-55.41627438006,41.1848903787409],[-55.36164690379091,41.14604443269785],[-55.38700966063013,41.11459771447252],[-55.29141157715922,41.14419462574342],[-55.22507821311817,41.092400031019345],[-55.11582326057999,41.1256965561991],[-55.033882046176345,41.127546363153535],[-54.926578074933474,41.08315099624719]]]}},{"type":"Feature","id":"73483","properties":{"MPIO":"73483","DPTO":"73","NOMBRE_MPI":"NATAGAIMA","NOMBRE_DPT":"TOLIMA"},"geometry":{"type":"Polygon","coordinates":[[[-63.07387596420988,42.02840234996147],[-62.988032787215595,41.971058334374106],[-63.03095437571274,41.91556412574117],[-63.114846571411704,41.88781702142471],[-63.12069951529768,41.84157184756393],[-63.17532699156678,41.76757956938668],[-63.19483680452002,41.784227831976565],[-63.36262119591795,41.756480727660104],[-63.38603297146185,41.734283044206926],[-63.4211506347777,41.76942937634112],[-63.47968007363745,41.73058343029807],[-63.54406245638316,41.76757956938668],[-63.46407222327485,41.848971075381655],[-63.501140867886015,41.934062195285485],[-63.46797418586549,41.96365910655638],[-63.40164082182445,41.991406210872846],[-63.348964326850684,42.05244984036907],[-63.22605250524522,42.00805447346273],[-63.07387596420988,42.02840234996147]]]}},{"type":"Feature","id":"50370","properties":{"MPIO":"50370","DPTO":"50","NOMBRE_MPI":"LA URIBE","NOMBRE_DPT":"META"},"geometry":{"type":"Polygon","coordinates":[[[-62.063267653231634,41.95071045787536],[-62.07497354100358,41.86006991710824],[-62.04570882157371,41.80087609456645],[-62.088630410070856,41.79532667370315],[-62.1237480733867,41.597397329579024],[-62.16471868058852,41.55855138353598],[-62.215444194266965,41.419815861953644],[-62.201787325199696,41.24593400823712],[-62.11399316691008,41.157143274424435],[-62.1237480733867,41.08130118929276],[-62.05741470934566,41.06280311974845],[-61.99693428919059,40.94811508857372],[-61.829149897792654,40.8038301461281],[-61.813542047430055,40.78903169049265],[-61.864267561108505,40.76683400703948],[-61.93255190644487,40.83712667130786],[-61.97937545753267,40.814928987854685],[-62.153012792816575,40.84822551303444],[-62.408591342504124,40.86117416171546],[-62.547111014472186,40.82602782958127],[-62.59003260296933,40.76128458617618],[-62.80854250804571,40.8038301461281],[-62.80464054545506,40.86117416171546],[-62.67197381737297,40.98326142070791],[-62.66221891089635,41.092400031019345],[-62.8553660591335,41.20153864133078],[-63.050464188665984,41.28847956818904],[-62.9334053109465,41.39391856459161],[-62.77537582602519,41.43831393149796],[-62.74025816270934,41.506756788811906],[-62.64661106053375,41.56780041830813],[-62.60759143462725,41.62329462694106],[-62.58808162167401,41.75833053461453],[-62.47687568784049,41.876718179698116],[-62.408591342504124,41.848971075381655],[-62.31104227773788,41.913714318786745],[-62.063267653231634,41.95071045787536]]]}},{"type":"Feature","id":"50400","properties":{"MPIO":"50400","DPTO":"50","NOMBRE_MPI":"LEJANIAS","NOMBRE_DPT":"META"},"geometry":{"type":"Polygon","coordinates":[[[-62.063267653231634,41.95071045787536],[-61.98913036400929,41.941461423103206],[-61.913042093491626,41.80642551542974],[-61.83695382297395,41.754630920705665],[-61.76086555245629,41.73058343029807],[-61.60088508623965,41.71763478161705],[-61.54625760997056,41.63809308257651],[-61.47797326463419,41.60849617130562],[-61.48187522722484,41.556701576581546],[-61.69843415100589,41.56780041830813],[-61.80183615965811,41.527104665310645],[-61.94425779421682,41.58814829480687],[-61.99303232659994,41.64734211734867],[-62.01059115825786,41.741682272024654],[-62.04570882157371,41.80087609456645],[-62.07497354100358,41.86006991710824],[-62.063267653231634,41.95071045787536]]]}},{"type":"Feature","id":"50251","properties":{"MPIO":"50251","DPTO":"50","NOMBRE_MPI":"EL CASTILLO","NOMBRE_DPT":"META"},"geometry":{"type":"Polygon","coordinates":[[[-61.54625760997056,41.889666828379134],[-61.53845368478926,41.85637030319938],[-61.419443825774444,41.81567455020189],[-61.421394807069774,41.78977725283986],[-61.429198732251066,41.72503400943477],[-61.46626737686224,41.71023555379932],[-61.60088508623965,41.71763478161705],[-61.76086555245629,41.73058343029807],[-61.83695382297395,41.754630920705665],[-61.913042093491626,41.80642551542974],[-61.98913036400929,41.941461423103206],[-61.831100879087984,41.9174139326956],[-61.69648316971057,41.876718179698116],[-61.54625760997056,41.889666828379134]]]}},{"type":"Feature","id":"76892","properties":{"MPIO":"76892","DPTO":"76","NOMBRE_MPI":"YUMBO","NOMBRE_DPT":"VALLE DEL CAUCA"},"geometry":{"type":"Polygon","coordinates":[[[-65.12435730559626,42.1375409602729],[-65.05412197896456,42.12089269768302],[-65.1028965113477,42.026552543007035],[-65.11265141782431,41.948860650920935],[-65.23361225813446,42.04320080559692],[-65.12435730559626,42.1375409602729]]]}},{"type":"Feature","id":"73067","properties":{"MPIO":"73067","DPTO":"73","NOMBRE_MPI":"ATACO","NOMBRE_DPT":"TOLIMA"},"geometry":{"type":"Polygon","coordinates":[[[-63.54601343767849,42.03210196387033],[-63.53820951249719,41.99695563173614],[-63.46797418586549,41.96365910655638],[-63.501140867886015,41.934062195285485],[-63.46407222327485,41.848971075381655],[-63.54406245638316,41.76757956938668],[-63.60844483912888,41.77497879720441],[-63.74891549239227,41.69543709816388],[-63.840611613272536,41.66953980080184],[-63.9245038089715,41.621444819986635],[-63.918650865085525,41.577049453080285],[-63.94206264062942,41.54560273485496],[-63.94401362192475,41.70468613293603],[-63.95767049099202,41.763879955477826],[-64.07082740612086,41.68063864252843],[-64.16252352700113,41.676939028619564],[-64.12350390109464,41.756480727660104],[-64.18788628384036,41.784227831976565],[-64.06302348093956,41.86006991710824],[-63.9869352104219,41.88781702142471],[-63.90694497731358,41.876718179698116],[-63.8776802578837,41.90076567010573],[-63.848415538453835,41.85822011015381],[-63.735258623324995,41.869318951880395],[-63.63380759596811,41.969208527419674],[-63.54601343767849,42.03210196387033]]]}},{"type":"Feature","id":"50313","properties":{"MPIO":"50313","DPTO":"50","NOMBRE_MPI":"GRANADA","NOMBRE_DPT":"META"},"geometry":{"type":"Polygon","coordinates":[[[-61.421394807069774,41.78977725283986],[-61.35115948043808,41.7805282180677],[-61.29458102287366,41.728733623343636],[-61.47797326463419,41.60849617130562],[-61.54625760997056,41.63809308257651],[-61.60088508623965,41.71763478161705],[-61.46626737686224,41.71023555379932],[-61.429198732251066,41.72503400943477],[-61.421394807069774,41.78977725283986]]]}},{"type":"Feature","id":"76001","properties":{"MPIO":"76001","DPTO":"76","NOMBRE_MPI":"CALI","NOMBRE_DPT":"VALLE DEL CAUCA"},"geometry":{"type":"Polygon","coordinates":[[[-65.11265141782431,41.948860650920935],[-65.09314160487106,41.92481316051333],[-65.09899454875703,41.79347686674872],[-65.13021024948223,41.76572976243226],[-65.25702403367835,41.78237802502213],[-65.40529861212303,41.84157184756393],[-65.40724959341836,41.84527146147279],[-65.32725936031004,41.96180929960195],[-65.23361225813446,42.04320080559692],[-65.11265141782431,41.948860650920935]]]}},{"type":"Feature","id":"50330","properties":{"MPIO":"50330","DPTO":"50","NOMBRE_MPI":"MESETAS","NOMBRE_DPT":"META"},"geometry":{"type":"Polygon","coordinates":[[[-62.04570882157371,41.80087609456645],[-62.01059115825786,41.741682272024654],[-61.99303232659994,41.64734211734867],[-61.94425779421682,41.58814829480687],[-61.80183615965811,41.527104665310645],[-61.790130271886156,41.4586618079967],[-61.88182639276643,41.36617146027514],[-61.86816952369915,41.164542502242156],[-61.89938522442435,41.121996942290245],[-61.8408557855646,41.08315099624719],[-61.805738122248755,40.99621006938893],[-61.829149897792654,40.8038301461281],[-61.99693428919059,40.94811508857372],[-62.05741470934566,41.06280311974845],[-62.1237480733867,41.08130118929276],[-62.11399316691008,41.157143274424435],[-62.201787325199696,41.24593400823712],[-62.215444194266965,41.419815861953644],[-62.16471868058852,41.55855138353598],[-62.1237480733867,41.597397329579024],[-62.088630410070856,41.79532667370315],[-62.04570882157371,41.80087609456645]]]}},{"type":"Feature","id":"50287","properties":{"MPIO":"50287","DPTO":"50","NOMBRE_MPI":"FUENTE DE ORO","NOMBRE_DPT":"META"},"geometry":{"type":"Polygon","coordinates":[[[-61.29458102287366,41.728733623343636],[-61.25946335955781,41.65289153821196],[-61.14435546313365,41.586298487852446],[-61.0858260242739,41.57334983917143],[-61.03119854800481,41.5123062096752],[-61.099482893341175,41.47346026363215],[-61.23800256530924,41.45126258017898],[-61.20678686458404,41.37912010895616],[-61.308237891940934,41.38096991591059],[-61.460414432976265,41.491958333176456],[-61.48187522722484,41.556701576581546],[-61.47797326463419,41.60849617130562],[-61.29458102287366,41.728733623343636]]]}},{"type":"Feature","id":"73024","properties":{"MPIO":"73024","DPTO":"73","NOMBRE_MPI":"ALPUJARRA","NOMBRE_DPT":"TOLIMA"},"geometry":{"type":"Polygon","coordinates":[[[-63.12069951529768,41.84157184756393],[-63.08753283327716,41.82122397106519],[-62.9099935354026,41.813824743247466],[-62.908042554107276,41.76942937634112],[-62.851464096542855,41.726883816389204],[-63.05436615125664,41.61034597826004],[-63.155817178613525,41.612195785214475],[-63.24751329949379,41.66029076602969],[-63.155817178613525,41.71578497466262],[-63.17532699156678,41.76757956938668],[-63.12069951529768,41.84157184756393]]]}},{"type":"Feature","id":"76563","properties":{"MPIO":"76563","DPTO":"76","NOMBRE_MPI":"PRADERA","NOMBRE_DPT":"VALLE DEL CAUCA"},"geometry":{"type":"Polygon","coordinates":[[[-64.87658268109001,41.9229633535589],[-64.68148455155753,41.93961161614878],[-64.4590726838905,41.898915863151295],[-64.44736679611854,41.91001470487788],[-64.52345506663622,41.76572976243226],[-64.64246492565103,41.82862319888291],[-64.79269048539105,41.82307377801962],[-64.90194543792923,41.84712126842722],[-64.87658268109001,41.9229633535589]]]}},{"type":"Feature","id":"50577","properties":{"MPIO":"50577","DPTO":"50","NOMBRE_MPI":"PUERTO LLERAS","NOMBRE_DPT":"META"},"geometry":{"type":"Polygon","coordinates":[[[-61.03119854800481,41.5123062096752],[-61.001933828574934,41.527104665310645],[-60.94925733360117,41.63994288953094],[-60.83610041847233,41.62329462694106],[-60.754159204068685,41.54745254180939],[-60.74050233500141,41.504906981857474],[-60.6292964011679,41.46236142190556],[-60.5824728500801,41.406867213272626],[-60.45956102847464,41.349523197685265],[-60.3386001881645,41.35507261854856],[-60.26056093635151,41.33842435595868],[-60.2839727118954,41.28662976123461],[-60.37566883277567,41.19598922046748],[-60.39127668313827,41.15529346747],[-60.56296303712685,41.20153864133078],[-60.6292964011679,41.25148342910042],[-60.82244354940505,41.20338844828521],[-60.882923969560125,41.199688834376346],[-61.12679663147573,41.294028989052336],[-61.130698594066374,41.3458235837764],[-61.20678686458404,41.37912010895616],[-61.23800256530924,41.45126258017898],[-61.099482893341175,41.47346026363215],[-61.03119854800481,41.5123062096752]]]}},{"type":"Feature","id":"76130","properties":{"MPIO":"76130","DPTO":"76","NOMBRE_MPI":"CANDELARIA","NOMBRE_DPT":"VALLE DEL CAUCA"},"geometry":{"type":"Polygon","coordinates":[[[-65.09314160487106,41.92481316051333],[-64.9780337084469,41.94331123005764],[-64.87658268109001,41.9229633535589],[-64.90194543792923,41.84712126842722],[-64.96437683937963,41.756480727660104],[-65.09899454875703,41.79347686674872],[-65.09314160487106,41.92481316051333]]]}},{"type":"Feature","id":"50325","properties":{"MPIO":"50325","DPTO":"50","NOMBRE_MPI":"MAPIRIPAN","NOMBRE_DPT":"META"},"geometry":{"type":"Polygon","coordinates":[[[-59.64795280961952,41.39576837154604],[-59.48016841822158,41.36617146027514],[-59.44114879231509,41.39576837154604],[-59.14850159801637,41.414266441090355],[-59.066560383612725,41.41241663413592],[-59.03144272029688,41.36802126722957],[-58.922187767758686,41.342123969867544],[-58.857805385012966,41.37912010895616],[-58.64514842382256,41.39761817850047],[-58.457854219471386,41.35877223245742],[-58.32323651009397,41.36247184636628],[-58.198373707193184,41.30697763773335],[-58.09106973595032,41.30697763773335],[-58.04034422227187,41.24778381519155],[-57.95450104527758,41.19413941351306],[-58.05205011004382,40.70394057058882],[-58.30567767843605,40.72613825404199],[-58.352501229523845,40.77053362094834],[-58.448099312994756,40.7205888331787],[-58.54759935905632,40.764984200085046],[-58.711481787863605,40.74648613054073],[-58.818785759106476,40.75388535835846],[-58.945599543302585,40.81862860176355],[-58.96510935625584,40.7742332348572],[-59.18947220521819,40.77793284876606],[-59.25385458796391,40.76313439313061],[-59.38066837216002,40.81677879480912],[-59.42554094195249,40.870423196487614],[-59.52309000671873,40.85192512694331],[-59.51138411894678,40.757584972267324],[-59.603080239827044,40.80937956699139],[-59.628442996666266,40.785332076583785],[-59.749403836976406,40.77793284876606],[-60.01668827443591,40.89262087994079],[-60.15325696510864,40.89817030080408],[-60.26641388023748,40.942565667710426],[-60.37371785148035,40.95366450943702],[-60.408835514796195,40.98141161375348],[-60.39127668313827,41.15529346747],[-60.37566883277567,41.19598922046748],[-60.2839727118954,41.28662976123461],[-60.26056093635151,41.33842435595868],[-59.87426663987719,41.3458235837764],[-59.64795280961952,41.39576837154604]]]}},{"type":"Feature","id":"41872","properties":{"MPIO":"41872","DPTO":"41","NOMBRE_MPI":"VILLAVIEJA","NOMBRE_DPT":"HUILA"},"geometry":{"type":"Polygon","coordinates":[[[-63.17532699156678,41.76757956938668],[-63.155817178613525,41.71578497466262],[-63.24751329949379,41.66029076602969],[-63.155817178613525,41.612195785214475],[-63.18313091674807,41.57519964612585],[-63.29433685058159,41.53080427921951],[-63.26507213115171,41.47531007058658],[-63.37627806498523,41.484559105358734],[-63.41724867218705,41.527104665310645],[-63.518699699543944,41.50305717490304],[-63.53625853120187,41.50860659576634],[-63.45626829809355,41.599247136533464],[-63.47382712975147,41.66584018689298],[-63.38603297146185,41.734283044206926],[-63.36262119591795,41.756480727660104],[-63.19483680452002,41.784227831976565],[-63.17532699156678,41.76757956938668]]]}},{"type":"Feature","id":"41016","properties":{"MPIO":"41016","DPTO":"41","NOMBRE_MPI":"AIPE","NOMBRE_DPT":"HUILA"},"geometry":{"type":"Polygon","coordinates":[[[-63.54406245638316,41.76757956938668],[-63.47968007363745,41.73058343029807],[-63.4211506347777,41.76942937634112],[-63.38603297146185,41.734283044206926],[-63.47382712975147,41.66584018689298],[-63.45626829809355,41.599247136533464],[-63.53625853120187,41.50860659576634],[-63.59478797006161,41.46791084276885],[-63.686484090941875,41.49380814013089],[-63.6884350722372,41.57519964612585],[-63.63966053985408,41.63994288953094],[-63.69038605353252,41.62329462694106],[-63.78013119311747,41.63439346866765],[-63.823052781614614,41.597397329579024],[-63.918650865085525,41.577049453080285],[-63.9245038089715,41.621444819986635],[-63.840611613272536,41.66953980080184],[-63.74891549239227,41.69543709816388],[-63.60844483912888,41.77497879720441],[-63.54406245638316,41.76757956938668]]]}},{"type":"Feature","id":"76275","properties":{"MPIO":"76275","DPTO":"76","NOMBRE_MPI":"FLORIDA","NOMBRE_DPT":"VALLE DEL CAUCA"},"geometry":{"type":"Polygon","coordinates":[[[-64.90194543792923,41.84712126842722],[-64.79269048539105,41.82307377801962],[-64.64246492565103,41.82862319888291],[-64.52345506663622,41.76572976243226],[-64.5780825429053,41.65844095907525],[-64.66782768249026,41.67138960775627],[-64.78878852280039,41.73613285116136],[-64.96437683937963,41.756480727660104],[-64.90194543792923,41.84712126842722]]]}},{"type":"Feature","id":"73555","properties":{"MPIO":"73555","DPTO":"73","NOMBRE_MPI":"PLANADAS","NOMBRE_DPT":"TOLIMA"},"geometry":{"type":"Polygon","coordinates":[[[-64.18788628384036,41.784227831976565],[-64.12350390109464,41.756480727660104],[-64.16252352700113,41.676939028619564],[-64.07082740612086,41.68063864252843],[-63.95767049099202,41.763879955477826],[-63.94401362192475,41.70468613293603],[-63.94206264062942,41.54560273485496],[-64.04351366798632,41.53820350703723],[-64.17422941477308,41.471610456677716],[-64.24836670399542,41.477159877541006],[-64.34006282487569,41.41056682718149],[-64.38298441337284,41.41056682718149],[-64.4824844594344,41.41241663413592],[-64.54881782347545,41.44756296627011],[-64.56832763642869,41.47346026363215],[-64.54881782347545,41.4827092984043],[-64.52930801052219,41.6195950130322],[-64.28738632990192,41.778678411113276],[-64.18788628384036,41.784227831976565]]]}},{"type":"Feature","id":"76364","properties":{"MPIO":"76364","DPTO":"76","NOMBRE_MPI":"JAMUNDI","NOMBRE_DPT":"VALLE DEL CAUCA"},"geometry":{"type":"Polygon","coordinates":[[[-65.40529861212303,41.84157184756393],[-65.25702403367835,41.78237802502213],[-65.13021024948223,41.76572976243226],[-65.10679847393834,41.72318420248034],[-65.16532791279808,41.63439346866765],[-65.24336716461107,41.591847908715735],[-65.36627898621654,41.60109694348789],[-65.5828379099976,41.58444868089801],[-65.57893594740695,41.5899981017613],[-65.40529861212303,41.84157184756393]]]}},{"type":"Feature","id":"50683","properties":{"MPIO":"50683","DPTO":"50","NOMBRE_MPI":"SAN JUAN DE ARAMA","NOMBRE_DPT":"META"},"geometry":{"type":"Polygon","coordinates":[[[-61.48187522722484,41.556701576581546],[-61.460414432976265,41.491958333176456],[-61.308237891940934,41.38096991591059],[-61.20678686458404,41.37912010895616],[-61.130698594066374,41.3458235837764],[-61.12679663147573,41.294028989052336],[-61.15801233220092,41.277380726462454],[-61.45065952649964,41.3754204950473],[-61.589179198467704,41.384669529819455],[-61.848659710745906,41.35322281159413],[-61.88182639276643,41.36617146027514],[-61.790130271886156,41.4586618079967],[-61.80183615965811,41.527104665310645],[-61.69843415100589,41.56780041830813],[-61.48187522722484,41.556701576581546]]]}},{"type":"Feature","id":"19573","properties":{"MPIO":"19573","DPTO":"19","NOMBRE_MPI":"PUERTO TEJADA","NOMBRE_DPT":"CAUCA"},"geometry":{"type":"Polygon","coordinates":[[[-64.96437683937963,41.756480727660104],[-64.97413174585625,41.734283044206926],[-64.9936415588095,41.676939028619564],[-65.07363179191782,41.71578497466262],[-65.10679847393834,41.72318420248034],[-65.13021024948223,41.76572976243226],[-65.09899454875703,41.79347686674872],[-64.96437683937963,41.756480727660104]]]}},{"type":"Feature","id":"19455","properties":{"MPIO":"19455","DPTO":"19","NOMBRE_MPI":"MIRANDA","NOMBRE_DPT":"CAUCA"},"geometry":{"type":"Polygon","coordinates":[[[-64.97413174585625,41.734283044206926],[-64.96437683937963,41.756480727660104],[-64.78878852280039,41.73613285116136],[-64.66782768249026,41.67138960775627],[-64.5780825429053,41.65844095907525],[-64.58783744938194,41.61404559216891],[-64.61905315010713,41.61404559216891],[-64.85512188684143,41.69358729120945],[-64.97413174585625,41.734283044206926]]]}},{"type":"Feature","id":"41078","properties":{"MPIO":"41078","DPTO":"41","NOMBRE_MPI":"BARAYA","NOMBRE_DPT":"HUILA"},"geometry":{"type":"Polygon","coordinates":[[[-63.155817178613525,41.612195785214475],[-63.05436615125664,41.61034597826004],[-62.98217984332962,41.54745254180939],[-62.99778769369222,41.471610456677716],[-62.9412092361278,41.39761817850047],[-63.05436615125664,41.43091470368023],[-63.11679755270703,41.43091470368023],[-63.26507213115171,41.47531007058658],[-63.29433685058159,41.53080427921951],[-63.18313091674807,41.57519964612585],[-63.155817178613525,41.612195785214475]]]}},{"type":"Feature","id":"19513","properties":{"MPIO":"19513","DPTO":"19","NOMBRE_MPI":"PADILLA","NOMBRE_DPT":"CAUCA"},"geometry":{"type":"Polygon","coordinates":[[[-64.97413174585625,41.734283044206926],[-64.85512188684143,41.69358729120945],[-64.8843866062713,41.5899981017613],[-64.9468180077217,41.61404559216891],[-64.9936415588095,41.676939028619564],[-64.97413174585625,41.734283044206926]]]}},{"type":"Feature","id":"19418","properties":{"MPIO":"19418","DPTO":"19","NOMBRE_MPI":"LOPEZ","NOMBRE_DPT":"CAUCA"},"geometry":{"type":"Polygon","coordinates":[[[-65.57893594740695,41.5899981017613],[-65.5828379099976,41.58444868089801],[-65.59649477906487,41.51600582358406],[-65.65307323662928,41.43276451063466],[-65.75062230139552,41.35692242550299],[-65.85402431004773,41.39391856459161],[-66.04522047698957,41.369871074184005],[-66.10765187843997,41.41241663413592],[-66.18374014895764,41.40131779240934],[-66.27348528854257,41.334724742049815],[-66.35152454035557,41.48085949144987],[-66.44907360512181,41.499357560994184],[-66.53296580082078,41.47346026363215],[-66.62075995911039,41.40316759936377],[-66.65977958501689,41.40316759936377],[-66.71440706128598,41.469760649723284],[-66.74562276201118,41.46606103581442],[-66.8100051447569,41.46791084276885],[-66.71830902387663,41.57334983917143],[-66.80415220087092,41.57519964612585],[-66.74562276201118,41.63809308257651],[-66.65587762242623,41.67138960775627],[-66.53686776341142,41.776828604158844],[-66.47053439937038,41.80087609456645],[-66.38469122237609,41.8101251293386],[-66.33591668999297,41.78977725283986],[-66.2910441202005,41.72318420248034],[-66.20520094320621,41.72318420248034],[-66.12716169139321,41.66768999384741],[-66.13106365398386,41.63254366171322],[-66.0549753834662,41.641792696485375],[-65.84817136616176,41.60109694348789],[-65.78573996471137,41.61589539912334],[-65.73111248844228,41.58074906698915],[-65.57893594740695,41.5899981017613]]]}},{"type":"Feature","id":"41001","properties":{"MPIO":"41001","DPTO":"41","NOMBRE_MPI":"NEIVA","NOMBRE_DPT":"HUILA"},"geometry":{"type":"Polygon","coordinates":[[[-63.94206264062942,41.54560273485496],[-63.918650865085525,41.577049453080285],[-63.823052781614614,41.597397329579024],[-63.78013119311747,41.63439346866765],[-63.69038605353252,41.62329462694106],[-63.63966053985408,41.63994288953094],[-63.6884350722372,41.57519964612585],[-63.686484090941875,41.49380814013089],[-63.59478797006161,41.46791084276885],[-63.53625853120187,41.50860659576634],[-63.518699699543944,41.50305717490304],[-63.49138596140939,41.41796605499921],[-63.430905541254326,41.349523197685265],[-63.15191521602288,41.31067725164221],[-63.050464188665984,41.28847956818904],[-63.22995446783587,41.149744046606706],[-63.28263096280964,41.16084288833329],[-63.49723890529537,41.25518304300928],[-63.59283698876628,41.264432077781436],[-63.616248764310185,41.36802126722957],[-63.776229230526816,41.41796605499921],[-63.823052781614614,41.38651933677389],[-63.9323077341528,41.39021895068275],[-64.04351366798632,41.47900968449544],[-64.17422941477308,41.471610456677716],[-64.04351366798632,41.53820350703723],[-63.94206264062942,41.54560273485496]]]}},{"type":"Feature","id":"19142","properties":{"MPIO":"19142","DPTO":"19","NOMBRE_MPI":"CALOTO","NOMBRE_DPT":"CAUCA"},"geometry":{"type":"Polygon","coordinates":[[[-65.07363179191782,41.71578497466262],[-64.9936415588095,41.676939028619564],[-64.9468180077217,41.61404559216891],[-64.8843866062713,41.5899981017613],[-64.84926894295546,41.556701576581546],[-64.88048464368066,41.44756296627011],[-64.93706310124507,41.442013545406816],[-65.0092494091721,41.42536528281694],[-65.07753375450847,41.42351547586251],[-65.12240632430094,41.454962194087834],[-65.0872886609851,41.48085949144987],[-65.09704356746171,41.591847908715735],[-65.05997492285054,41.65474134516639],[-65.07363179191782,41.71578497466262]]]}},{"type":"Feature","id":"19212","properties":{"MPIO":"19212","DPTO":"19","NOMBRE_MPI":"CORINTO","NOMBRE_DPT":"CAUCA"},"geometry":{"type":"Polygon","coordinates":[[[-64.85512188684143,41.69358729120945],[-64.61905315010713,41.61404559216891],[-64.58783744938194,41.61404559216891],[-64.58783744938194,41.50860659576634],[-64.70684730839675,41.521555244447356],[-64.84926894295546,41.556701576581546],[-64.8843866062713,41.5899981017613],[-64.85512188684143,41.69358729120945]]]}},{"type":"Feature","id":"50711","properties":{"MPIO":"50711","DPTO":"50","NOMBRE_MPI":"VISTAHERMOSA","NOMBRE_DPT":"META"},"geometry":{"type":"Polygon","coordinates":[[[-61.12679663147573,41.294028989052336],[-61.15020840701962,41.25148342910042],[-61.13655153795234,40.89262087994079],[-60.99022794080299,40.80752976003696],[-60.96876714655441,40.7205888331787],[-60.8419533623583,40.65954520368248],[-60.78732588608921,40.57630389073307],[-60.78537490479388,40.5300587168723],[-60.85365925013025,40.50416141951026],[-60.916090651580646,40.54670697946218],[-61.03314952930013,40.49491238473811],[-61.13460055665702,40.51711006819128],[-61.20873784587937,40.50971084037356],[-61.22434569624196,40.55595601423433],[-61.19508097681209,40.685442501044506],[-61.284826116397035,40.835276864353425],[-61.3921300876399,40.84452589912558],[-61.813542047430055,40.78903169049265],[-61.829149897792654,40.8038301461281],[-61.805738122248755,40.99621006938893],[-61.8408557855646,41.08315099624719],[-61.89938522442435,41.121996942290245],[-61.86816952369915,41.164542502242156],[-61.88182639276643,41.36617146027514],[-61.848659710745906,41.35322281159413],[-61.589179198467704,41.384669529819455],[-61.45065952649964,41.3754204950473],[-61.15801233220092,41.277380726462454],[-61.12679663147573,41.294028989052336]]]}},{"type":"Feature","id":"41799","properties":{"MPIO":"41799","DPTO":"41","NOMBRE_MPI":"TELLO","NOMBRE_DPT":"HUILA"},"geometry":{"type":"Polygon","coordinates":[[[-63.26507213115171,41.47531007058658],[-63.11679755270703,41.43091470368023],[-63.05436615125664,41.43091470368023],[-62.9412092361278,41.39761817850047],[-62.9334053109465,41.39391856459161],[-63.050464188665984,41.28847956818904],[-63.15191521602288,41.31067725164221],[-63.430905541254326,41.349523197685265],[-63.49138596140939,41.41796605499921],[-63.518699699543944,41.50305717490304],[-63.41724867218705,41.527104665310645],[-63.37627806498523,41.484559105358734],[-63.26507213115171,41.47531007058658]]]}},{"type":"Feature","id":"19698","properties":{"MPIO":"19698","DPTO":"19","NOMBRE_MPI":"SANTANDER DE QUILICHAO","NOMBRE_DPT":"CAUCA"},"geometry":{"type":"Polygon","coordinates":[[[-65.09704356746171,41.591847908715735],[-65.0872886609851,41.48085949144987],[-65.12240632430094,41.454962194087834],[-65.07753375450847,41.42351547586251],[-65.0092494091721,41.42536528281694],[-65.11070043652899,41.3754204950473],[-65.19264165093263,41.35692242550299],[-65.33116132290068,41.36617146027514],[-65.28628875310822,41.43646412454353],[-65.24336716461107,41.591847908715735],[-65.16532791279808,41.63439346866765],[-65.09704356746171,41.591847908715735]]]}},{"type":"Feature","id":"50590","properties":{"MPIO":"50590","DPTO":"50","NOMBRE_MPI":"PUERTO RICO","NOMBRE_DPT":"META"},"geometry":{"type":"Polygon","coordinates":[[[-61.12679663147573,41.294028989052336],[-60.882923969560125,41.199688834376346],[-60.82244354940505,41.20338844828521],[-60.6292964011679,41.25148342910042],[-60.56296303712685,41.20153864133078],[-60.39127668313827,41.15529346747],[-60.408835514796195,40.98141161375348],[-60.321041356506576,40.864873775624325],[-60.328845281687876,40.814928987854685],[-60.28202173060008,40.73168767490529],[-60.299580562258,40.665094624545766],[-60.377619814071,40.692841728862234],[-60.521992429925035,40.64659655500146],[-60.56491401842218,40.61699964373056],[-60.52589439251568,40.56890466291535],[-60.586374812670755,40.58000350464194],[-60.568815981012825,40.51711006819128],[-60.617590513395946,40.557805821188765],[-60.78537490479388,40.5300587168723],[-60.78732588608921,40.57630389073307],[-60.8419533623583,40.65954520368248],[-60.96876714655441,40.7205888331787],[-60.99022794080299,40.80752976003696],[-61.13655153795234,40.89262087994079],[-61.15020840701962,41.25148342910042],[-61.12679663147573,41.294028989052336]]]}},{"type":"Feature","id":"19110","properties":{"MPIO":"19110","DPTO":"19","NOMBRE_MPI":"BUENOS AIRES","NOMBRE_DPT":"CAUCA"},"geometry":{"type":"Polygon","coordinates":[[[-65.5828379099976,41.58444868089801],[-65.36627898621654,41.60109694348789],[-65.24336716461107,41.591847908715735],[-65.28628875310822,41.43646412454353],[-65.33116132290068,41.36617146027514],[-65.38188683657913,41.35507261854856],[-65.47943590134537,41.319926286414365],[-65.4735829574594,41.434614317589094],[-65.53796534020512,41.49750775403975],[-65.59649477906487,41.51600582358406],[-65.5828379099976,41.58444868089801]]]}},{"type":"Feature","id":"19821","properties":{"MPIO":"19821","DPTO":"19","NOMBRE_MPI":"TORIBIO","NOMBRE_DPT":"CAUCA"},"geometry":{"type":"Polygon","coordinates":[[[-64.58783744938194,41.50860659576634],[-64.56832763642869,41.47346026363215],[-64.54881782347545,41.44756296627011],[-64.7497688968939,41.3754204950473],[-64.80244539186766,41.3217760933688],[-64.93901408254041,41.384669529819455],[-64.93706310124507,41.442013545406816],[-64.88048464368066,41.44756296627011],[-64.84926894295546,41.556701576581546],[-64.70684730839675,41.521555244447356],[-64.58783744938194,41.50860659576634]]]}},{"type":"Feature","id":"94884","properties":{"MPIO":"94884","DPTO":"94","NOMBRE_MPI":"PUERTO COLOMBIA","NOMBRE_DPT":"GUAINIA"},"geometry":{"type":"Polygon","coordinates":[[[-53.81256775530301,40.243338638935484],[-53.55698920561546,40.26368651543422],[-53.488704860279086,40.30808188234057],[-53.428224440124026,40.285884198887395],[-53.88085210063937,40.073156399127825],[-53.754038316443264,40.038010066993635],[-53.66819513944897,39.98066605140627],[-53.56479313079676,39.951069140135374],[-53.54528331784351,39.89372512454801],[-53.56674411209208,39.82713207418849],[-53.47504799121182,39.81788303941634],[-53.36384205737831,39.679147517834004],[-53.55113626172948,39.631052537018796],[-53.611616681884556,39.63845176483652],[-53.691606914992875,39.68284713174287],[-53.73452850349001,39.629202730064364],[-53.81256775530301,39.679147517834004],[-53.931577614317824,39.723542884740354],[-53.96669527763367,39.708744429104904],[-53.968646258929,39.579257942294724],[-54.06619532369523,39.47196913893772],[-54.060342379809256,39.42942357898581],[-53.96669527763367,39.373929370352876],[-53.964744296338345,39.28883825044905],[-54.04668551074199,39.10570736196037],[-54.04083256685601,39.059462188099594],[-54.099362005715754,39.02616566291984],[-54.253489528046416,38.99471894469451],[-54.356891536698626,39.04836334637301],[-54.41932293814902,39.111256782823666],[-54.44273471369292,39.19264828881863],[-54.495411208666695,39.24999230440599],[-54.58125438566098,39.28698844349462],[-54.64173480581606,39.22224520008953],[-54.74123485187762,39.24999230440599],[-54.655391674883326,39.403526281623776],[-54.74513681446827,39.53301276843395],[-54.82707802887191,39.544111610160535],[-54.895362374208275,39.44422203462126],[-54.94218592529607,39.44422203462126],[-55.08655854115011,39.54041199625168],[-55.057293821720236,39.631052537018796],[-54.920725131047504,39.63845176483652],[-54.85829372959711,39.710594236059336],[-54.9519408317727,39.79013593509987],[-55.016323214518415,39.80308458378089],[-55.11777424187531,39.74204095428466],[-55.29141157715922,39.74389076123909],[-55.36554886638156,39.76978805860113],[-55.31287237140779,39.82713207418849],[-55.34213709083766,39.86227840632268],[-55.330431203065714,39.96216798186196],[-55.281656670682594,40.04725910176579],[-55.209470362755575,40.08980466171771],[-55.1411860174192,40.087954854763275],[-55.09046050374076,40.11755176603417],[-55.024127139699715,40.202642885938],[-54.86804863607373,40.16194713294051],[-54.62807793674878,40.215591534619016],[-54.550038684935785,40.22299076243674],[-54.516872002915264,40.300682654522845],[-54.4641955079415,40.31178149624943],[-54.388107237423824,40.28218458497854],[-54.22422480861654,40.25443748066207],[-54.13838163162225,40.215591534619016],[-54.03107766037939,40.315481110158295],[-53.964744296338345,40.32473014493045],[-53.81256775530301,40.243338638935484]]]}},{"type":"Feature","id":"41676","properties":{"MPIO":"41676","DPTO":"41","NOMBRE_MPI":"SANTA MARIA","NOMBRE_DPT":"HUILA"},"geometry":{"type":"Polygon","coordinates":[[[-64.17422941477308,41.471610456677716],[-64.04351366798632,41.47900968449544],[-63.9323077341528,41.39021895068275],[-63.91474890249488,41.34397377682197],[-63.9713273600593,41.33287493509538],[-64.12155291979931,41.264432077781436],[-64.22885689104217,41.36617146027514],[-64.38298441337284,41.41056682718149],[-64.34006282487569,41.41056682718149],[-64.24836670399542,41.477159877541006],[-64.17422941477308,41.471610456677716]]]}},{"type":"Feature","id":"19809","properties":{"MPIO":"19809","DPTO":"19","NOMBRE_MPI":"TIMBIQUI","NOMBRE_DPT":"CAUCA"},"geometry":{"type":"Polygon","coordinates":[[[-67.43822112185148,41.63994288953094],[-67.38164266428707,41.64549231039423],[-67.41871130889824,41.56780041830813],[-67.46943682257668,41.55115215571825],[-67.49089761682525,41.599247136533464],[-67.43822112185148,41.63994288953094]]]}},{"type":"Feature","id":"41524","properties":{"MPIO":"41524","DPTO":"41","NOMBRE_MPI":"PALERMO","NOMBRE_DPT":"HUILA"},"geometry":{"type":"Polygon","coordinates":[[[-63.9323077341528,41.39021895068275],[-63.823052781614614,41.38651933677389],[-63.776229230526816,41.41796605499921],[-63.616248764310185,41.36802126722957],[-63.59283698876628,41.264432077781436],[-63.60844483912888,41.2089378691485],[-63.68453310964655,41.147894239652274],[-63.73720960462032,41.10904829360923],[-63.79769002477539,41.11644752142695],[-63.856219463635135,41.13309578401683],[-63.86597437011176,41.25148342910042],[-63.9713273600593,41.33287493509538],[-63.91474890249488,41.34397377682197],[-63.9323077341528,41.39021895068275]]]}},{"type":"Feature","id":"19780","properties":{"MPIO":"19780","DPTO":"19","NOMBRE_MPI":"SUAREZ","NOMBRE_DPT":"CAUCA"},"geometry":{"type":"Polygon","coordinates":[[[-65.59649477906487,41.51600582358406],[-65.53796534020512,41.49750775403975],[-65.4735829574594,41.434614317589094],[-65.47943590134537,41.319926286414365],[-65.59259281647421,41.34397377682197],[-65.65307323662928,41.43276451063466],[-65.59649477906487,41.51600582358406]]]}},{"type":"Feature","id":"19517","properties":{"MPIO":"19517","DPTO":"19","NOMBRE_MPI":"PAEZ","NOMBRE_DPT":"CAUCA"},"geometry":{"type":"Polygon","coordinates":[[[-64.54881782347545,41.44756296627011],[-64.4824844594344,41.41241663413592],[-64.49614132850166,41.342123969867544],[-64.47663151554842,41.214487290011796],[-64.43370992705128,41.10904829360923],[-64.37322950689621,41.03320620847755],[-64.34396478746633,40.93886605380157],[-64.33225889969438,40.89077107298636],[-64.34786675005698,40.88337184516863],[-64.42200403927933,40.85377493389774],[-64.5058962349783,40.91666837034839],[-64.57613156160998,41.08130118929276],[-64.72050417746402,41.112747907518084],[-64.87268071849935,41.08685061015605],[-64.88243562497598,41.157143274424435],[-64.83951403647883,41.15529346747],[-64.74196497171259,41.23113555260168],[-64.81024931704897,41.23668497346497],[-64.80244539186766,41.3217760933688],[-64.7497688968939,41.3754204950473],[-64.54881782347545,41.44756296627011]]]}},{"type":"Feature","id":"41801","properties":{"MPIO":"41801","DPTO":"41","NOMBRE_MPI":"TERUEL","NOMBRE_DPT":"HUILA"},"geometry":{"type":"Polygon","coordinates":[[[-64.4824844594344,41.41241663413592],[-64.38298441337284,41.41056682718149],[-64.22885689104217,41.36617146027514],[-64.12155291979931,41.264432077781436],[-63.9713273600593,41.33287493509538],[-63.86597437011176,41.25148342910042],[-63.856219463635135,41.13309578401683],[-63.959621472287346,41.09055022406491],[-64.02205287373775,41.12384674924468],[-64.09814114425541,41.2089378691485],[-64.17813137736373,41.214487290011796],[-64.2542196478814,41.262582270827004],[-64.33030791839906,41.342123969867544],[-64.49614132850166,41.342123969867544],[-64.4824844594344,41.41241663413592]]]}},{"type":"Feature","id":"19364","properties":{"MPIO":"19364","DPTO":"19","NOMBRE_MPI":"JAMBALO","NOMBRE_DPT":"CAUCA"},"geometry":{"type":"Polygon","coordinates":[[[-64.93706310124507,41.442013545406816],[-64.93901408254041,41.384669529819455],[-64.80244539186766,41.3217760933688],[-64.81024931704897,41.23668497346497],[-64.954621932903,41.23298535955611],[-65.02290627823938,41.25703284996371],[-65.0092494091721,41.42536528281694],[-64.93706310124507,41.442013545406816]]]}},{"type":"Feature","id":"19137","properties":{"MPIO":"19137","DPTO":"19","NOMBRE_MPI":"CALDONO","NOMBRE_DPT":"CAUCA"},"geometry":{"type":"Polygon","coordinates":[[[-65.33116132290068,41.36617146027514],[-65.19264165093263,41.35692242550299],[-65.11070043652899,41.3754204950473],[-65.0092494091721,41.42536528281694],[-65.02290627823938,41.25703284996371],[-65.22385735165783,41.17009192310545],[-65.34091622937731,41.33287493509538],[-65.38188683657913,41.35507261854856],[-65.33116132290068,41.36617146027514]]]}},{"type":"Feature","id":"19809","properties":{"MPIO":"19809","DPTO":"19","NOMBRE_MPI":"TIMBIQUI","NOMBRE_DPT":"CAUCA"},"geometry":{"type":"Polygon","coordinates":[[[-66.74562276201118,41.46606103581442],[-66.71440706128598,41.469760649723284],[-66.65977958501689,41.40316759936377],[-66.62075995911039,41.40316759936377],[-66.53296580082078,41.47346026363215],[-66.44907360512181,41.499357560994184],[-66.35152454035557,41.48085949144987],[-66.27348528854257,41.334724742049815],[-66.31640687703973,41.2681316916903],[-66.3066519705631,41.14419462574342],[-66.32811276481166,40.999909683297794],[-66.28909313890517,40.92406759816612],[-66.38859318496674,40.97401238593576],[-66.46273047418907,41.036905822386416],[-66.69489724833274,41.12939617010797],[-66.81195612605222,41.24038458737383],[-66.87828949009327,41.244084201282696],[-66.96998561097354,41.32732551423209],[-66.96608364838288,41.3513730046397],[-66.85097575195871,41.37727030200173],[-66.91535813470443,41.38836914372832],[-66.74562276201118,41.46606103581442]]]}},{"type":"Feature","id":"18753","properties":{"MPIO":"18753","DPTO":"18","NOMBRE_MPI":"SAN VICENTE DEL CAGUAN","NOMBRE_DPT":"CAQUETA"},"geometry":{"type":"Polygon","coordinates":[[[-63.050464188665984,41.28847956818904],[-62.8553660591335,41.20153864133078],[-62.66221891089635,41.092400031019345],[-62.67197381737297,40.98326142070791],[-62.80464054545506,40.86117416171546],[-62.80854250804571,40.8038301461281],[-62.802689564159735,40.572604276824215],[-62.77342484472986,40.46716528042164],[-62.79098367638779,40.36172628401907],[-62.746111106595315,40.250737866753205],[-62.697336574212194,40.18229500943926],[-62.61539535980855,40.115701959079736],[-62.36371877271165,40.073156399127825],[-62.29933638996593,40.04725910176579],[-62.20764026908567,39.93442087754549],[-62.1471598489306,39.91777261495562],[-62.09448335395683,39.86782782718598],[-61.94815975680747,39.823432460279626],[-61.76086555245629,39.84378033677837],[-61.59308116105835,39.83268149505179],[-61.60283606753498,39.71244404301376],[-61.557963497742506,39.693945973469454],[-61.493581114996786,39.59220659097574],[-61.380424199867946,39.48121817370988],[-61.37262027468665,39.409075702487065],[-61.44285560131834,39.403526281623776],[-61.60283606753498,39.34248265212755],[-61.756963589865634,39.27034018090474],[-61.94425779421682,39.209296551408514],[-62.112042185614754,39.14085369409456],[-62.29348344607996,39.04651353941858],[-62.33250307198646,39.08720929241606],[-62.43200311804802,39.081659871552766],[-62.521748257632964,39.11495639673253],[-62.658316948305696,39.20374713054522],[-62.71879736846077,39.34063284517312],[-62.82805232099896,39.37947879121617],[-62.97827788073897,39.5182143127985],[-63.04266026348469,39.55521045188712],[-63.14411129084158,39.64955060656311],[-63.245562318198466,39.77903709337328],[-63.212395636177945,39.89002551063915],[-63.253366243379766,39.958468367953095],[-63.26312114985639,40.04540929481136],[-63.20264072970132,40.14714867730507],[-63.15191521602288,40.26923593629752],[-63.18703287933872,40.422769913515296],[-63.39968984052913,40.46346566651278],[-63.56162128804109,40.48381354301152],[-63.60844483912888,40.72428844708756],[-63.629905633377454,40.75388535835846],[-63.58698404488031,40.855624740852164],[-63.52650362472524,40.91666837034839],[-63.48553301752342,40.86117416171546],[-63.42700357866367,40.86672358257876],[-63.21044465488262,40.97586219289019],[-63.27092507503769,41.07945138233833],[-63.28263096280964,41.11644752142695],[-63.22995446783587,41.149744046606706],[-63.050464188665984,41.28847956818904]]]}},{"type":"Feature","id":"19473","properties":{"MPIO":"19473","DPTO":"19","NOMBRE_MPI":"MORALES","NOMBRE_DPT":"CAUCA"},"geometry":{"type":"Polygon","coordinates":[[[-65.75062230139552,41.35692242550299],[-65.65307323662928,41.43276451063466],[-65.59259281647421,41.34397377682197],[-65.47943590134537,41.319926286414365],[-65.38188683657913,41.35507261854856],[-65.34091622937731,41.33287493509538],[-65.30384758476615,41.2089378691485],[-65.38969076176043,41.18674018569533],[-65.46382805098278,41.23668497346497],[-65.62966146108539,41.28662976123461],[-65.72916150714696,41.27368111255359],[-65.717455619375,41.35692242550299],[-65.75062230139552,41.35692242550299]]]}},{"type":"Feature","id":"41357","properties":{"MPIO":"41357","DPTO":"41","NOMBRE_MPI":"IQUIRA","NOMBRE_DPT":"HUILA"},"geometry":{"type":"Polygon","coordinates":[[[-64.49614132850166,41.342123969867544],[-64.33030791839906,41.342123969867544],[-64.2542196478814,41.262582270827004],[-64.17813137736373,41.214487290011796],[-64.09814114425541,41.2089378691485],[-64.02205287373775,41.12384674924468],[-63.959621472287346,41.09055022406491],[-63.983033247831244,41.00545910416108],[-64.03570974280501,40.99621006938893],[-64.08448427518813,41.03135640152312],[-64.08253329389281,41.09055022406491],[-64.12545488238996,41.09794945188264],[-64.2542196478814,41.17564134396874],[-64.47663151554842,41.214487290011796],[-64.49614132850166,41.342123969867544]]]}},{"type":"Feature","id":"41615","properties":{"MPIO":"41615","DPTO":"41","NOMBRE_MPI":"RIVERA","NOMBRE_DPT":"HUILA"},"geometry":{"type":"Polygon","coordinates":[[[-63.59283698876628,41.264432077781436],[-63.49723890529537,41.25518304300928],[-63.28263096280964,41.16084288833329],[-63.22995446783587,41.149744046606706],[-63.28263096280964,41.11644752142695],[-63.27092507503769,41.07945138233833],[-63.47382712975147,41.04060543629527],[-63.53235656861121,41.08315099624719],[-63.68453310964655,41.147894239652274],[-63.60844483912888,41.2089378691485],[-63.59283698876628,41.264432077781436]]]}},{"type":"Feature","id":"95001","properties":{"MPIO":"95001","DPTO":"95","NOMBRE_MPI":"SAN JOSE DEL GUAVIARE","NOMBRE_DPT":"GUAVIARE"},"geometry":{"type":"Polygon","coordinates":[[[-59.749403836976406,40.77793284876606],[-59.628442996666266,40.785332076583785],[-59.603080239827044,40.80937956699139],[-59.51138411894678,40.757584972267324],[-59.52309000671873,40.85192512694331],[-59.42554094195249,40.870423196487614],[-59.38066837216002,40.81677879480912],[-59.25385458796391,40.76313439313061],[-59.18947220521819,40.77793284876606],[-58.96510935625584,40.7742332348572],[-58.945599543302585,40.81862860176355],[-58.818785759106476,40.75388535835846],[-58.711481787863605,40.74648613054073],[-58.54759935905632,40.764984200085046],[-58.448099312994756,40.7205888331787],[-58.352501229523845,40.77053362094834],[-58.30567767843605,40.72613825404199],[-58.05205011004382,40.70394057058882],[-57.972059876935504,40.650296168910316],[-57.894020625122515,40.63549771327487],[-57.88231473735056,40.587402732459665],[-57.85109903662537,40.65399578281918],[-57.814030392014196,40.59665176723182],[-57.66380483227418,40.56150543509763],[-57.69892249559003,40.54115755859888],[-57.589667543051846,40.54485717250775],[-57.58381459916587,40.507861033419125],[-57.4999224034669,40.54670697946218],[-57.492118478285605,40.607750608958405],[-57.44724590849313,40.54115755859888],[-57.419932170358585,40.58000350464194],[-57.30287329263909,40.51156064732799],[-57.80817744812822,40.3691255118368],[-57.79256959776562,40.31733091711273],[-57.68916758911341,40.31178149624943],[-57.618932262481714,40.195243658120276],[-57.56430478621262,40.06020775044681],[-57.419932170358585,40.01026296267717],[-57.41603020776793,39.96956720967968],[-57.435540020721184,39.91037338713789],[-57.52918712289677,39.865978020231545],[-57.546745954554694,39.81788303941634],[-57.60722637470977,39.83823091591508],[-57.64624600061626,39.80308458378089],[-57.76135389704042,39.83268149505179],[-57.901824550303814,39.821582653325194],[-57.878412774759916,39.77348767250999],[-57.97401085823083,39.78458651423658],[-57.966206933049534,39.82713207418849],[-58.085216792064344,39.830831688097355],[-58.0969226798363,39.87707686195813],[-58.14764819351474,39.87892666891256],[-58.13789328703811,39.74204095428466],[-58.327138472684624,39.82898188114292],[-58.31543258491267,39.780886900327715],[-58.38566791154437,39.74389076123909],[-58.38761889283969,39.786436321191005],[-58.48906992019658,39.82713207418849],[-58.46956010724333,39.865978020231545],[-58.551501321646974,39.91407300104675],[-58.46565814465268,39.98066605140627],[-58.50077580796853,40.01026296267717],[-58.59052094755347,39.97141701663411],[-58.656854311594515,39.99176489313285],[-58.66856019936646,39.91222319409232],[-58.70953080656828,39.88447608977585],[-58.73879552599816,39.93257107059106],[-58.87536421667089,39.958468367953095],[-58.953403468483884,39.7975351629176],[-59.02168781382025,39.81788303941634],[-59.00607996345765,39.77718728641885],[-59.07046234620337,39.79013593509987],[-59.074364308794024,39.93072126363663],[-59.16606042967429,39.91407300104675],[-59.16801141096961,39.965867595770824],[-59.21678594335273,40.0121127696316],[-59.277266363507806,39.98991508617843],[-59.35725659661612,40.038010066993635],[-59.37676640956937,40.08055562694555],[-59.45675664267769,40.07500620608226],[-59.65575673480082,40.12125137994303],[-59.72013911754654,40.15269809816836],[-59.73184500531848,40.19154404421141],[-59.91718822837434,40.195243658120276],[-60.102531451430195,40.23963902502662],[-60.11618832049747,40.215591534619016],[-60.287874674486055,40.259986901525366],[-60.34835509464112,40.22299076243674],[-60.45175710329334,40.208192306801294],[-60.59417873785205,40.115701959079736],[-60.65465915800712,40.100903503444286],[-60.89267887603675,40.10275331039872],[-60.947306352305844,40.06020775044681],[-61.01949266023286,40.065757171310096],[-61.07997308038793,40.130500414715186],[-61.26531630344378,40.15454790512279],[-61.35896340561938,40.14159925644177],[-61.52284583442666,40.180445202484826],[-61.45065952649964,40.528208909917865],[-61.4077379380025,40.572604276824215],[-61.3765222372773,40.53560813773559],[-61.333600648780155,40.56520504900649],[-61.31994377971288,40.522659489054575],[-61.22434569624196,40.55595601423433],[-61.20873784587937,40.50971084037356],[-61.13460055665702,40.51711006819128],[-61.03314952930013,40.49491238473811],[-60.916090651580646,40.54670697946218],[-60.85365925013025,40.50416141951026],[-60.78537490479388,40.5300587168723],[-60.617590513395946,40.557805821188765],[-60.568815981012825,40.51711006819128],[-60.586374812670755,40.58000350464194],[-60.52589439251568,40.56890466291535],[-60.56491401842218,40.61699964373056],[-60.521992429925035,40.64659655500146],[-60.377619814071,40.692841728862234],[-60.299580562258,40.665094624545766],[-60.2683648615328,40.64844636195589],[-60.231296216921635,40.694691535816666],[-60.174717759357215,40.64104713413816],[-60.13764911474605,40.68359269409008],[-60.05765888163773,40.66139501063691],[-60.07716869459097,40.715039412315406],[-60.00108042407331,40.709489991452116],[-59.95425687298551,40.750185744449595],[-59.87426663987719,40.73723709576858],[-59.749403836976406,40.77793284876606]]]}},{"type":"Feature","id":"19256","properties":{"MPIO":"19256","DPTO":"19","NOMBRE_MPI":"EL TAMBO","NOMBRE_DPT":"CAUCA"},"geometry":{"type":"Polygon","coordinates":[[[-66.27348528854257,41.334724742049815],[-66.18374014895764,41.40131779240934],[-66.10765187843997,41.41241663413592],[-66.04522047698957,41.369871074184005],[-65.85402431004773,41.39391856459161],[-65.75062230139552,41.35692242550299],[-65.717455619375,41.35692242550299],[-65.72916150714696,41.27368111255359],[-65.74476935750955,41.16824211615102],[-65.71355365678436,41.1256965561991],[-65.59454379776955,41.11089810056366],[-65.59844576036019,41.09055022406491],[-65.58869085388356,40.96106373725474],[-65.72330856326097,40.84267609217115],[-65.6862399186498,40.800130532219235],[-65.78573996471137,40.78903169049265],[-65.795494871188,40.78718188353822],[-65.93986748704204,40.72613825404199],[-65.94962239351865,40.84822551303444],[-66.06668127123814,40.89262087994079],[-66.2442205691127,40.93886605380157],[-66.2832401950192,40.922217791211686],[-66.28909313890517,40.92406759816612],[-66.32811276481166,40.999909683297794],[-66.3066519705631,41.14419462574342],[-66.31640687703973,41.2681316916903],[-66.27348528854257,41.334724742049815]]]}},{"type":"Feature","id":"50450","properties":{"MPIO":"50450","DPTO":"50","NOMBRE_MPI":"PUERTO CONCORDIA","NOMBRE_DPT":"META"},"geometry":{"type":"Polygon","coordinates":[[[-59.749403836976406,40.77793284876606],[-59.87426663987719,40.73723709576858],[-59.95425687298551,40.750185744449595],[-60.00108042407331,40.709489991452116],[-60.07716869459097,40.715039412315406],[-60.05765888163773,40.66139501063691],[-60.13764911474605,40.68359269409008],[-60.174717759357215,40.64104713413816],[-60.231296216921635,40.694691535816666],[-60.2683648615328,40.64844636195589],[-60.299580562258,40.665094624545766],[-60.28202173060008,40.73168767490529],[-60.328845281687876,40.814928987854685],[-60.321041356506576,40.864873775624325],[-60.408835514796195,40.98141161375348],[-60.37371785148035,40.95366450943702],[-60.26641388023748,40.942565667710426],[-60.15325696510864,40.89817030080408],[-60.01668827443591,40.89262087994079],[-59.749403836976406,40.77793284876606]]]}},{"type":"Feature","id":"19548","properties":{"MPIO":"19548","DPTO":"19","NOMBRE_MPI":"PIENDAMO","NOMBRE_DPT":"CAUCA"},"geometry":{"type":"Polygon","coordinates":[[[-65.34091622937731,41.33287493509538],[-65.22385735165783,41.17009192310545],[-65.20044557611392,41.112747907518084],[-65.23361225813446,41.107198486654795],[-65.3643280049212,41.15529346747],[-65.38969076176043,41.18674018569533],[-65.30384758476615,41.2089378691485],[-65.34091622937731,41.33287493509538]]]}},{"type":"Feature","id":"19743","properties":{"MPIO":"19743","DPTO":"19","NOMBRE_MPI":"SILVIA","NOMBRE_DPT":"CAUCA"},"geometry":{"type":"Polygon","coordinates":[[[-64.81024931704897,41.23668497346497],[-64.74196497171259,41.23113555260168],[-64.83951403647883,41.15529346747],[-64.88243562497598,41.157143274424435],[-64.87268071849935,41.08685061015605],[-64.91950426958715,41.00360929720665],[-65.03851412860197,41.03875562934084],[-65.12240632430094,41.03875562934084],[-65.17118085668406,41.10349887274593],[-65.20044557611392,41.112747907518084],[-65.22385735165783,41.17009192310545],[-65.02290627823938,41.25703284996371],[-64.954621932903,41.23298535955611],[-64.81024931704897,41.23668497346497]]]}},{"type":"Feature","id":"19130","properties":{"MPIO":"19130","DPTO":"19","NOMBRE_MPI":"CAJIBIO","NOMBRE_DPT":"CAUCA"},"geometry":{"type":"Polygon","coordinates":[[[-65.38969076176043,41.18674018569533],[-65.3643280049212,41.15529346747],[-65.23361225813446,41.107198486654795],[-65.20044557611392,41.112747907518084],[-65.17118085668406,41.10349887274593],[-65.19459263222795,41.05540389193072],[-65.26482795885964,41.07945138233833],[-65.29799464088016,41.03135640152312],[-65.59844576036019,41.09055022406491],[-65.59454379776955,41.11089810056366],[-65.71355365678436,41.1256965561991],[-65.74476935750955,41.16824211615102],[-65.72916150714696,41.27368111255359],[-65.62966146108539,41.28662976123461],[-65.46382805098278,41.23668497346497],[-65.38969076176043,41.18674018569533]]]}},{"type":"Feature","id":"41483","properties":{"MPIO":"41483","DPTO":"41","NOMBRE_MPI":"NATAGA","NOMBRE_DPT":"HUILA"},"geometry":{"type":"Polygon","coordinates":[[[-64.12545488238996,41.09794945188264],[-64.34396478746633,40.93886605380157],[-64.37322950689621,41.03320620847755],[-64.43370992705128,41.10904829360923],[-64.47663151554842,41.214487290011796],[-64.2542196478814,41.17564134396874],[-64.12545488238996,41.09794945188264]]]}},{"type":"Feature","id":"41132","properties":{"MPIO":"41132","DPTO":"41","NOMBRE_MPI":"CAMPOALEGRE","NOMBRE_DPT":"HUILA"},"geometry":{"type":"Polygon","coordinates":[[[-63.79769002477539,41.11644752142695],[-63.73720960462032,41.10904829360923],[-63.68453310964655,41.147894239652274],[-63.53235656861121,41.08315099624719],[-63.47382712975147,41.04060543629527],[-63.56357226933641,41.0184077528421],[-63.67477820316992,40.96661315811803],[-63.71379782907642,40.92406759816612],[-63.83670965068188,41.022107366750966],[-63.79769002477539,41.11644752142695]]]}},{"type":"Feature","id":"19318","properties":{"MPIO":"19318","DPTO":"19","NOMBRE_MPI":"GUAPI","NOMBRE_DPT":"CAUCA"},"geometry":{"type":"Polygon","coordinates":[[[-66.96998561097354,41.32732551423209],[-66.87828949009327,41.244084201282696],[-66.81195612605222,41.24038458737383],[-66.69489724833274,41.12939617010797],[-66.46273047418907,41.036905822386416],[-66.38859318496674,40.97401238593576],[-66.28909313890517,40.92406759816612],[-66.2832401950192,40.922217791211686],[-66.33006374610699,40.82232821567241],[-66.32421080222102,40.785332076583785],[-66.4100539792153,40.764984200085046],[-66.63441682817766,40.74833593749516],[-66.7397698181252,40.76313439313061],[-66.86658360232131,40.83157725044457],[-66.88414243397924,40.89447068689522],[-67.12606411459952,41.1312459770624],[-67.19044649734523,41.25148342910042],[-67.10265233905562,41.25888265691814],[-67.0772895822164,41.32732551423209],[-66.98949542392678,41.25888265691814],[-66.96998561097354,41.32732551423209]]]}},{"type":"Feature","id":"41885","properties":{"MPIO":"41885","DPTO":"41","NOMBRE_MPI":"YAGUARA","NOMBRE_DPT":"HUILA"},"geometry":{"type":"Polygon","coordinates":[[[-63.856219463635135,41.13309578401683],[-63.79769002477539,41.11644752142695],[-63.83670965068188,41.022107366750966],[-63.885484183065,40.96661315811803],[-63.9791312852406,40.91296875643953],[-63.983033247831244,41.00545910416108],[-63.959621472287346,41.09055022406491],[-63.856219463635135,41.13309578401683]]]}},{"type":"Feature","id":"41020","properties":{"MPIO":"41020","DPTO":"41","NOMBRE_MPI":"ALGECIRAS","NOMBRE_DPT":"HUILA"},"geometry":{"type":"Polygon","coordinates":[[[-63.47382712975147,41.04060543629527],[-63.27092507503769,41.07945138233833],[-63.21044465488262,40.97586219289019],[-63.42700357866367,40.86672358257876],[-63.48553301752342,40.86117416171546],[-63.52650362472524,40.91666837034839],[-63.58698404488031,40.855624740852164],[-63.629905633377454,40.75388535835846],[-63.72550371684837,40.685442501044506],[-63.76452334275487,40.8815220382142],[-63.71379782907642,40.92406759816612],[-63.67477820316992,40.96661315811803],[-63.56357226933641,41.0184077528421],[-63.47382712975147,41.04060543629527]]]}},{"type":"Feature","id":"41797","properties":{"MPIO":"41797","DPTO":"41","NOMBRE_MPI":"TESALIA","NOMBRE_DPT":"HUILA"},"geometry":{"type":"Polygon","coordinates":[[[-63.983033247831244,41.00545910416108],[-63.9791312852406,40.91296875643953],[-64.07082740612086,40.86117416171546],[-64.16642548959177,40.87412281039648],[-64.20934707808892,40.857474547806596],[-64.33225889969438,40.89077107298636],[-64.34396478746633,40.93886605380157],[-64.12545488238996,41.09794945188264],[-64.08253329389281,41.09055022406491],[-64.08448427518813,41.03135640152312],[-64.03570974280501,40.99621006938893],[-63.983033247831244,41.00545910416108]]]}},{"type":"Feature","id":"52696","properties":{"MPIO":"52696","DPTO":"52","NOMBRE_MPI":"SANTA BARBARA","NOMBRE_DPT":"NARIÑO"},"geometry":{"type":"Polygon","coordinates":[[[-67.52016233625513,41.234835166510535],[-67.45382897221408,41.27183130559916],[-67.399201495945,41.269981498644725],[-67.35823088874317,41.15529346747],[-67.20995631029848,41.264432077781436],[-67.19044649734523,41.25148342910042],[-67.12606411459952,41.1312459770624],[-66.88414243397924,40.89447068689522],[-66.86658360232131,40.83157725044457],[-66.7397698181252,40.76313439313061],[-66.63441682817766,40.74833593749516],[-66.68319136056078,40.6909919219078],[-66.64026977206363,40.60960041591284],[-66.80805416346158,40.64474674804703],[-66.86853458361664,40.707640184497684],[-67.0226621059473,40.79088149744708],[-67.11045626423692,40.814928987854685],[-67.16313275921068,40.87412281039648],[-67.21385827288913,40.97401238593576],[-67.31530930024603,41.042455243249705],[-67.36213285133381,41.048004664113],[-67.38554462687772,41.12014713533581],[-67.52016233625513,41.234835166510535]]]}},{"type":"Feature","id":"19355","properties":{"MPIO":"19355","DPTO":"19","NOMBRE_MPI":"INZA","NOMBRE_DPT":"CAUCA"},"geometry":{"type":"Polygon","coordinates":[[[-64.91950426958715,41.00360929720665],[-64.87268071849935,41.08685061015605],[-64.72050417746402,41.112747907518084],[-64.57613156160998,41.08130118929276],[-64.5058962349783,40.91666837034839],[-64.63075903787909,40.922217791211686],[-64.68538651414818,40.857474547806596],[-64.78488656020974,40.83712667130786],[-64.8687787559087,40.86672358257876],[-64.9468180077217,40.86672358257876],[-64.96047487678898,40.8278776365357],[-64.9858376336282,40.85192512694331],[-64.90974936311054,40.949964895528154],[-64.91950426958715,41.00360929720665]]]}},{"type":"Feature","id":"50350","properties":{"MPIO":"50350","DPTO":"50","NOMBRE_MPI":"LA MACARENA","NOMBRE_DPT":"META"},"geometry":{"type":"Polygon","coordinates":[[[-62.80854250804571,40.8038301461281],[-62.59003260296933,40.76128458617618],[-62.547111014472186,40.82602782958127],[-62.408591342504124,40.86117416171546],[-62.153012792816575,40.84822551303444],[-61.97937545753267,40.814928987854685],[-61.93255190644487,40.83712667130786],[-61.864267561108505,40.76683400703948],[-61.813542047430055,40.78903169049265],[-61.3921300876399,40.84452589912558],[-61.284826116397035,40.835276864353425],[-61.19508097681209,40.685442501044506],[-61.22434569624196,40.55595601423433],[-61.31994377971288,40.522659489054575],[-61.333600648780155,40.56520504900649],[-61.3765222372773,40.53560813773559],[-61.4077379380025,40.572604276824215],[-61.45065952649964,40.528208909917865],[-61.52284583442666,40.180445202484826],[-61.59308116105835,39.83268149505179],[-61.76086555245629,39.84378033677837],[-61.94815975680747,39.823432460279626],[-62.09448335395683,39.86782782718598],[-62.1471598489306,39.91777261495562],[-62.20764026908567,39.93442087754549],[-62.29933638996593,40.04725910176579],[-62.36371877271165,40.073156399127825],[-62.61539535980855,40.115701959079736],[-62.697336574212194,40.18229500943926],[-62.746111106595315,40.250737866753205],[-62.79098367638779,40.36172628401907],[-62.77342484472986,40.46716528042164],[-62.802689564159735,40.572604276824215],[-62.80854250804571,40.8038301461281]]]}},{"type":"Feature","id":"52250","properties":{"MPIO":"52250","DPTO":"52","NOMBRE_MPI":"EL CHARCO","NOMBRE_DPT":"NARIÑO"},"geometry":{"type":"Polygon","coordinates":[[[-67.52016233625513,41.234835166510535],[-67.38554462687772,41.12014713533581],[-67.36213285133381,41.048004664113],[-67.31530930024603,41.042455243249705],[-67.21385827288913,40.97401238593576],[-67.16313275921068,40.87412281039648],[-67.11045626423692,40.814928987854685],[-67.0226621059473,40.79088149744708],[-66.86853458361664,40.707640184497684],[-66.80805416346158,40.64474674804703],[-66.64026977206363,40.60960041591284],[-66.68319136056078,40.6909919219078],[-66.63441682817766,40.74833593749516],[-66.4100539792153,40.764984200085046],[-66.37688729719478,40.709489991452116],[-66.42371084828258,40.685442501044506],[-66.38274024108077,40.552256400325476],[-66.51540696916285,40.54670697946218],[-66.65002467854026,40.56520504900649],[-66.85877967714002,40.578153697687505],[-66.92901500377171,40.62439887154828],[-67.00315229299406,40.72613825404199],[-67.0460738814912,40.727988060996424],[-67.12996607719016,40.785332076583785],[-67.26068182397692,40.79088149744708],[-67.33481911319927,40.76128458617618],[-67.43822112185148,40.764984200085046],[-67.53967214920837,40.98326142070791],[-67.53577018661773,41.06280311974845],[-67.62356434490734,41.15159385356114],[-67.52016233625513,41.234835166510535]]]}},{"type":"Feature","id":"41349","properties":{"MPIO":"41349","DPTO":"41","NOMBRE_MPI":"HOBO","NOMBRE_DPT":"HUILA"},"geometry":{"type":"Polygon","coordinates":[[[-63.71379782907642,40.92406759816612],[-63.76452334275487,40.8815220382142],[-63.840611613272536,40.89817030080408],[-63.9010920334276,40.8815220382142],[-63.9791312852406,40.91296875643953],[-63.885484183065,40.96661315811803],[-63.83670965068188,41.022107366750966],[-63.71379782907642,40.92406759816612]]]}},{"type":"Feature","id":"19824","properties":{"MPIO":"19824","DPTO":"19","NOMBRE_MPI":"TOTORO","NOMBRE_DPT":"CAUCA"},"geometry":{"type":"Polygon","coordinates":[[[-65.17118085668406,41.10349887274593],[-65.12240632430094,41.03875562934084],[-65.03851412860197,41.03875562934084],[-64.91950426958715,41.00360929720665],[-64.90974936311054,40.949964895528154],[-64.9858376336282,40.85192512694331],[-64.96047487678898,40.8278776365357],[-64.97413174585625,40.785332076583785],[-65.08338669839443,40.7742332348572],[-65.13216123077756,40.864873775624325],[-65.21995538906718,40.985111227662344],[-65.29799464088016,41.03135640152312],[-65.26482795885964,41.07945138233833],[-65.19459263222795,41.05540389193072],[-65.17118085668406,41.10349887274593]]]}},{"type":"Feature","id":"52473","properties":{"MPIO":"52473","DPTO":"52","NOMBRE_MPI":"MOSQUERA","NOMBRE_DPT":"NARIÑO"},"geometry":{"type":"Polygon","coordinates":[[[-67.67624083988112,41.06095331279402],[-67.77183892335202,40.83712667130786],[-67.86938798811826,40.90186991471295],[-67.96498607158918,40.96661315811803],[-67.99620177231438,41.04430505020414],[-67.97474097806581,41.09609964492821],[-67.8635350442323,41.13679539792569],[-67.80695658666788,41.18858999264976],[-67.75232911039878,41.15529346747],[-67.67624083988112,41.06095331279402]]]}},{"type":"Feature","id":"52390","properties":{"MPIO":"52390","DPTO":"52","NOMBRE_MPI":"LA TOLA","NOMBRE_DPT":"NARIÑO"},"geometry":{"type":"Polygon","coordinates":[[[-67.62356434490734,41.15159385356114],[-67.53577018661773,41.06280311974845],[-67.53967214920837,40.98326142070791],[-67.43822112185148,40.764984200085046],[-67.48894663552993,40.75388535835846],[-67.57869177511488,40.53560813773559],[-67.59429962547748,40.86672358257876],[-67.61966238231669,41.01470813893324],[-67.68404476506241,41.08130118929276],[-67.67428985858578,41.157143274424435],[-67.62356434490734,41.15159385356114]]]}},{"type":"Feature","id":"19001","properties":{"MPIO":"19001","DPTO":"19","NOMBRE_MPI":"POPAYAN","NOMBRE_DPT":"CAUCA"},"geometry":{"type":"Polygon","coordinates":[[[-65.29799464088016,41.03135640152312],[-65.21995538906718,40.985111227662344],[-65.13216123077756,40.864873775624325],[-65.2375142207251,40.900020107758515],[-65.25897501497367,40.84637570608001],[-65.3487201545586,40.907419335576236],[-65.44431823802952,40.92776721207498],[-65.52625945243317,40.98141161375348],[-65.58869085388356,40.96106373725474],[-65.59844576036019,41.09055022406491],[-65.29799464088016,41.03135640152312]]]}},{"type":"Feature","id":"41306","properties":{"MPIO":"41306","DPTO":"41","NOMBRE_MPI":"GIGANTE","NOMBRE_DPT":"HUILA"},"geometry":{"type":"Polygon","coordinates":[[[-63.9791312852406,40.91296875643953],[-63.9010920334276,40.8815220382142],[-63.840611613272536,40.89817030080408],[-63.76452334275487,40.8815220382142],[-63.72550371684837,40.685442501044506],[-63.77427824923149,40.65584558977361],[-63.89523908954163,40.707640184497684],[-64.09033721907412,40.6909919219078],[-64.11569997591333,40.70209076363439],[-64.17227843347776,40.79088149744708],[-64.07082740612086,40.86117416171546],[-63.9791312852406,40.91296875643953]]]}},{"type":"Feature","id":"41396","properties":{"MPIO":"41396","DPTO":"41","NOMBRE_MPI":"LA PLATA","NOMBRE_DPT":"HUILA"},"geometry":{"type":"Polygon","coordinates":[[[-64.34786675005698,40.88337184516863],[-64.34006282487569,40.764984200085046],[-64.43956287093725,40.72613825404199],[-64.51174917886426,40.6669444315002],[-64.53516095440817,40.642896941092594],[-64.7029453458061,40.67619346627235],[-64.86097483072741,40.67064404540906],[-65.05802394155522,40.709489991452116],[-65.08338669839443,40.7742332348572],[-64.97413174585625,40.785332076583785],[-64.96047487678898,40.8278776365357],[-64.9468180077217,40.86672358257876],[-64.8687787559087,40.86672358257876],[-64.78488656020974,40.83712667130786],[-64.68538651414818,40.857474547806596],[-64.63075903787909,40.922217791211686],[-64.5058962349783,40.91666837034839],[-64.42200403927933,40.85377493389774],[-64.34786675005698,40.88337184516863]]]}},{"type":"Feature","id":"94883","properties":{"MPIO":"94883","DPTO":"94","NOMBRE_MPI":"SAN FELIPE","NOMBRE_DPT":"GUAINIA"},"geometry":{"type":"Polygon","coordinates":[[[-53.36384205737831,39.679147517834004],[-53.26434201131674,39.53671238234281],[-53.22142042281959,39.5182143127985],[-53.19605766598037,39.42572396507695],[-53.24678317965881,39.36837994948959],[-53.207763553752315,39.22224520008953],[-53.15508705877855,39.20744674445408],[-53.16289098395985,39.129754852367974],[-53.201910609866346,39.074260643735045],[-53.17264589043647,39.04281392550972],[-53.13167528323465,38.91517724565397],[-53.12387135805335,38.80418882838811],[-53.24288121706816,38.80788844229697],[-53.32287145017648,38.752394233664035],[-53.33847930053908,38.82638651184128],[-53.428224440124026,38.95587299865146],[-53.47114602862116,39.159351763638874],[-53.537479392662206,39.26294095308701],[-53.62527355095183,39.29993709217563],[-53.76964616680586,39.246292690497135],[-53.94523448338509,39.1075571689148],[-54.04083256685601,39.059462188099594],[-54.04668551074199,39.10570736196037],[-53.964744296338345,39.28883825044905],[-53.96669527763367,39.373929370352876],[-54.060342379809256,39.42942357898581],[-54.06619532369523,39.47196913893772],[-53.968646258929,39.579257942294724],[-53.96669527763367,39.708744429104904],[-53.931577614317824,39.723542884740354],[-53.81256775530301,39.679147517834004],[-53.73452850349001,39.629202730064364],[-53.691606914992875,39.68284713174287],[-53.611616681884556,39.63845176483652],[-53.55113626172948,39.631052537018796],[-53.36384205737831,39.679147517834004]]]}},{"type":"Feature","id":"52490","properties":{"MPIO":"52490","DPTO":"52","NOMBRE_MPI":"OLAYA  HERRERA","NOMBRE_DPT":"NARIÑO"},"geometry":{"type":"Polygon","coordinates":[[[-67.68404476506241,41.08130118929276],[-67.61966238231669,41.01470813893324],[-67.59429962547748,40.86672358257876],[-67.57869177511488,40.53560813773559],[-67.61576041972604,40.48196373605709],[-67.67428985858578,40.58925253941409],[-67.70940752190164,40.713189605360974],[-67.77183892335202,40.83712667130786],[-67.67624083988112,41.06095331279402],[-67.68404476506241,41.08130118929276]]]}},{"type":"Feature","id":"19807","properties":{"MPIO":"19807","DPTO":"19","NOMBRE_MPI":"TIMBIO","NOMBRE_DPT":"CAUCA"},"geometry":{"type":"Polygon","coordinates":[[[-65.44431823802952,40.92776721207498],[-65.45017118191551,40.80567995308253],[-65.52430847113784,40.77608304181163],[-65.66282814310591,40.83712667130786],[-65.72330856326097,40.84267609217115],[-65.58869085388356,40.96106373725474],[-65.52625945243317,40.98141161375348],[-65.44431823802952,40.92776721207498]]]}},{"type":"Feature","id":"41518","properties":{"MPIO":"41518","DPTO":"41","NOMBRE_MPI":"PAICOL","NOMBRE_DPT":"HUILA"},"geometry":{"type":"Polygon","coordinates":[[[-64.33225889969438,40.89077107298636],[-64.20934707808892,40.857474547806596],[-64.16642548959177,40.87412281039648],[-64.07082740612086,40.86117416171546],[-64.17227843347776,40.79088149744708],[-64.34006282487569,40.764984200085046],[-64.34786675005698,40.88337184516863],[-64.33225889969438,40.89077107298636]]]}},{"type":"Feature","id":"52520","properties":{"MPIO":"52520","DPTO":"52","NOMBRE_MPI":"FRANCISCO PIZARRO","NOMBRE_DPT":"NARIÑO"},"geometry":{"type":"Polygon","coordinates":[[[-67.99620177231438,41.04430505020414],[-67.96498607158918,40.96661315811803],[-67.86938798811826,40.90186991471295],[-67.92986840827334,40.678043273226784],[-68.00400569749569,40.528208909917865],[-68.0527802298788,40.537457944690026],[-68.0449763046975,40.60220118809511],[-68.083995930604,40.65399578281918],[-68.14837831334971,40.64474674804703],[-68.13277046298711,40.764984200085046],[-68.01180962267698,40.76683400703948],[-67.99229980972373,40.83712667130786],[-68.04107434210685,40.84637570608001],[-68.07033906153673,40.94441547466486],[-67.99620177231438,41.04430505020414]]]}},{"type":"Feature","id":"19760","properties":{"MPIO":"19760","DPTO":"19","NOMBRE_MPI":"SOTARA","NOMBRE_DPT":"CAUCA"},"geometry":{"type":"Polygon","coordinates":[[[-65.25897501497367,40.84637570608001],[-65.31555347253808,40.71873902622427],[-65.34091622937731,40.70394057058882],[-65.33311230419602,40.62624867850271],[-65.3955437056464,40.61145022286727],[-65.39944566823706,40.55595601423433],[-65.51065160207057,40.57075446986978],[-65.57308300352096,40.65584558977361],[-65.45992608839212,40.65954520368248],[-65.3799358552838,40.715039412315406],[-65.40920057471368,40.742786516631874],[-65.52430847113784,40.77608304181163],[-65.45017118191551,40.80567995308253],[-65.44431823802952,40.92776721207498],[-65.3487201545586,40.907419335576236],[-65.25897501497367,40.84637570608001]]]}},{"type":"Feature","id":"19585","properties":{"MPIO":"19585","DPTO":"19","NOMBRE_MPI":"PURACE","NOMBRE_DPT":"CAUCA"},"geometry":{"type":"Polygon","coordinates":[[[-65.13216123077756,40.864873775624325],[-65.08338669839443,40.7742332348572],[-65.05802394155522,40.709489991452116],[-65.04241609119262,40.622549064593855],[-65.06582786673651,40.587402732459665],[-65.14581809984483,40.55595601423433],[-65.23166127683912,40.60220118809511],[-65.33311230419602,40.62624867850271],[-65.34091622937731,40.70394057058882],[-65.31555347253808,40.71873902622427],[-65.25897501497367,40.84637570608001],[-65.2375142207251,40.900020107758515],[-65.13216123077756,40.864873775624325]]]}},{"type":"Feature","id":"19050","properties":{"MPIO":"19050","DPTO":"19","NOMBRE_MPI":"ARGELIA","NOMBRE_DPT":"CAUCA"},"geometry":{"type":"Polygon","coordinates":[[[-66.06668127123814,40.89262087994079],[-66.09204402807737,40.829727443490135],[-66.14276954175581,40.83342705739899],[-66.17008327989036,40.764984200085046],[-66.20910290579685,40.72428844708756],[-66.36908337201349,40.68729230799894],[-66.37688729719478,40.709489991452116],[-66.4100539792153,40.764984200085046],[-66.32421080222102,40.785332076583785],[-66.33006374610699,40.82232821567241],[-66.2832401950192,40.922217791211686],[-66.2442205691127,40.93886605380157],[-66.06668127123814,40.89262087994079]]]}},{"type":"Feature","id":"41013","properties":{"MPIO":"41013","DPTO":"41","NOMBRE_MPI":"AGRADO","NOMBRE_DPT":"HUILA"},"geometry":{"type":"Polygon","coordinates":[[[-64.34006282487569,40.764984200085046],[-64.17227843347776,40.79088149744708],[-64.11569997591333,40.70209076363439],[-64.1683764708871,40.62069925763942],[-64.31470006803646,40.6373475202293],[-64.22105296586088,40.65399578281918],[-64.32445497451309,40.66879423845463],[-64.34006282487569,40.764984200085046]]]}},{"type":"Feature","id":"18592","properties":{"MPIO":"18592","DPTO":"18","NOMBRE_MPI":"PUERTO RICO","NOMBRE_DPT":"CAQUETA"},"geometry":{"type":"Polygon","coordinates":[[[-63.629905633377454,40.75388535835846],[-63.60844483912888,40.72428844708756],[-63.56162128804109,40.48381354301152],[-63.39968984052913,40.46346566651278],[-63.18703287933872,40.422769913515296],[-63.15191521602288,40.26923593629752],[-63.20264072970132,40.14714867730507],[-63.26312114985639,40.04540929481136],[-63.253366243379766,39.958468367953095],[-63.212395636177945,39.89002551063915],[-63.245562318198466,39.77903709337328],[-63.36067021462263,39.81418342550747],[-63.43480750384497,39.96216798186196],[-63.542111475087836,40.06760697826453],[-63.6416115211494,40.09720388953543],[-63.711846847781096,40.235939411117755],[-63.70989586648577,40.30623207538614],[-63.735258623324995,40.578153697687505],[-63.77427824923149,40.65584558977361],[-63.72550371684837,40.685442501044506],[-63.629905633377454,40.75388535835846]]]}},{"type":"Feature","id":"19532","properties":{"MPIO":"19532","DPTO":"19","NOMBRE_MPI":"PATIA","NOMBRE_DPT":"CAUCA"},"geometry":{"type":"Polygon","coordinates":[[[-66.06668127123814,40.89262087994079],[-65.94962239351865,40.84822551303444],[-65.93986748704204,40.72613825404199],[-65.795494871188,40.78718188353822],[-65.76037720787215,40.7205888331787],[-65.78573996471137,40.678043273226784],[-65.84817136616176,40.64104713413816],[-65.92425963667944,40.57075446986978],[-66.10179893455398,40.493062577783675],[-66.21105388709218,40.48936296387482],[-66.21495584968282,40.50601122646469],[-66.15837739211841,40.57075446986978],[-66.09009304678204,40.57630389073307],[-66.01790673885502,40.679893080181216],[-66.17008327989036,40.764984200085046],[-66.14276954175581,40.83342705739899],[-66.09204402807737,40.829727443490135],[-66.06668127123814,40.89262087994079]]]}},{"type":"Feature","id":"94887","properties":{"MPIO":"94887","DPTO":"94","NOMBRE_MPI":"PANA PANA","NOMBRE_DPT":"GUAINIA"},"geometry":{"type":"Polygon","coordinates":[[[-55.40651947358338,39.7975351629176],[-55.36554886638156,39.76978805860113],[-55.29141157715922,39.74389076123909],[-55.11777424187531,39.74204095428466],[-55.016323214518415,39.80308458378089],[-54.9519408317727,39.79013593509987],[-54.85829372959711,39.710594236059336],[-54.920725131047504,39.63845176483652],[-55.057293821720236,39.631052537018796],[-55.08655854115011,39.54041199625168],[-54.94218592529607,39.44422203462126],[-54.895362374208275,39.44422203462126],[-54.82707802887191,39.544111610160535],[-54.74513681446827,39.53301276843395],[-54.655391674883326,39.403526281623776],[-54.74123485187762,39.24999230440599],[-54.64173480581606,39.22224520008953],[-54.711970132447746,39.16305137754774],[-54.64953873099735,39.1371540801857],[-54.672950506541255,39.09830813414265],[-54.61832303027215,39.09090890632493],[-54.592960273432936,39.01876643510211],[-56.13033353414888,39.28698844349462],[-56.204470823371224,39.32213477562881],[-56.32738264497669,39.351731686899704],[-56.454196429172804,39.331383810400965],[-56.57125530689229,39.35543130080857],[-56.66880437165853,39.32953400344653],[-56.703922034974376,39.34248265212755],[-56.88536329543959,39.403526281623776],[-57.080461424972064,39.55151083797826],[-57.07460848108609,39.64955060656311],[-57.0433927803609,39.64770079960868],[-56.953647640775955,39.63475215092766],[-56.920480958755434,39.66804867610742],[-56.67660829683983,39.64030157179095],[-56.58686315725489,39.61255446747449],[-56.41907876585695,39.61810388833778],[-56.28836301907019,39.70504481519604],[-56.14789236580681,39.701345201287175],[-56.054245263631216,39.77163786555556],[-56.05814722622186,39.880776475866995],[-55.941088348502376,39.93257107059106],[-55.853294190212765,39.89372512454801],[-55.788911807467045,39.89002551063915],[-55.77135297580912,39.830831688097355],[-55.67965685492885,39.786436321191005],[-55.54894110814209,39.80863400464418],[-55.40651947358338,39.7975351629176]]]}},{"type":"Feature","id":"41548","properties":{"MPIO":"41548","DPTO":"41","NOMBRE_MPI":"PITAL","NOMBRE_DPT":"HUILA"},"geometry":{"type":"Polygon","coordinates":[[[-64.51174917886426,40.6669444315002],[-64.43956287093725,40.72613825404199],[-64.34006282487569,40.764984200085046],[-64.32445497451309,40.66879423845463],[-64.22105296586088,40.65399578281918],[-64.31470006803646,40.6373475202293],[-64.1683764708871,40.62069925763942],[-64.20544511549828,40.57445408377865],[-64.34591576876166,40.59110234636852],[-64.40639618891673,40.665094624545766],[-64.51174917886426,40.6669444315002]]]}},{"type":"Feature","id":"19622","properties":{"MPIO":"19622","DPTO":"19","NOMBRE_MPI":"ROSAS","NOMBRE_DPT":"CAUCA"},"geometry":{"type":"Polygon","coordinates":[[[-65.52430847113784,40.77608304181163],[-65.40920057471368,40.742786516631874],[-65.51455356466123,40.729837867950856],[-65.65697519921993,40.73723709576858],[-65.78573996471137,40.78903169049265],[-65.6862399186498,40.800130532219235],[-65.72330856326097,40.84267609217115],[-65.66282814310591,40.83712667130786],[-65.52430847113784,40.77608304181163]]]}},{"type":"Feature","id":"41298","properties":{"MPIO":"41298","DPTO":"41","NOMBRE_MPI":"GARZON","NOMBRE_DPT":"HUILA"},"geometry":{"type":"Polygon","coordinates":[[[-64.11569997591333,40.70209076363439],[-64.09033721907412,40.6909919219078],[-63.89523908954163,40.707640184497684],[-63.77427824923149,40.65584558977361],[-63.897190070836956,40.563355242052054],[-63.98498422912657,40.46716528042164],[-64.08253329389281,40.52080968210014],[-64.09228820036944,40.55595601423433],[-64.16447450829645,40.54670697946218],[-64.26202357306269,40.54670697946218],[-64.20544511549828,40.57445408377865],[-64.1683764708871,40.62069925763942],[-64.11569997591333,40.70209076363439]]]}},{"type":"Feature","id":"52621","properties":{"MPIO":"52621","DPTO":"52","NOMBRE_MPI":"ROBERTO PAYAN","NOMBRE_DPT":"NARIÑO"},"geometry":{"type":"Polygon","coordinates":[[[-67.86938798811826,40.90186991471295],[-67.77183892335202,40.83712667130786],[-67.70940752190164,40.713189605360974],[-67.67428985858578,40.58925253941409],[-67.61576041972604,40.48196373605709],[-67.64892710174657,40.465315473467214],[-67.59234864418215,40.3395286005659],[-67.58454471900085,40.29883284756841],[-67.64112317656526,40.23408960416333],[-67.7542800916941,40.21744134157345],[-67.77574088594268,40.32657995188488],[-67.855731119051,40.435718562196314],[-67.92986840827334,40.678043273226784],[-67.86938798811826,40.90186991471295]]]}},{"type":"Feature","id":"19392","properties":{"MPIO":"19392","DPTO":"19","NOMBRE_MPI":"LA SIERRA","NOMBRE_DPT":"CAUCA"},"geometry":{"type":"Polygon","coordinates":[[[-65.78573996471137,40.78903169049265],[-65.65697519921993,40.73723709576858],[-65.51455356466123,40.729837867950856],[-65.40920057471368,40.742786516631874],[-65.3799358552838,40.715039412315406],[-65.45992608839212,40.65954520368248],[-65.57308300352096,40.65584558977361],[-65.78573996471137,40.678043273226784],[-65.76037720787215,40.7205888331787],[-65.795494871188,40.78718188353822],[-65.78573996471137,40.78903169049265]]]}},{"type":"Feature","id":"18247","properties":{"MPIO":"18247","DPTO":"18","NOMBRE_MPI":"EL DONCELLO","NOMBRE_DPT":"CAQUETA"},"geometry":{"type":"Polygon","coordinates":[[[-63.77427824923149,40.65584558977361],[-63.735258623324995,40.578153697687505],[-63.70989586648577,40.30623207538614],[-63.711846847781096,40.235939411117755],[-63.6416115211494,40.09720388953543],[-63.542111475087836,40.06760697826453],[-63.43480750384497,39.96216798186196],[-63.36067021462263,39.81418342550747],[-63.245562318198466,39.77903709337328],[-63.58698404488031,39.81788303941634],[-63.678680165760575,39.81973284637077],[-63.76647432405019,39.80308458378089],[-63.823052781614614,39.87707686195813],[-63.86012142622578,40.001013927905014],[-63.823052781614614,40.22299076243674],[-63.80939591254734,40.259986901525366],[-63.82890572550059,40.415370685697575],[-63.897190070836956,40.563355242052054],[-63.77427824923149,40.65584558977361]]]}},{"type":"Feature","id":"95025","properties":{"MPIO":"95025","DPTO":"95","NOMBRE_MPI":"EL RETORNO","NOMBRE_DPT":"GUAVIARE"},"geometry":{"type":"Polygon","coordinates":[[[-57.41603020776793,39.96956720967968],[-57.32823604947832,39.9825158583607],[-57.179961471033636,39.91962242191005],[-57.12533399476454,39.94182010536322],[-56.9809613789105,39.921472228864474],[-56.82098091269387,39.94551971927208],[-56.76635343642477,39.9048239662746],[-56.783912268082695,39.86782782718598],[-56.88341231414426,39.7975351629176],[-56.9575496033666,39.78273670728215],[-56.9575496033666,39.745740568193526],[-57.105824181811286,39.716143656922625],[-57.25995170414195,39.70319500824161],[-57.298971330048445,39.716143656922625],[-57.54869693585002,39.679147517834004],[-57.7437950653825,39.679147517834004],[-57.8062264668329,39.70689462215047],[-57.925236325847706,39.70504481519604],[-57.989618708593426,39.72169307778592],[-58.07936384817837,39.651400413517536],[-58.29982473455007,39.59775601183904],[-58.38371693024904,39.58665717011245],[-58.50077580796853,39.53116296147952],[-58.5378444525797,39.53116296147952],[-58.664658236775814,39.60515523965676],[-58.69392295620568,39.544111610160535],[-58.85390342242232,39.57555832838587],[-59.0568054771361,39.64215137874538],[-59.130942766358444,39.631052537018796],[-59.21678594335273,39.66989848306185],[-59.25580556925923,39.71244404301376],[-59.35335463402547,39.66804867610742],[-59.41383505418054,39.679147517834004],[-59.47236449304029,39.73279191951251],[-59.55625668873925,39.76423863773783],[-59.614786127599,39.830831688097355],[-59.72209009884186,39.84747995068723],[-60.07716869459097,39.81048381159861],[-60.09082556365825,39.85857879241382],[-59.958158835576164,39.915922808001184],[-59.973766685938756,39.95476875404424],[-60.061560844228374,40.0065633487683],[-60.16496285288059,39.9825158583607],[-60.272266824123456,39.98436566531513],[-60.25080602987488,39.943669912317645],[-60.28982565578138,39.901124352365734],[-60.39127668313827,40.07500620608226],[-60.43614925293074,40.095354082581],[-60.51613948603906,40.07130659217339],[-60.59417873785205,40.115701959079736],[-60.45175710329334,40.208192306801294],[-60.34835509464112,40.22299076243674],[-60.287874674486055,40.259986901525366],[-60.11618832049747,40.215591534619016],[-60.102531451430195,40.23963902502662],[-59.91718822837434,40.195243658120276],[-59.73184500531848,40.19154404421141],[-59.72013911754654,40.15269809816836],[-59.65575673480082,40.12125137994303],[-59.45675664267769,40.07500620608226],[-59.37676640956937,40.08055562694555],[-59.35725659661612,40.038010066993635],[-59.277266363507806,39.98991508617843],[-59.21678594335273,40.0121127696316],[-59.16801141096961,39.965867595770824],[-59.16606042967429,39.91407300104675],[-59.074364308794024,39.93072126363663],[-59.07046234620337,39.79013593509987],[-59.00607996345765,39.77718728641885],[-59.02168781382025,39.81788303941634],[-58.953403468483884,39.7975351629176],[-58.87536421667089,39.958468367953095],[-58.73879552599816,39.93257107059106],[-58.70953080656828,39.88447608977585],[-58.66856019936646,39.91222319409232],[-58.656854311594515,39.99176489313285],[-58.59052094755347,39.97141701663411],[-58.50077580796853,40.01026296267717],[-58.46565814465268,39.98066605140627],[-58.551501321646974,39.91407300104675],[-58.46956010724333,39.865978020231545],[-58.48906992019658,39.82713207418849],[-58.38761889283969,39.786436321191005],[-58.38566791154437,39.74389076123909],[-58.31543258491267,39.780886900327715],[-58.327138472684624,39.82898188114292],[-58.13789328703811,39.74204095428466],[-58.14764819351474,39.87892666891256],[-58.0969226798363,39.87707686195813],[-58.085216792064344,39.830831688097355],[-57.966206933049534,39.82713207418849],[-57.97401085823083,39.78458651423658],[-57.878412774759916,39.77348767250999],[-57.901824550303814,39.821582653325194],[-57.76135389704042,39.83268149505179],[-57.64624600061626,39.80308458378089],[-57.60722637470977,39.83823091591508],[-57.546745954554694,39.81788303941634],[-57.52918712289677,39.865978020231545],[-57.435540020721184,39.91037338713789],[-57.41603020776793,39.96956720967968]]]}},{"type":"Feature","id":"41378","properties":{"MPIO":"41378","DPTO":"41","NOMBRE_MPI":"LA ARGENTINA","NOMBRE_DPT":"HUILA"},"geometry":{"type":"Polygon","coordinates":[[[-64.53516095440817,40.642896941092594],[-64.58393548679129,40.628098485457144],[-64.77318067243779,40.59110234636852],[-64.92925917606378,40.61884945068499],[-65.04241609119262,40.622549064593855],[-65.05802394155522,40.709489991452116],[-64.86097483072741,40.67064404540906],[-64.7029453458061,40.67619346627235],[-64.53516095440817,40.642896941092594]]]}},{"type":"Feature","id":"19075","properties":{"MPIO":"19075","DPTO":"19","NOMBRE_MPI":"BALBOA","NOMBRE_DPT":"CAUCA"},"geometry":{"type":"Polygon","coordinates":[[[-66.17008327989036,40.764984200085046],[-66.01790673885502,40.679893080181216],[-66.09009304678204,40.57630389073307],[-66.15837739211841,40.57075446986978],[-66.21495584968282,40.50601122646469],[-66.27153430724725,40.56520504900649],[-66.28128921372387,40.65399578281918],[-66.36127944683219,40.6373475202293],[-66.36908337201349,40.68729230799894],[-66.20910290579685,40.72428844708756],[-66.17008327989036,40.764984200085046]]]}},{"type":"Feature","id":"41791","properties":{"MPIO":"41791","DPTO":"41","NOMBRE_MPI":"TARQUI","NOMBRE_DPT":"HUILA"},"geometry":{"type":"Polygon","coordinates":[[[-64.51174917886426,40.6669444315002],[-64.40639618891673,40.665094624545766],[-64.34591576876166,40.59110234636852],[-64.20544511549828,40.57445408377865],[-64.26202357306269,40.54670697946218],[-64.33616086228504,40.507861033419125],[-64.44541581482322,40.48011392910266],[-64.51565114145492,40.47826412214823],[-64.58393548679129,40.628098485457144],[-64.53516095440817,40.642896941092594],[-64.51174917886426,40.6669444315002]]]}},{"type":"Feature","id":"52427","properties":{"MPIO":"52427","DPTO":"52","NOMBRE_MPI":"MAGUI","NOMBRE_DPT":"NARIÑO"},"geometry":{"type":"Polygon","coordinates":[[[-67.43822112185148,40.764984200085046],[-67.33481911319927,40.76128458617618],[-67.26068182397692,40.79088149744708],[-67.12996607719016,40.785332076583785],[-67.0460738814912,40.727988060996424],[-67.00315229299406,40.72613825404199],[-66.92901500377171,40.62439887154828],[-66.85877967714002,40.578153697687505],[-66.65002467854026,40.56520504900649],[-66.51540696916285,40.54670697946218],[-66.61100505263377,40.457916245649486],[-66.63831879076831,40.3635760909735],[-66.67343645408415,40.32473014493045],[-66.8022012195756,40.28958381279626],[-66.8100051447569,40.28773400584183],[-66.86463262102599,40.295133233659556],[-66.97583855485951,40.245188445889916],[-67.04412290019587,40.243338638935484],[-67.165083740506,40.29143361975069],[-67.38554462687772,40.31918072406716],[-67.44797602832811,40.34137840752033],[-67.59234864418215,40.3395286005659],[-67.64892710174657,40.465315473467214],[-67.61576041972604,40.48196373605709],[-67.57869177511488,40.53560813773559],[-67.48894663552993,40.75388535835846],[-67.43822112185148,40.764984200085046]]]}},{"type":"Feature","id":"41503","properties":{"MPIO":"41503","DPTO":"41","NOMBRE_MPI":"OPORAPA","NOMBRE_DPT":"HUILA"},"geometry":{"type":"Polygon","coordinates":[[[-64.77318067243779,40.59110234636852],[-64.58393548679129,40.628098485457144],[-64.51565114145492,40.47826412214823],[-64.56637665513337,40.472714701284936],[-64.68343553285285,40.415370685697575],[-64.69319043932947,40.52450929600901],[-64.77318067243779,40.59110234636852]]]}},{"type":"Feature","id":"52405","properties":{"MPIO":"52405","DPTO":"52","NOMBRE_MPI":"LEIVA","NOMBRE_DPT":"NARIÑO"},"geometry":{"type":"Polygon","coordinates":[[[-66.37688729719478,40.709489991452116],[-66.36908337201349,40.68729230799894],[-66.36127944683219,40.6373475202293],[-66.28128921372387,40.65399578281918],[-66.27153430724725,40.56520504900649],[-66.21495584968282,40.50601122646469],[-66.21105388709218,40.48936296387482],[-66.21495584968282,40.465315473467214],[-66.31250491444906,40.39502280919883],[-66.38469122237609,40.430169141333025],[-66.54272070729739,40.406121650925414],[-66.61100505263377,40.457916245649486],[-66.51540696916285,40.54670697946218],[-66.38274024108077,40.552256400325476],[-66.42371084828258,40.685442501044506],[-66.37688729719478,40.709489991452116]]]}},{"type":"Feature","id":"19397","properties":{"MPIO":"19397","DPTO":"19","NOMBRE_MPI":"LA VEGA","NOMBRE_DPT":"CAUCA"},"geometry":{"type":"Polygon","coordinates":[[[-65.57308300352096,40.65584558977361],[-65.51065160207057,40.57075446986978],[-65.39944566823706,40.55595601423433],[-65.39359272435108,40.485663349965954],[-65.53211239631915,40.49861199864697],[-65.59844576036019,40.47826412214823],[-65.73891641362357,40.50601122646469],[-65.84817136616176,40.64104713413816],[-65.78573996471137,40.678043273226784],[-65.57308300352096,40.65584558977361]]]}},{"type":"Feature","id":"18001","properties":{"MPIO":"18001","DPTO":"18","NOMBRE_MPI":"FLORENCIA","NOMBRE_DPT":"CAQUETA"},"geometry":{"type":"Polygon","coordinates":[[[-63.897190070836956,40.563355242052054],[-63.82890572550059,40.415370685697575],[-63.80939591254734,40.259986901525366],[-63.823052781614614,40.22299076243674],[-63.963523434878,40.17674558857596],[-64.01229796726112,40.13974944948734],[-64.06887642482553,39.98991508617843],[-64.113748994618,39.80308458378089],[-64.23666081622348,39.77903709337328],[-64.31470006803646,39.823432460279626],[-64.27372946083464,39.89002551063915],[-64.29714123637854,39.98066605140627],[-64.40249422632608,40.04170968090249],[-64.39078833855413,40.18414481639369],[-64.3810334320775,40.195243658120276],[-64.22885689104217,40.31363130320386],[-64.17227843347776,40.34692782838362],[-64.04546464928164,40.38207416051781],[-63.98498422912657,40.46716528042164],[-63.897190070836956,40.563355242052054]]]}},{"type":"Feature","id":"41660","properties":{"MPIO":"41660","DPTO":"41","NOMBRE_MPI":"SALADOBLANCO","NOMBRE_DPT":"HUILA"},"geometry":{"type":"Polygon","coordinates":[[[-65.04241609119262,40.622549064593855],[-64.92925917606378,40.61884945068499],[-64.77318067243779,40.59110234636852],[-64.69319043932947,40.52450929600901],[-64.68343553285285,40.415370685697575],[-64.68343553285285,40.40982126483428],[-64.72245515875935,40.407971457879846],[-64.85121992425078,40.48381354301152],[-64.95657291419833,40.50601122646469],[-65.06582786673651,40.587402732459665],[-65.04241609119262,40.622549064593855]]]}},{"type":"Feature","id":"41319","properties":{"MPIO":"41319","DPTO":"41","NOMBRE_MPI":"GUADALUPE","NOMBRE_DPT":"HUILA"},"geometry":{"type":"Polygon","coordinates":[[[-64.16447450829645,40.54670697946218],[-64.09228820036944,40.55595601423433],[-64.08253329389281,40.52080968210014],[-63.98498422912657,40.46716528042164],[-64.04546464928164,40.38207416051781],[-64.17227843347776,40.34692782838362],[-64.22885689104217,40.31363130320386],[-64.34201380617101,40.39687261615326],[-64.35957263782893,40.435718562196314],[-64.18203333995437,40.50601122646469],[-64.16447450829645,40.54670697946218]]]}},{"type":"Feature","id":"41668","properties":{"MPIO":"41668","DPTO":"41","NOMBRE_MPI":"SAN AGUSTIN","NOMBRE_DPT":"HUILA"},"geometry":{"type":"Polygon","coordinates":[[[-65.14581809984483,40.55595601423433],[-65.09899454875703,40.406121650925414],[-65.02875922212534,40.43201894828745],[-64.9156023069965,40.330279565793745],[-64.94876898901703,40.30438226843171],[-64.91170034440586,40.23408960416333],[-64.9156023069965,40.173045974667104],[-65.05802394155522,40.06390736435567],[-65.1750828192747,40.095354082581],[-65.2375142207251,40.14159925644177],[-65.22580833295315,40.285884198887395],[-65.30970052865212,40.358026670110206],[-65.3955437056464,40.3635760909735],[-65.40724959341836,40.393173002244396],[-65.39359272435108,40.485663349965954],[-65.39944566823706,40.55595601423433],[-65.3955437056464,40.61145022286727],[-65.33311230419602,40.62624867850271],[-65.23166127683912,40.60220118809511],[-65.14581809984483,40.55595601423433]]]}},{"type":"Feature","id":"41026","properties":{"MPIO":"41026","DPTO":"41","NOMBRE_MPI":"ALTAMIRA","NOMBRE_DPT":"HUILA"},"geometry":{"type":"Polygon","coordinates":[[[-64.26202357306269,40.54670697946218],[-64.16447450829645,40.54670697946218],[-64.18203333995437,40.50601122646469],[-64.35957263782893,40.435718562196314],[-64.43175894575594,40.420920106560864],[-64.48638642202505,40.435718562196314],[-64.44541581482322,40.48011392910266],[-64.33616086228504,40.507861033419125],[-64.26202357306269,40.54670697946218]]]}},{"type":"Feature","id":"41359","properties":{"MPIO":"41359","DPTO":"41","NOMBRE_MPI":"ISNOS","NOMBRE_DPT":"HUILA"},"geometry":{"type":"Polygon","coordinates":[[[-65.06582786673651,40.587402732459665],[-64.95657291419833,40.50601122646469],[-64.85121992425078,40.48381354301152],[-64.72245515875935,40.407971457879846],[-64.83756305518351,40.34322821447476],[-64.9156023069965,40.330279565793745],[-65.02875922212534,40.43201894828745],[-65.09899454875703,40.406121650925414],[-65.14581809984483,40.55595601423433],[-65.06582786673651,40.587402732459665]]]}},{"type":"Feature","id":"52835","properties":{"MPIO":"52835","DPTO":"52","NOMBRE_MPI":"TUMACO","NOMBRE_DPT":"NARIÑO"},"geometry":{"type":"Polygon","coordinates":[[[-67.92986840827334,40.678043273226784],[-67.855731119051,40.435718562196314],[-67.77574088594268,40.32657995188488],[-67.7542800916941,40.21744134157345],[-67.78159382982865,40.200793078983565],[-67.83622130609774,40.06205755740124],[-67.88499583848086,40.023211611358185],[-68.00205471620035,39.80678419768975],[-68.08789789319465,39.81418342550747],[-68.15228027594037,39.886325896730284],[-68.19129990184686,39.888175703684716],[-68.24007443422998,39.94921933318094],[-68.33957448029155,40.01396257658603],[-68.50345690909883,40.1489984842595],[-68.62051578681832,40.22299076243674],[-68.63417265588559,40.27848497106967],[-68.4293196198765,40.45606643869505],[-68.15813321982634,40.420920106560864],[-68.083995930604,40.40242203701656],[-68.00985864138165,40.42831933437859],[-68.00400569749569,40.528208909917865],[-67.92986840827334,40.678043273226784]]]}},{"type":"Feature","id":"19100","properties":{"MPIO":"19100","DPTO":"19","NOMBRE_MPI":"BOLIVAR","NOMBRE_DPT":"CAUCA"},"geometry":{"type":"Polygon","coordinates":[[[-65.92425963667944,40.57075446986978],[-65.91645571149813,40.53375833078116],[-65.77013211434877,40.500461805601404],[-65.87938706688696,40.45421663174062],[-65.82280860932254,40.385773774426674],[-65.80329879636929,40.315481110158295],[-65.77793603953008,40.27848497106967],[-65.6862399186498,40.250737866753205],[-65.69014188124045,40.13974944948734],[-65.71355365678436,40.11200234517088],[-65.80720075895994,40.15269809816836],[-65.9769361316532,40.24703825284435],[-66.0081518323784,40.26923593629752],[-65.9847400568345,40.34877763533805],[-66.0471714582849,40.35987647706464],[-66.03546557051294,40.40427184397099],[-66.10179893455398,40.493062577783675],[-65.92425963667944,40.57075446986978]]]}},{"type":"Feature","id":"41244","properties":{"MPIO":"41244","DPTO":"41","NOMBRE_MPI":"ELIAS","NOMBRE_DPT":"HUILA"},"geometry":{"type":"Polygon","coordinates":[[[-64.51565114145492,40.47826412214823],[-64.44541581482322,40.48011392910266],[-64.48638642202505,40.435718562196314],[-64.56247469254271,40.43201894828745],[-64.65221983212766,40.37837454660895],[-64.68343553285285,40.40982126483428],[-64.68343553285285,40.415370685697575],[-64.56637665513337,40.472714701284936],[-64.51565114145492,40.47826412214823]]]}},{"type":"Feature","id":"97777","properties":{"MPIO":"97777","DPTO":"97","NOMBRE_MPI":"PAPUNAUA","NOMBRE_DPT":"VAUPES"},"geometry":{"type":"Polygon","coordinates":[[[-57.0433927803609,39.64770079960868],[-57.07460848108609,39.64955060656311],[-57.080461424972064,39.55151083797826],[-56.88536329543959,39.403526281623776],[-56.703922034974376,39.34248265212755],[-56.705873016269706,39.3276841964921],[-56.817078950103216,39.25554172526929],[-57.0043731544544,39.26849037395031],[-57.113628106992586,39.3036367060845],[-57.13899086383181,39.34063284517312],[-57.339941937250266,39.33508342430983],[-57.37310861927079,39.372079563398444],[-57.44919688978845,39.37762898426174],[-57.70282445818068,39.25924133917815],[-58.133991324447464,39.024315855965405],[-58.26860903382487,38.95772280560588],[-58.32518749138929,39.16490118450217],[-58.344697304342546,39.28883825044905],[-58.38371693024904,39.42942357898581],[-58.38371693024904,39.58665717011245],[-58.29982473455007,39.59775601183904],[-58.07936384817837,39.651400413517536],[-57.989618708593426,39.72169307778592],[-57.925236325847706,39.70504481519604],[-57.8062264668329,39.70689462215047],[-57.7437950653825,39.679147517834004],[-57.54869693585002,39.679147517834004],[-57.298971330048445,39.716143656922625],[-57.25995170414195,39.70319500824161],[-57.105824181811286,39.716143656922625],[-56.9575496033666,39.745740568193526],[-57.00632413574972,39.65325022047197],[-57.0433927803609,39.64770079960868]]]}},{"type":"Feature","id":"41770","properties":{"MPIO":"41770","DPTO":"41","NOMBRE_MPI":"SUAZA","NOMBRE_DPT":"HUILA"},"geometry":{"type":"Polygon","coordinates":[[[-64.35957263782893,40.435718562196314],[-64.34201380617101,40.39687261615326],[-64.22885689104217,40.31363130320386],[-64.3810334320775,40.195243658120276],[-64.40639618891673,40.26368651543422],[-64.50784721627362,40.32473014493045],[-64.43175894575594,40.420920106560864],[-64.35957263782893,40.435718562196314]]]}},{"type":"Feature","id":"19693","properties":{"MPIO":"19693","DPTO":"19","NOMBRE_MPI":"SAN SEBASTIAN","NOMBRE_DPT":"CAUCA"},"geometry":{"type":"Polygon","coordinates":[[[-65.59844576036019,40.47826412214823],[-65.53211239631915,40.49861199864697],[-65.39359272435108,40.485663349965954],[-65.40724959341836,40.393173002244396],[-65.4657790322781,40.3339791797026],[-65.54186730279577,40.29328342670512],[-65.6862399186498,40.250737866753205],[-65.77793603953008,40.27848497106967],[-65.80329879636929,40.315481110158295],[-65.69404384383111,40.3691255118368],[-65.59844576036019,40.47826412214823]]]}},{"type":"Feature","id":"41807","properties":{"MPIO":"41807","DPTO":"41","NOMBRE_MPI":"TIMANA","NOMBRE_DPT":"HUILA"},"geometry":{"type":"Polygon","coordinates":[[[-64.48638642202505,40.435718562196314],[-64.43175894575594,40.420920106560864],[-64.50784721627362,40.32473014493045],[-64.58393548679129,40.26368651543422],[-64.66392571989961,40.335828986657035],[-64.65221983212766,40.37837454660895],[-64.56247469254271,40.43201894828745],[-64.48638642202505,40.435718562196314]]]}},{"type":"Feature","id":"19022","properties":{"MPIO":"19022","DPTO":"19","NOMBRE_MPI":"ALMAGUER","NOMBRE_DPT":"CAUCA"},"geometry":{"type":"Polygon","coordinates":[[[-65.73891641362357,40.50601122646469],[-65.59844576036019,40.47826412214823],[-65.69404384383111,40.3691255118368],[-65.80329879636929,40.315481110158295],[-65.82280860932254,40.385773774426674],[-65.87938706688696,40.45421663174062],[-65.77013211434877,40.500461805601404],[-65.73891641362357,40.50601122646469]]]}},{"type":"Feature","id":"95015","properties":{"MPIO":"95015","DPTO":"95","NOMBRE_MPI":"CALAMAR","NOMBRE_DPT":"GUAVIARE"},"geometry":{"type":"Polygon","coordinates":[[[-60.59417873785205,40.115701959079736],[-60.51613948603906,40.07130659217339],[-60.43614925293074,40.095354082581],[-60.39127668313827,40.07500620608226],[-60.28982565578138,39.901124352365734],[-60.25080602987488,39.943669912317645],[-60.272266824123456,39.98436566531513],[-60.16496285288059,39.9825158583607],[-60.061560844228374,40.0065633487683],[-59.973766685938756,39.95476875404424],[-59.958158835576164,39.915922808001184],[-60.09082556365825,39.85857879241382],[-60.07716869459097,39.81048381159861],[-60.00108042407331,39.7383413403758],[-60.02254121832188,39.693945973469454],[-60.086923601067596,39.710594236059336],[-60.07716869459097,39.63845176483652],[-60.151305983813316,39.553360644932695],[-60.08107065718163,39.53486257538838],[-59.96596276075746,39.54966103102383],[-59.96596276075746,39.42757377203138],[-60.01668827443591,39.4349729998491],[-60.09277654495357,39.39797686076048],[-60.264462898942156,39.436822806803534],[-60.29762958096268,39.48306798066431],[-60.43614925293074,39.37022975644402],[-60.48102182272321,39.351731686899704],[-60.49077672919984,39.27773940872246],[-60.66636504577907,39.281439022631325],[-60.705384671685565,39.2148459722718],[-60.69562976520894,39.14825292191229],[-60.77366901702193,39.14085369409456],[-60.87902200696947,39.06316180200846],[-60.980473034326366,39.05206296028187],[-61.04680639836741,39.07611045068948],[-61.11313976240845,39.15750195668444],[-61.16191429479157,39.16860079841103],[-61.37262027468665,39.366530142535154],[-61.37262027468665,39.409075702487065],[-61.380424199867946,39.48121817370988],[-61.493581114996786,39.59220659097574],[-61.557963497742506,39.693945973469454],[-61.60283606753498,39.71244404301376],[-61.59308116105835,39.83268149505179],[-61.52284583442666,40.180445202484826],[-61.35896340561938,40.14159925644177],[-61.26531630344378,40.15454790512279],[-61.07997308038793,40.130500414715186],[-61.01949266023286,40.065757171310096],[-60.947306352305844,40.06020775044681],[-60.89267887603675,40.10275331039872],[-60.65465915800712,40.100903503444286],[-60.59417873785205,40.115701959079736]]]}},{"type":"Feature","id":"19450","properties":{"MPIO":"19450","DPTO":"19","NOMBRE_MPI":"MERCADERES","NOMBRE_DPT":"CAUCA"},"geometry":{"type":"Polygon","coordinates":[[[-66.10179893455398,40.493062577783675],[-66.03546557051294,40.40427184397099],[-66.0471714582849,40.35987647706464],[-65.9847400568345,40.34877763533805],[-66.0081518323784,40.26923593629752],[-66.08424010289606,40.2562872876165],[-66.0471714582849,40.21929114852788],[-66.05887734605685,40.215591534619016],[-66.07838715901009,40.210042113755726],[-66.21885781227348,40.21374172766458],[-66.28909313890517,40.21744134157345],[-66.3944461288527,40.243338638935484],[-66.3378676712883,40.29698304061398],[-66.31250491444906,40.39502280919883],[-66.21495584968282,40.465315473467214],[-66.21105388709218,40.48936296387482],[-66.10179893455398,40.493062577783675]]]}},{"type":"Feature","id":"41551","properties":{"MPIO":"41551","DPTO":"41","NOMBRE_MPI":"PITALITO","NOMBRE_DPT":"HUILA"},"geometry":{"type":"Polygon","coordinates":[[[-64.72245515875935,40.407971457879846],[-64.68343553285285,40.40982126483428],[-64.65221983212766,40.37837454660895],[-64.66392571989961,40.335828986657035],[-64.58393548679129,40.26368651543422],[-64.63856296306038,40.20634249984686],[-64.73221006523598,40.230389990254466],[-64.77708263502845,40.163796939894944],[-64.85512188684143,40.14159925644177],[-64.96437683937963,39.98991508617843],[-64.99169057751418,39.988065279223996],[-65.05802394155522,40.06390736435567],[-64.9156023069965,40.173045974667104],[-64.91170034440586,40.23408960416333],[-64.94876898901703,40.30438226843171],[-64.9156023069965,40.330279565793745],[-64.83756305518351,40.34322821447476],[-64.72245515875935,40.407971457879846]]]}},{"type":"Feature","id":"52540","properties":{"MPIO":"52540","DPTO":"52","NOMBRE_MPI":"POLICARPA","NOMBRE_DPT":"NARIÑO"},"geometry":{"type":"Polygon","coordinates":[[[-66.61100505263377,40.457916245649486],[-66.54272070729739,40.406121650925414],[-66.52906383823013,40.34877763533805],[-66.47638734325635,40.32288033797602],[-66.46858341807506,40.235939411117755],[-66.43736771734986,40.21744134157345],[-66.48224028714233,40.17674558857596],[-66.54076972600207,40.163796939894944],[-66.58954425838519,40.163796939894944],[-66.63051486558702,40.28403439193296],[-66.67343645408415,40.32473014493045],[-66.63831879076831,40.3635760909735],[-66.61100505263377,40.457916245649486]]]}},{"type":"Feature","id":"19701","properties":{"MPIO":"19701","DPTO":"19","NOMBRE_MPI":"SANTA ROSA","NOMBRE_DPT":"CAUCA"},"geometry":{"type":"Polygon","coordinates":[[[-65.6862399186498,40.250737866753205],[-65.54186730279577,40.29328342670512],[-65.4657790322781,40.3339791797026],[-65.40724959341836,40.393173002244396],[-65.3955437056464,40.3635760909735],[-65.30970052865212,40.358026670110206],[-65.22580833295315,40.285884198887395],[-65.2375142207251,40.14159925644177],[-65.1750828192747,40.095354082581],[-65.05802394155522,40.06390736435567],[-64.99169057751418,39.988065279223996],[-65.05022001637391,39.86782782718598],[-65.13606319336822,39.83453130200621],[-65.12045534300562,39.77163786555556],[-65.2453181459064,39.68654674565173],[-65.37408291139784,39.579257942294724],[-65.40139664953239,39.53116296147952],[-65.43261235025759,39.54966103102383],[-65.43456333155291,39.61995369529221],[-65.38969076176043,39.73464172646694],[-65.411151556009,39.86042859936825],[-65.55357319056772,39.93257107059106],[-65.60234772295084,39.9048239662746],[-65.6706320682872,39.81233361855304],[-65.7642791704628,39.81788303941634],[-65.77403407693942,39.821582653325194],[-65.7330634697376,39.85672898545939],[-65.76818113305345,39.943669912317645],[-65.72525954455631,39.99731431399615],[-65.69794580642176,40.03431045308477],[-65.71355365678436,40.11200234517088],[-65.69014188124045,40.13974944948734],[-65.6862399186498,40.250737866753205]]]}},{"type":"Feature","id":"52256","properties":{"MPIO":"52256","DPTO":"52","NOMBRE_MPI":"EL ROSARIO","NOMBRE_DPT":"NARIÑO"},"geometry":{"type":"Polygon","coordinates":[[[-66.54272070729739,40.406121650925414],[-66.38469122237609,40.430169141333025],[-66.31250491444906,40.39502280919883],[-66.3378676712883,40.29698304061398],[-66.3944461288527,40.243338638935484],[-66.43736771734986,40.21744134157345],[-66.46858341807506,40.235939411117755],[-66.47638734325635,40.32288033797602],[-66.52906383823013,40.34877763533805],[-66.54272070729739,40.406121650925414]]]}},{"type":"Feature","id":"41006","properties":{"MPIO":"41006","DPTO":"41","NOMBRE_MPI":"ACEVEDO","NOMBRE_DPT":"HUILA"},"geometry":{"type":"Polygon","coordinates":[[[-64.50784721627362,40.32473014493045],[-64.40639618891673,40.26368651543422],[-64.3810334320775,40.195243658120276],[-64.39078833855413,40.18414481639369],[-64.44736679611854,40.10275331039872],[-64.57222959901934,40.04910890872022],[-64.66002375730895,39.9825158583607],[-64.80829833575365,39.958468367953095],[-64.80829833575365,39.96216798186196],[-64.7341610465313,40.100903503444286],[-64.63856296306038,40.20634249984686],[-64.58393548679129,40.26368651543422],[-64.50784721627362,40.32473014493045]]]}},{"type":"Feature","id":"18256","properties":{"MPIO":"18256","DPTO":"18","NOMBRE_MPI":"EL PAUJIL","NOMBRE_DPT":"CAQUETA"},"geometry":{"type":"Polygon","coordinates":[[[-63.823052781614614,40.22299076243674],[-63.86012142622578,40.001013927905014],[-63.823052781614614,39.87707686195813],[-63.76647432405019,39.80308458378089],[-63.678680165760575,39.81973284637077],[-63.67672918446525,39.716143656922625],[-63.78208217441279,39.72169307778592],[-63.832807688091236,39.70319500824161],[-63.97327834135462,39.816033232461905],[-63.98108226653592,40.02506141831262],[-63.963523434878,40.17674558857596],[-63.823052781614614,40.22299076243674]]]}},{"type":"Feature","id":"95200","properties":{"MPIO":"95200","DPTO":"95","NOMBRE_MPI":"MIRAFLORES","NOMBRE_DPT":"GUAVIARE"},"geometry":{"type":"Polygon","coordinates":[[[-60.07716869459097,39.81048381159861],[-59.72209009884186,39.84747995068723],[-59.614786127599,39.830831688097355],[-59.55625668873925,39.76423863773783],[-59.47236449304029,39.73279191951251],[-59.41383505418054,39.679147517834004],[-59.35335463402547,39.66804867610742],[-59.25580556925923,39.71244404301376],[-59.21678594335273,39.66989848306185],[-59.130942766358444,39.631052537018796],[-59.0568054771361,39.64215137874538],[-58.85390342242232,39.57555832838587],[-58.69392295620568,39.544111610160535],[-58.72318767563556,39.47936836675545],[-58.768060245428025,39.46456991112],[-58.85585440371764,39.346182266036415],[-58.86951127278492,39.301786899130065],[-58.96315837496051,39.17969964013761],[-58.92608973034934,39.024315855965405],[-59.02949173900155,39.04651353941858],[-59.0646094023174,38.97807068210463],[-59.185570242627534,38.92257647347169],[-59.275315382212476,38.93552512215271],[-59.35335463402547,38.84118496747673],[-59.68307047293536,38.66915292071464],[-59.73574696790914,38.6728525346235],[-59.79427640676888,38.746844812800745],[-59.926943134850966,38.732046357165295],[-59.92304117226031,38.79308998666152],[-60.01278631184526,38.839335160522296],[-59.989374536301355,38.91332743869954],[-60.040100049979806,38.88003091351978],[-60.04400201257045,38.9706714542869],[-60.088874582362926,39.0002683655578],[-60.12204126438345,39.08720929241606],[-60.176668740652545,39.14085369409456],[-60.23324719821696,39.14270350104899],[-60.328845281687876,39.19449809577306],[-60.393227664433596,39.26294095308701],[-60.49077672919984,39.27773940872246],[-60.48102182272321,39.351731686899704],[-60.43614925293074,39.37022975644402],[-60.29762958096268,39.48306798066431],[-60.264462898942156,39.436822806803534],[-60.09277654495357,39.39797686076048],[-60.01668827443591,39.4349729998491],[-59.96596276075746,39.42757377203138],[-59.96596276075746,39.54966103102383],[-60.08107065718163,39.53486257538838],[-60.151305983813316,39.553360644932695],[-60.07716869459097,39.63845176483652],[-60.086923601067596,39.710594236059336],[-60.02254121832188,39.693945973469454],[-60.00108042407331,39.7383413403758],[-60.07716869459097,39.81048381159861]]]}},{"type":"Feature","id":"41530","properties":{"MPIO":"41530","DPTO":"41","NOMBRE_MPI":"PALESTINA","NOMBRE_DPT":"HUILA"},"geometry":{"type":"Polygon","coordinates":[[[-64.96437683937963,39.98991508617843],[-64.85512188684143,40.14159925644177],[-64.77708263502845,40.163796939894944],[-64.73221006523598,40.230389990254466],[-64.63856296306038,40.20634249984686],[-64.7341610465313,40.100903503444286],[-64.80829833575365,39.96216798186196],[-64.85707286813675,39.99546450704172],[-64.96437683937963,39.98991508617843]]]}},{"type":"Feature","id":"18410","properties":{"MPIO":"18410","DPTO":"18","NOMBRE_MPI":"LA MONTA¥ITA","NOMBRE_DPT":"CAQUETA"},"geometry":{"type":"Polygon","coordinates":[[[-63.963523434878,40.17674558857596],[-63.98108226653592,40.02506141831262],[-63.97327834135462,39.816033232461905],[-63.832807688091236,39.70319500824161],[-63.78208217441279,39.72169307778592],[-63.67672918446525,39.716143656922625],[-63.68258212835123,39.608854853565624],[-63.6728272218746,39.53671238234281],[-63.76062138016422,39.53486257538838],[-63.832807688091236,39.58295755620359],[-63.86597437011176,39.54041199625168],[-63.96937637876397,39.57000890752257],[-64.02205287373775,39.61995369529221],[-63.99669011689852,39.730942112558076],[-64.02400385503307,39.78828612814544],[-64.113748994618,39.80308458378089],[-64.06887642482553,39.98991508617843],[-64.01229796726112,40.13974944948734],[-63.963523434878,40.17674558857596]]]}},{"type":"Feature","id":"52233","properties":{"MPIO":"52233","DPTO":"52","NOMBRE_MPI":"CUMBITARA","NOMBRE_DPT":"NARIÑO"},"geometry":{"type":"Polygon","coordinates":[[[-66.8022012195756,40.28958381279626],[-66.67343645408415,40.32473014493045],[-66.63051486558702,40.28403439193296],[-66.58954425838519,40.163796939894944],[-66.65587762242623,40.163796939894944],[-66.79049533180364,40.21374172766458],[-66.8022012195756,40.28958381279626]]]}},{"type":"Feature","id":"52079","properties":{"MPIO":"52079","DPTO":"52","NOMBRE_MPI":"BARBACOAS","NOMBRE_DPT":"NARIÑO"},"geometry":{"type":"Polygon","coordinates":[[[-67.59234864418215,40.3395286005659],[-67.44797602832811,40.34137840752033],[-67.38554462687772,40.31918072406716],[-67.165083740506,40.29143361975069],[-67.04412290019587,40.243338638935484],[-66.97583855485951,40.245188445889916],[-66.86463262102599,40.295133233659556],[-66.8100051447569,40.28773400584183],[-66.9524267793156,40.178595395530394],[-67.03436799371924,40.13235022166962],[-67.14362294625744,40.08055562694555],[-67.24507397361432,40.02136180440375],[-67.32896616931329,39.93997029840879],[-67.50065252330188,39.84378033677837],[-67.55527999957097,39.851179564596094],[-67.61966238231669,39.951069140135374],[-67.7386722413315,40.008413155722735],[-67.88499583848086,40.023211611358185],[-67.83622130609774,40.06205755740124],[-67.78159382982865,40.200793078983565],[-67.7542800916941,40.21744134157345],[-67.64112317656526,40.23408960416333],[-67.58454471900085,40.29883284756841],[-67.59234864418215,40.3395286005659]]]}},{"type":"Feature","id":"18094","properties":{"MPIO":"18094","DPTO":"18","NOMBRE_MPI":"BELEN DE LOS ANDAQUIES","NOMBRE_DPT":"CAQUETA"},"geometry":{"type":"Polygon","coordinates":[[[-64.39078833855413,40.18414481639369],[-64.40249422632608,40.04170968090249],[-64.4278569831653,40.002863734859446],[-64.37713146948686,39.81048381159861],[-64.39469030114478,39.710594236059336],[-64.45517072129985,39.72169307778592],[-64.50004329109233,39.72539269169478],[-64.59173941197258,39.81973284637077],[-64.67368062637622,39.81418342550747],[-64.76732772855182,39.81973284637077],[-64.80829833575365,39.958468367953095],[-64.66002375730895,39.9825158583607],[-64.57222959901934,40.04910890872022],[-64.44736679611854,40.10275331039872],[-64.39078833855413,40.18414481639369]]]}},{"type":"Feature","id":"19290","properties":{"MPIO":"19290","DPTO":"19","NOMBRE_MPI":"FLORENCIA","NOMBRE_DPT":"CAUCA"},"geometry":{"type":"Polygon","coordinates":[[[-66.0081518323784,40.26923593629752],[-65.9769361316532,40.24703825284435],[-66.0471714582849,40.21929114852788],[-66.08424010289606,40.2562872876165],[-66.0081518323784,40.26923593629752]]]}},{"type":"Feature","id":"52418","properties":{"MPIO":"52418","DPTO":"52","NOMBRE_MPI":"LOS ANDES","NOMBRE_DPT":"NARIÑO"},"geometry":{"type":"Polygon","coordinates":[[[-66.8022012195756,40.28958381279626],[-66.79049533180364,40.21374172766458],[-66.65587762242623,40.163796939894944],[-66.58954425838519,40.163796939894944],[-66.54076972600207,40.163796939894944],[-66.54467168859273,40.10645292430758],[-66.60515210874779,40.065757171310096],[-66.65782860372155,40.023211611358185],[-66.79829925698495,40.09720388953543],[-66.93486794765768,40.145298870350636],[-66.9524267793156,40.178595395530394],[-66.8100051447569,40.28773400584183],[-66.8022012195756,40.28958381279626]]]}},{"type":"Feature","id":"52693","properties":{"MPIO":"52693","DPTO":"52","NOMBRE_MPI":"SAN PABLO","NOMBRE_DPT":"NARIÑO"},"geometry":{"type":"Polygon","coordinates":[[[-66.0471714582849,40.21929114852788],[-65.9769361316532,40.24703825284435],[-65.80720075895994,40.15269809816836],[-65.97303416906256,40.178595395530394],[-66.05887734605685,40.215591534619016],[-66.0471714582849,40.21929114852788]]]}},{"type":"Feature","id":"97161","properties":{"MPIO":"97161","DPTO":"97","NOMBRE_MPI":"CARURU","NOMBRE_DPT":"VAUPES"},"geometry":{"type":"Polygon","coordinates":[[[-58.38371693024904,39.58665717011245],[-58.38371693024904,39.42942357898581],[-58.344697304342546,39.28883825044905],[-58.32518749138929,39.16490118450217],[-58.26860903382487,38.95772280560588],[-58.301775715845395,38.86523245788433],[-58.32518749138929,38.73574597107416],[-58.35640319211449,38.70059963893997],[-58.35445221081917,38.624757553808294],[-58.40517772449761,38.62105793989943],[-58.45395225688073,38.510069522633565],[-58.424687537450865,38.43422743750189],[-58.551501321646974,38.41572936795758],[-58.64319744252724,38.42682820968417],[-58.79927594615322,38.524867978269015],[-59.09777608433792,38.56926334517536],[-59.24800164407793,38.554464889539915],[-59.28702126998443,38.68025176244122],[-59.35920757791145,38.774591917117206],[-59.35335463402547,38.84118496747673],[-59.275315382212476,38.93552512215271],[-59.185570242627534,38.92257647347169],[-59.0646094023174,38.97807068210463],[-59.02949173900155,39.04651353941858],[-58.92608973034934,39.024315855965405],[-58.96315837496051,39.17969964013761],[-58.86951127278492,39.301786899130065],[-58.85585440371764,39.346182266036415],[-58.768060245428025,39.46456991112],[-58.72318767563556,39.47936836675545],[-58.69392295620568,39.544111610160535],[-58.664658236775814,39.60515523965676],[-58.5378444525797,39.53116296147952],[-58.50077580796853,39.53116296147952],[-58.38371693024904,39.58665717011245]]]}},{"type":"Feature","id":"52786","properties":{"MPIO":"52786","DPTO":"52","NOMBRE_MPI":"TAMINANGO","NOMBRE_DPT":"NARIÑO"},"geometry":{"type":"Polygon","coordinates":[[[-66.3944461288527,40.243338638935484],[-66.28909313890517,40.21744134157345],[-66.31835785833505,40.16749655380381],[-66.30275000797245,40.09165446867213],[-66.36127944683219,40.06205755740124],[-66.39834809144337,40.058357943492375],[-66.46858341807506,40.08980466171771],[-66.48224028714233,40.17674558857596],[-66.43736771734986,40.21744134157345],[-66.3944461288527,40.243338638935484]]]}},{"type":"Feature","id":"52203","properties":{"MPIO":"52203","DPTO":"52","NOMBRE_MPI":"COLON","NOMBRE_DPT":"NARIÑO"},"geometry":{"type":"Polygon","coordinates":[[[-66.07838715901009,40.210042113755726],[-66.05887734605685,40.215591534619016],[-65.97303416906256,40.178595395530394],[-65.9769361316532,40.15639771207722],[-66.03546557051294,40.13604983557848],[-66.07838715901009,40.210042113755726]]]}},{"type":"Feature","id":"52399","properties":{"MPIO":"52399","DPTO":"52","NOMBRE_MPI":"LA UNION","NOMBRE_DPT":"NARIÑO"},"geometry":{"type":"Polygon","coordinates":[[[-66.21885781227348,40.21374172766458],[-66.07838715901009,40.210042113755726],[-66.03546557051294,40.13604983557848],[-66.03741655180828,40.1194015729886],[-66.16032837341373,40.09905369648986],[-66.21885781227348,40.21374172766458]]]}},{"type":"Feature","id":"52687","properties":{"MPIO":"52687","DPTO":"52","NOMBRE_MPI":"SAN LORENZO","NOMBRE_DPT":"NARIÑO"},"geometry":{"type":"Polygon","coordinates":[[[-66.28909313890517,40.21744134157345],[-66.21885781227348,40.21374172766458],[-66.16032837341373,40.09905369648986],[-66.15837739211841,40.09720388953543],[-66.20129898061556,40.001013927905014],[-66.31250491444906,40.01766219049489],[-66.36127944683219,40.06205755740124],[-66.30275000797245,40.09165446867213],[-66.31835785833505,40.16749655380381],[-66.28909313890517,40.21744134157345]]]}},{"type":"Feature","id":"94885","properties":{"MPIO":"94885","DPTO":"94","NOMBRE_MPI":"LA GUADALUPE","NOMBRE_DPT":"GUAINIA"},"geometry":{"type":"Polygon","coordinates":[[[-53.12387135805335,38.80418882838811],[-53.12192037675803,38.73574597107416],[-53.080949769556206,38.60071006340069],[-53.08485173214686,38.47122357659052],[-53.045832106240354,38.389832070595546],[-53.088753694737505,38.33063824805375],[-53.07119486307958,38.252946355967644],[-53.35408715090168,38.26034558378537],[-53.3404302818344,38.38058303582339],[-53.29945967463259,38.51561894349686],[-53.32287145017648,38.752394233664035],[-53.24288121706816,38.80788844229697],[-53.12387135805335,38.80418882838811]]]}},{"type":"Feature","id":"97001","properties":{"MPIO":"97001","DPTO":"97","NOMBRE_MPI":"MITU","NOMBRE_DPT":"VAUPES"},"geometry":{"type":"Polygon","coordinates":[[[-56.705873016269706,39.3276841964921],[-56.83658876305647,38.726496936302],[-56.82878483787516,38.72279732239314],[-56.92243194005076,38.68395137635009],[-56.90877507098348,38.582211993856376],[-57.080461424972064,38.61550851903614],[-57.18971637751026,38.61365871208171],[-57.2560497415513,38.57111315212979],[-57.2248340408261,38.30844056460058],[-57.19752030269156,38.22149963774232],[-57.20727520916818,38.21964983078789],[-57.26190268543728,37.97362550584855],[-57.339941937250266,37.96622627803083],[-57.38091254445209,38.02357029361819],[-57.45700081496975,38.07351508138783],[-57.63258913154899,38.07906450225113],[-57.7437950653825,38.16045600824609],[-57.76135389704042,38.21040079601573],[-57.71453034595263,38.27329423246639],[-57.700873476885356,38.34358689673477],[-57.73404015890588,38.39538149145884],[-57.89597160641784,38.22334944469675],[-57.96815791434486,38.18820311256256],[-57.97010889564018,38.23999770728663],[-58.03058931579525,38.24924674205879],[-58.03254029709058,38.289942495056266],[-58.08716777335967,38.3454367036892],[-58.0969226798363,38.41202975404872],[-58.301775715845395,38.42682820968417],[-58.38566791154437,38.4527255070462],[-58.424687537450865,38.43422743750189],[-58.45395225688073,38.510069522633565],[-58.40517772449761,38.62105793989943],[-58.35445221081917,38.624757553808294],[-58.35640319211449,38.70059963893997],[-58.32518749138929,38.73574597107416],[-58.301775715845395,38.86523245788433],[-58.26860903382487,38.95772280560588],[-58.133991324447464,39.024315855965405],[-57.70282445818068,39.25924133917815],[-57.44919688978845,39.37762898426174],[-57.37310861927079,39.372079563398444],[-57.339941937250266,39.33508342430983],[-57.13899086383181,39.34063284517312],[-57.113628106992586,39.3036367060845],[-57.0043731544544,39.26849037395031],[-56.817078950103216,39.25554172526929],[-56.705873016269706,39.3276841964921]]]}},{"type":"Feature","id":"52378","properties":{"MPIO":"52378","DPTO":"52","NOMBRE_MPI":"LA CRUZ","NOMBRE_DPT":"NARIÑO"},"geometry":{"type":"Polygon","coordinates":[[[-65.80720075895994,40.15269809816836],[-65.71355365678436,40.11200234517088],[-65.69794580642176,40.03431045308477],[-65.72525954455631,39.99731431399615],[-65.873534123001,40.03246064613034],[-65.95937729999528,40.08055562694555],[-65.9769361316532,40.15639771207722],[-65.97303416906256,40.178595395530394],[-65.80720075895994,40.15269809816836]]]}},{"type":"Feature","id":"52083","properties":{"MPIO":"52083","DPTO":"52","NOMBRE_MPI":"BELEN","NOMBRE_DPT":"NARIÑO"},"geometry":{"type":"Polygon","coordinates":[[[-65.9769361316532,40.15639771207722],[-65.95937729999528,40.08055562694555],[-66.03741655180828,40.1194015729886],[-66.03546557051294,40.13604983557848],[-65.9769361316532,40.15639771207722]]]}},{"type":"Feature","id":"18479","properties":{"MPIO":"18479","DPTO":"18","NOMBRE_MPI":"MORELIA","NOMBRE_DPT":"CAQUETA"},"geometry":{"type":"Polygon","coordinates":[[[-64.40249422632608,40.04170968090249],[-64.29714123637854,39.98066605140627],[-64.27372946083464,39.89002551063915],[-64.31470006803646,39.823432460279626],[-64.37713146948686,39.81048381159861],[-64.4278569831653,40.002863734859446],[-64.40249422632608,40.04170968090249]]]}},{"type":"Feature","id":"52385","properties":{"MPIO":"52385","DPTO":"52","NOMBRE_MPI":"LA LLANADA","NOMBRE_DPT":"NARIÑO"},"geometry":{"type":"Polygon","coordinates":[[[-66.9524267793156,40.178595395530394],[-66.93486794765768,40.145298870350636],[-66.79829925698495,40.09720388953543],[-66.65782860372155,40.023211611358185],[-66.67928939797014,40.002863734859446],[-66.7943972943943,40.02136180440375],[-66.936818928953,40.07500620608226],[-66.97583855485951,40.12680080080632],[-67.03436799371924,40.13235022166962],[-66.9524267793156,40.178595395530394]]]}},{"type":"Feature","id":"52694","properties":{"MPIO":"52694","DPTO":"52","NOMBRE_MPI":"SAN PEDRO DE CARTAGO","NOMBRE_DPT":"NARIÑO"},"geometry":{"type":"Polygon","coordinates":[[[-66.03741655180828,40.1194015729886],[-66.0471714582849,40.095354082581],[-66.09204402807737,40.04725910176579],[-66.15837739211841,40.09720388953543],[-66.16032837341373,40.09905369648986],[-66.03741655180828,40.1194015729886]]]}},{"type":"Feature","id":"52685","properties":{"MPIO":"52685","DPTO":"52","NOMBRE_MPI":"SAN BERNARDO","NOMBRE_DPT":"NARIÑO"},"geometry":{"type":"Polygon","coordinates":[[[-66.03741655180828,40.1194015729886],[-65.95937729999528,40.08055562694555],[-65.873534123001,40.03246064613034],[-65.88914197336359,40.03246064613034],[-66.0159557575597,40.05095871567465],[-66.0471714582849,40.095354082581],[-66.03741655180828,40.1194015729886]]]}},{"type":"Feature","id":"52019","properties":{"MPIO":"52019","DPTO":"52","NOMBRE_MPI":"ALBAN","NOMBRE_DPT":"NARIÑO"},"geometry":{"type":"Polygon","coordinates":[[[-66.0471714582849,40.095354082581],[-66.0159557575597,40.05095871567465],[-65.88914197336359,40.03246064613034],[-66.04326949569425,40.02691122526705],[-66.11740678491658,39.96956720967968],[-66.09204402807737,40.04725910176579],[-66.0471714582849,40.095354082581]]]}},{"type":"Feature","id":"52051","properties":{"MPIO":"52051","DPTO":"52","NOMBRE_MPI":"ARBOLEDA","NOMBRE_DPT":"NARIÑO"},"geometry":{"type":"Polygon","coordinates":[[[-66.15837739211841,40.09720388953543],[-66.09204402807737,40.04725910176579],[-66.11740678491658,39.96956720967968],[-66.20129898061556,40.001013927905014],[-66.15837739211841,40.09720388953543]]]}},{"type":"Feature","id":"52678","properties":{"MPIO":"52678","DPTO":"52","NOMBRE_MPI":"SAMANIEGO","NOMBRE_DPT":"NARIÑO"},"geometry":{"type":"Polygon","coordinates":[[[-67.03436799371924,40.13235022166962],[-66.97583855485951,40.12680080080632],[-66.936818928953,40.07500620608226],[-66.7943972943943,40.02136180440375],[-66.67928939797014,40.002863734859446],[-66.69684822962806,39.89372512454801],[-66.7319658929439,39.836381108960644],[-66.78074042532702,39.901124352365734],[-66.81195612605222,39.94182010536322],[-67.0616817318538,40.038010066993635],[-67.11826018941822,40.04170968090249],[-67.14362294625744,40.08055562694555],[-67.03436799371924,40.13235022166962]]]}},{"type":"Feature","id":"19533","properties":{"MPIO":"19533","DPTO":"19","NOMBRE_MPI":"PIAMONTE","NOMBRE_DPT":"CAUCA"},"geometry":{"type":"Polygon","coordinates":[[[-64.96437683937963,39.98991508617843],[-64.85707286813675,39.99546450704172],[-64.93901408254041,39.9288714566822],[-64.95267095160767,39.886325896730284],[-65.05802394155522,39.780886900327715],[-65.02095529694404,39.63845176483652],[-64.93511211994975,39.63660195788209],[-64.95657291419833,39.573708521431435],[-64.89804347533858,39.58480736315802],[-64.81610226093494,39.51266489193521],[-64.84731796166014,39.46456991112],[-64.93706310124507,39.488617401527605],[-64.9702297832656,39.453471069393416],[-65.11265141782431,39.436822806803534],[-65.27458286533627,39.47011933198329],[-65.40139664953239,39.53116296147952],[-65.37408291139784,39.579257942294724],[-65.2453181459064,39.68654674565173],[-65.12045534300562,39.77163786555556],[-65.13606319336822,39.83453130200621],[-65.05022001637391,39.86782782718598],[-64.99169057751418,39.988065279223996],[-64.96437683937963,39.98991508617843]]]}},{"type":"Feature","id":"52260","properties":{"MPIO":"52260","DPTO":"52","NOMBRE_MPI":"EL TAMBO","NOMBRE_DPT":"NARIÑO"},"geometry":{"type":"Polygon","coordinates":[[[-66.46858341807506,40.08980466171771],[-66.39834809144337,40.058357943492375],[-66.38078925978544,40.001013927905014],[-66.4880932310283,39.93997029840879],[-66.57783837061325,39.94736952622651],[-66.62075995911039,39.952918947089806],[-66.61880897781506,40.001013927905014],[-66.54662266988805,39.98991508617843],[-66.49394617491427,40.01766219049489],[-66.46858341807506,40.08980466171771]]]}},{"type":"Feature","id":"18610","properties":{"MPIO":"18610","DPTO":"18","NOMBRE_MPI":"SAN JOSE DEL FRAGUA","NOMBRE_DPT":"CAQUETA"},"geometry":{"type":"Polygon","coordinates":[[[-64.80829833575365,39.96216798186196],[-64.80829833575365,39.958468367953095],[-64.76732772855182,39.81973284637077],[-64.67368062637622,39.81418342550747],[-64.7107492709874,39.69764558737832],[-64.73611202782662,39.61070466052006],[-64.93511211994975,39.63660195788209],[-65.02095529694404,39.63845176483652],[-65.05802394155522,39.780886900327715],[-64.95267095160767,39.886325896730284],[-64.93901408254041,39.9288714566822],[-64.85707286813675,39.99546450704172],[-64.80829833575365,39.96216798186196]]]}},{"type":"Feature","id":"52240","properties":{"MPIO":"52240","DPTO":"52","NOMBRE_MPI":"CHACHAGUI","NOMBRE_DPT":"NARIÑO"},"geometry":{"type":"Polygon","coordinates":[[[-66.36127944683219,40.06205755740124],[-66.31250491444906,40.01766219049489],[-66.31445589574439,39.91407300104675],[-66.35152454035557,39.91222319409232],[-66.39054416626206,39.93442087754549],[-66.38078925978544,40.001013927905014],[-66.39834809144337,40.058357943492375],[-66.36127944683219,40.06205755740124]]]}},{"type":"Feature","id":"52258","properties":{"MPIO":"52258","DPTO":"52","NOMBRE_MPI":"EL TABLON","NOMBRE_DPT":"NARIÑO"},"geometry":{"type":"Polygon","coordinates":[[[-65.88914197336359,40.03246064613034],[-65.873534123001,40.03246064613034],[-65.72525954455631,39.99731431399615],[-65.76818113305345,39.943669912317645],[-65.7330634697376,39.85672898545939],[-65.77403407693942,39.821582653325194],[-65.81695566543657,39.80493439073532],[-65.9769361316532,39.7623888307834],[-66.00424986978774,39.75498960296568],[-66.04131851439892,39.82528226723406],[-66.0471714582849,39.902974159320166],[-66.11740678491658,39.96956720967968],[-66.04326949569425,40.02691122526705],[-65.88914197336359,40.03246064613034]]]}},{"type":"Feature","id":"52411","properties":{"MPIO":"52411","DPTO":"52","NOMBRE_MPI":"LINARES","NOMBRE_DPT":"NARIÑO"},"geometry":{"type":"Polygon","coordinates":[[[-66.60515210874779,40.065757171310096],[-66.61880897781506,40.001013927905014],[-66.62075995911039,39.952918947089806],[-66.65002467854026,39.88262628282142],[-66.69684822962806,39.89372512454801],[-66.67928939797014,40.002863734859446],[-66.65782860372155,40.023211611358185],[-66.60515210874779,40.065757171310096]]]}},{"type":"Feature","id":"52612","properties":{"MPIO":"52612","DPTO":"52","NOMBRE_MPI":"RICAURTE","NOMBRE_DPT":"NARIÑO"},"geometry":{"type":"Polygon","coordinates":[[[-67.14362294625744,40.08055562694555],[-67.11826018941822,40.04170968090249],[-67.13581902107614,39.99176489313285],[-67.08509350739769,39.908523580183456],[-67.22361317936576,39.81418342550747],[-67.23727004843303,39.723542884740354],[-67.20605434770783,39.69764558737832],[-67.40310345853564,39.5774081353403],[-67.53772116791305,39.53486257538838],[-67.65673102692786,39.62180350224664],[-67.77183892335202,39.644001185699814],[-67.93962331474997,39.7919857420543],[-68.00205471620035,39.80678419768975],[-67.88499583848086,40.023211611358185],[-67.7386722413315,40.008413155722735],[-67.61966238231669,39.951069140135374],[-67.55527999957097,39.851179564596094],[-67.50065252330188,39.84378033677837],[-67.32896616931329,39.93997029840879],[-67.24507397361432,40.02136180440375],[-67.14362294625744,40.08055562694555]]]}},{"type":"Feature","id":"52110","properties":{"MPIO":"52110","DPTO":"52","NOMBRE_MPI":"BUESACO","NOMBRE_DPT":"NARIÑO"},"geometry":{"type":"Polygon","coordinates":[[[-66.20129898061556,40.001013927905014],[-66.11740678491658,39.96956720967968],[-66.0471714582849,39.902974159320166],[-66.04131851439892,39.82528226723406],[-66.00424986978774,39.75498960296568],[-66.09594599066801,39.73649153342137],[-66.29884804538179,39.845630143732805],[-66.31445589574439,39.91407300104675],[-66.31250491444906,40.01766219049489],[-66.20129898061556,40.001013927905014]]]}},{"type":"Feature","id":"52699","properties":{"MPIO":"52699","DPTO":"52","NOMBRE_MPI":"SANTA CRUZ","NOMBRE_DPT":"NARIÑO"},"geometry":{"type":"Polygon","coordinates":[[[-67.11826018941822,40.04170968090249],[-67.0616817318538,40.038010066993635],[-66.81195612605222,39.94182010536322],[-66.78074042532702,39.901124352365734],[-66.80025023828027,39.871527441094834],[-66.90365224693248,39.77533747946442],[-66.92511304118106,39.710594236059336],[-66.92901500377171,39.70504481519604],[-67.01680916206132,39.821582653325194],[-67.02656406853795,39.88262628282142],[-67.08509350739769,39.908523580183456],[-67.13581902107614,39.99176489313285],[-67.11826018941822,40.04170968090249]]]}},{"type":"Feature","id":"52381","properties":{"MPIO":"52381","DPTO":"52","NOMBRE_MPI":"LA FLORIDA","NOMBRE_DPT":"NARIÑO"},"geometry":{"type":"Polygon","coordinates":[[[-66.38078925978544,40.001013927905014],[-66.39054416626206,39.93442087754549],[-66.47833832455169,39.88447608977585],[-66.47053439937038,39.81788303941634],[-66.5193089317535,39.82713207418849],[-66.57783837061325,39.94736952622651],[-66.4880932310283,39.93997029840879],[-66.38078925978544,40.001013927905014]]]}},{"type":"Feature","id":"18150","properties":{"MPIO":"18150","DPTO":"18","NOMBRE_MPI":"CARTAGENA DEL CHAIRA","NOMBRE_DPT":"CAQUETA"},"geometry":{"type":"Polygon","coordinates":[[[-63.678680165760575,39.81973284637077],[-63.58698404488031,39.81788303941634],[-63.245562318198466,39.77903709337328],[-63.14411129084158,39.64955060656311],[-63.04266026348469,39.55521045188712],[-62.97827788073897,39.5182143127985],[-62.82805232099896,39.37947879121617],[-62.71879736846077,39.34063284517312],[-62.658316948305696,39.20374713054522],[-62.521748257632964,39.11495639673253],[-62.43200311804802,39.081659871552766],[-62.33250307198646,39.08720929241606],[-62.29348344607996,39.04651353941858],[-62.1393559237493,39.024315855965405],[-62.016444102143836,38.959572612560315],[-61.93645386903552,38.89112975524637],[-61.82329695390668,38.874481492656486],[-61.73940475820771,38.839335160522296],[-61.71599298266381,38.732046357165295],[-61.934502887740194,38.70429925284883],[-62.13350297986332,38.7560938475729],[-62.21934615685762,38.72094751543871],[-62.3676207353023,38.69874983198554],[-62.41834624898075,38.73019655021086],[-62.49638550079374,38.72834674325643],[-62.59783652815063,38.81343786316026],[-62.72465031234674,38.79308998666152],[-62.89438568504,38.789390372752656],[-63.12069951529768,38.87818110656535],[-63.325552551306785,38.98731971687678],[-63.38603297146185,39.12790504541354],[-63.41724867218705,39.15380234277558],[-63.41919965348237,39.23334404181612],[-63.70014096000915,39.31473554781108],[-63.70989586648577,39.39057763294276],[-63.670876240579275,39.44237222766683],[-63.637709558558754,39.56075987275042],[-63.68258212835123,39.608854853565624],[-63.67672918446525,39.716143656922625],[-63.678680165760575,39.81973284637077]]]}},{"type":"Feature","id":"86001","properties":{"MPIO":"86001","DPTO":"86","NOMBRE_MPI":"MOCOA","NOMBRE_DPT":"PUTUMAYO"},"geometry":{"type":"Polygon","coordinates":[[[-65.7642791704628,39.81788303941634],[-65.6706320682872,39.81233361855304],[-65.60234772295084,39.9048239662746],[-65.55357319056772,39.93257107059106],[-65.411151556009,39.86042859936825],[-65.38969076176043,39.73464172646694],[-65.43456333155291,39.61995369529221],[-65.43261235025759,39.54966103102383],[-65.40139664953239,39.53116296147952],[-65.27458286533627,39.47011933198329],[-65.32140641642407,39.459020490256705],[-65.2921416969942,39.396127053806055],[-65.21605342647652,39.32213477562881],[-65.33506328549134,39.31843516171995],[-65.49894571429863,39.5478112240694],[-65.61990655460876,39.58480736315802],[-65.70379875030773,39.701345201287175],[-65.6862399186498,39.77348767250999],[-65.7642791704628,39.81788303941634]]]}},{"type":"Feature","id":"52683","properties":{"MPIO":"52683","DPTO":"52","NOMBRE_MPI":"SANDONA","NOMBRE_DPT":"NARIÑO"},"geometry":{"type":"Polygon","coordinates":[[[-66.62075995911039,39.952918947089806],[-66.57783837061325,39.94736952622651],[-66.5193089317535,39.82713207418849],[-66.47053439937038,39.81788303941634],[-66.46077949289375,39.7919857420543],[-66.63246584688234,39.836381108960644],[-66.65392664113091,39.85672898545939],[-66.65002467854026,39.88262628282142],[-66.62075995911039,39.952918947089806]]]}},{"type":"Feature","id":"18860","properties":{"MPIO":"18860","DPTO":"18","NOMBRE_MPI":"VALPARAISO","NOMBRE_DPT":"CAQUETA"},"geometry":{"type":"Polygon","coordinates":[[[-64.31470006803646,39.823432460279626],[-64.31470006803646,39.751289989056815],[-64.2542196478814,39.680997324788436],[-64.21715100327022,39.56445948665928],[-64.2152000219749,39.47936836675545],[-64.1293568449806,39.357281107763],[-64.09423918166476,39.34063284517312],[-64.20349413420296,39.301786899130065],[-64.21129805938425,39.373929370352876],[-64.32445497451309,39.41277531639593],[-64.42200403927933,39.47751855980102],[-64.44931777741388,39.55151083797826],[-64.47663151554842,39.61440427442892],[-64.45517072129985,39.72169307778592],[-64.39469030114478,39.710594236059336],[-64.37713146948686,39.81048381159861],[-64.31470006803646,39.823432460279626]]]}},{"type":"Feature","id":"18460","properties":{"MPIO":"18460","DPTO":"18","NOMBRE_MPI":"MILAN","NOMBRE_DPT":"CAQUETA"},"geometry":{"type":"Polygon","coordinates":[[[-64.31470006803646,39.823432460279626],[-64.23666081622348,39.77903709337328],[-64.113748994618,39.80308458378089],[-64.02400385503307,39.78828612814544],[-63.99669011689852,39.730942112558076],[-64.02205287373775,39.61995369529221],[-63.96937637876397,39.57000890752257],[-63.86597437011176,39.54041199625168],[-63.871827313997734,39.451621262438984],[-63.903043014722925,39.39797686076048],[-63.903043014722925,39.32583438953767],[-63.99669011689852,39.37022975644402],[-64.09423918166476,39.34063284517312],[-64.1293568449806,39.357281107763],[-64.2152000219749,39.47936836675545],[-64.21715100327022,39.56445948665928],[-64.2542196478814,39.680997324788436],[-64.31470006803646,39.751289989056815],[-64.31470006803646,39.823432460279626]]]}},{"type":"Feature","id":"18029","properties":{"MPIO":"18029","DPTO":"18","NOMBRE_MPI":"ALBANIA","NOMBRE_DPT":"CAQUETA"},"geometry":{"type":"Polygon","coordinates":[[[-64.45517072129985,39.72169307778592],[-64.47663151554842,39.61440427442892],[-64.44931777741388,39.55151083797826],[-64.56247469254271,39.56630929361371],[-64.56442567383804,39.631052537018796],[-64.66977866378558,39.61995369529221],[-64.7107492709874,39.69764558737832],[-64.67368062637622,39.81418342550747],[-64.59173941197258,39.81973284637077],[-64.50004329109233,39.72539269169478],[-64.45517072129985,39.72169307778592]]]}},{"type":"Feature","id":"52001","properties":{"MPIO":"52001","DPTO":"52","NOMBRE_MPI":"PASTO","NOMBRE_DPT":"NARIÑO"},"geometry":{"type":"Polygon","coordinates":[[[-66.35152454035557,39.91222319409232],[-66.31445589574439,39.91407300104675],[-66.29884804538179,39.845630143732805],[-66.09594599066801,39.73649153342137],[-66.11350482232594,39.693945973469454],[-66.11545580362126,39.50156605020862],[-66.06863225253346,39.403526281623776],[-66.07643617771477,39.34248265212755],[-66.04912243958022,39.20559693749965],[-66.15642641082309,39.23519384877055],[-66.18764211154829,39.37577917730731],[-66.33006374610699,39.44422203462126],[-66.42175986698726,39.516364505844074],[-66.40810299791998,39.57555832838587],[-66.41980888569194,39.680997324788436],[-66.45297556771246,39.76423863773783],[-66.45102458641713,39.77163786555556],[-66.35932846553686,39.873377248049266],[-66.35152454035557,39.91222319409232]]]}},{"type":"Feature","id":"52565","properties":{"MPIO":"52565","DPTO":"52","NOMBRE_MPI":"PROVIDENCIA","NOMBRE_DPT":"NARIÑO"},"geometry":{"type":"Polygon","coordinates":[[[-66.80025023828027,39.871527441094834],[-66.78074042532702,39.901124352365734],[-66.7319658929439,39.836381108960644],[-66.7397698181252,39.78458651423658],[-66.74952472460183,39.75313979601125],[-66.82171103252884,39.76978805860113],[-66.80025023828027,39.871527441094834]]]}},{"type":"Feature","id":"52435","properties":{"MPIO":"52435","DPTO":"52","NOMBRE_MPI":"MALLAMA","NOMBRE_DPT":"NARIÑO"},"geometry":{"type":"Polygon","coordinates":[[[-67.08509350739769,39.908523580183456],[-67.02656406853795,39.88262628282142],[-67.01680916206132,39.821582653325194],[-66.92901500377171,39.70504481519604],[-66.98169149874548,39.63845176483652],[-67.04802486278652,39.61810388833778],[-67.11435822682756,39.62180350224664],[-67.20605434770783,39.69764558737832],[-67.23727004843303,39.723542884740354],[-67.22361317936576,39.81418342550747],[-67.08509350739769,39.908523580183456]]]}},{"type":"Feature","id":"52036","properties":{"MPIO":"52036","DPTO":"52","NOMBRE_MPI":"ANCUYA","NOMBRE_DPT":"NARIÑO"},"geometry":{"type":"Polygon","coordinates":[[[-66.65002467854026,39.88262628282142],[-66.65392664113091,39.85672898545939],[-66.65392664113091,39.81048381159861],[-66.7397698181252,39.78458651423658],[-66.7319658929439,39.836381108960644],[-66.69684822962806,39.89372512454801],[-66.65002467854026,39.88262628282142]]]}},{"type":"Feature","id":"86755","properties":{"MPIO":"86755","DPTO":"86","NOMBRE_MPI":"SAN FRANCISCO","NOMBRE_DPT":"PUTUMAYO"},"geometry":{"type":"Polygon","coordinates":[[[-65.77403407693942,39.821582653325194],[-65.7642791704628,39.81788303941634],[-65.6862399186498,39.77348767250999],[-65.70379875030773,39.701345201287175],[-65.61990655460876,39.58480736315802],[-65.61600459201811,39.56445948665928],[-65.73696543232825,39.56260967970485],[-65.9301125805654,39.62550311615551],[-65.91255374890748,39.68284713174287],[-65.81695566543657,39.80493439073532],[-65.77403407693942,39.821582653325194]]]}},{"type":"Feature","id":"52838","properties":{"MPIO":"52838","DPTO":"52","NOMBRE_MPI":"TUQUERRES","NOMBRE_DPT":"NARIÑO"},"geometry":{"type":"Polygon","coordinates":[[[-66.74952472460183,39.75313979601125],[-66.74952472460183,39.68284713174287],[-66.74367178071586,39.67729771087957],[-66.78074042532702,39.6551000274264],[-66.85487771454936,39.64955060656311],[-66.92511304118106,39.710594236059336],[-66.90365224693248,39.77533747946442],[-66.80025023828027,39.871527441094834],[-66.82171103252884,39.76978805860113],[-66.74952472460183,39.75313979601125]]]}},{"type":"Feature","id":"52207","properties":{"MPIO":"52207","DPTO":"52","NOMBRE_MPI":"CONSACA","NOMBRE_DPT":"NARIÑO"},"geometry":{"type":"Polygon","coordinates":[[[-66.65392664113091,39.85672898545939],[-66.63246584688234,39.836381108960644],[-66.46077949289375,39.7919857420543],[-66.62075995911039,39.72169307778592],[-66.65392664113091,39.81048381159861],[-66.65392664113091,39.85672898545939]]]}},{"type":"Feature","id":"86749","properties":{"MPIO":"86749","DPTO":"86","NOMBRE_MPI":"SIBUNDOY","NOMBRE_DPT":"PUTUMAYO"},"geometry":{"type":"Polygon","coordinates":[[[-65.81695566543657,39.80493439073532],[-65.91255374890748,39.68284713174287],[-65.9301125805654,39.62550311615551],[-65.93206356186073,39.62550311615551],[-65.9769361316532,39.7623888307834],[-65.81695566543657,39.80493439073532]]]}},{"type":"Feature","id":"52320","properties":{"MPIO":"52320","DPTO":"52","NOMBRE_MPI":"GUAITARILLA","NOMBRE_DPT":"NARIÑO"},"geometry":{"type":"Polygon","coordinates":[[[-66.7397698181252,39.78458651423658],[-66.65392664113091,39.81048381159861],[-66.62075995911039,39.72169307778592],[-66.62075995911039,39.701345201287175],[-66.74952472460183,39.68284713174287],[-66.74952472460183,39.75313979601125],[-66.7397698181252,39.78458651423658]]]}},{"type":"Feature","id":"18205","properties":{"MPIO":"18205","DPTO":"18","NOMBRE_MPI":"CURILLO","NOMBRE_DPT":"CAQUETA"},"geometry":{"type":"Polygon","coordinates":[[[-64.7107492709874,39.69764558737832],[-64.66977866378558,39.61995369529221],[-64.56442567383804,39.631052537018796],[-64.56247469254271,39.56630929361371],[-64.5780825429053,39.36837994948959],[-64.64636688824169,39.431273385940244],[-64.60734726233518,39.46272010416557],[-64.6873374954435,39.51266489193521],[-64.81610226093494,39.51266489193521],[-64.89804347533858,39.58480736315802],[-64.95657291419833,39.573708521431435],[-64.93511211994975,39.63660195788209],[-64.73611202782662,39.61070466052006],[-64.7107492709874,39.69764558737832]]]}},{"type":"Feature","id":"52885","properties":{"MPIO":"52885","DPTO":"52","NOMBRE_MPI":"YACUANQUER","NOMBRE_DPT":"NARIÑO"},"geometry":{"type":"Polygon","coordinates":[[[-66.45102458641713,39.77163786555556],[-66.45297556771246,39.76423863773783],[-66.50565206268622,39.67174829001628],[-66.55442659506934,39.660649448289696],[-66.62075995911039,39.679147517834004],[-66.62075995911039,39.701345201287175],[-66.62075995911039,39.72169307778592],[-66.46077949289375,39.7919857420543],[-66.45102458641713,39.77163786555556]]]}},{"type":"Feature","id":"86219","properties":{"MPIO":"86219","DPTO":"86","NOMBRE_MPI":"COLON","NOMBRE_DPT":"PUTUMAYO"},"geometry":{"type":"Polygon","coordinates":[[[-65.9769361316532,39.7623888307834],[-65.93206356186073,39.62550311615551],[-66.04131851439892,39.69949539433274],[-66.11350482232594,39.693945973469454],[-66.09594599066801,39.73649153342137],[-66.00424986978774,39.75498960296568],[-65.9769361316532,39.7623888307834]]]}},{"type":"Feature","id":"18756","properties":{"MPIO":"18756","DPTO":"18","NOMBRE_MPI":"SOLANO","NOMBRE_DPT":"CAQUETA"},"geometry":{"type":"Polygon","coordinates":[[[-63.86597437011176,39.54041199625168],[-63.832807688091236,39.58295755620359],[-63.76062138016422,39.53486257538838],[-63.6728272218746,39.53671238234281],[-63.68258212835123,39.608854853565624],[-63.637709558558754,39.56075987275042],[-63.670876240579275,39.44237222766683],[-63.70989586648577,39.39057763294276],[-63.70014096000915,39.31473554781108],[-63.41919965348237,39.23334404181612],[-63.41724867218705,39.15380234277558],[-63.38603297146185,39.12790504541354],[-63.325552551306785,38.98731971687678],[-63.12069951529768,38.87818110656535],[-62.89438568504,38.789390372752656],[-62.72465031234674,38.79308998666152],[-62.59783652815063,38.81343786316026],[-62.49638550079374,38.72834674325643],[-62.41834624898075,38.73019655021086],[-62.3676207353023,38.69874983198554],[-62.21934615685762,38.72094751543871],[-62.13350297986332,38.7560938475729],[-61.934502887740194,38.70429925284883],[-61.71599298266381,38.732046357165295],[-61.73940475820771,38.839335160522296],[-61.82329695390668,38.874481492656486],[-61.93645386903552,38.89112975524637],[-62.016444102143836,38.959572612560315],[-62.1393559237493,39.024315855965405],[-62.29348344607996,39.04651353941858],[-62.112042185614754,39.14085369409456],[-61.94425779421682,39.209296551408514],[-61.756963589865634,39.27034018090474],[-61.60283606753498,39.34248265212755],[-61.44285560131834,39.403526281623776],[-61.37262027468665,39.409075702487065],[-61.37262027468665,39.366530142535154],[-61.16191429479157,39.16860079841103],[-61.11313976240845,39.15750195668444],[-61.04680639836741,39.07611045068948],[-60.980473034326366,39.05206296028187],[-60.87902200696947,39.06316180200846],[-60.77366901702193,39.14085369409456],[-60.69562976520894,39.14825292191229],[-60.705384671685565,39.2148459722718],[-60.66636504577907,39.281439022631325],[-60.49077672919984,39.27773940872246],[-60.393227664433596,39.26294095308701],[-60.328845281687876,39.19449809577306],[-60.23324719821696,39.14270350104899],[-60.176668740652545,39.14085369409456],[-60.12204126438345,39.08720929241606],[-60.088874582362926,39.0002683655578],[-60.04400201257045,38.9706714542869],[-60.040100049979806,38.88003091351978],[-59.989374536301355,38.91332743869954],[-60.01278631184526,38.839335160522296],[-59.92304117226031,38.79308998666152],[-59.926943134850966,38.732046357165295],[-59.79427640676888,38.746844812800745],[-59.73574696790914,38.6728525346235],[-59.68307047293536,38.66915292071464],[-59.63429594055224,38.624757553808294],[-59.651854772210164,38.554464889539915],[-59.5679625765112,38.49712087395255],[-59.581619445578475,38.44162666531962],[-59.50358019376548,38.41387956100315],[-59.47431547433561,38.37688342191453],[-59.509433137651456,38.32323902023603],[-59.41383505418054,38.32878844109932],[-59.43139388583846,38.297341722873995],[-59.277266363507806,38.162305815200526],[-59.275315382212476,38.13825832479292],[-59.185570242627534,38.15120697347394],[-59.16801141096961,38.06611585357011],[-59.07631529008935,38.077214695296696],[-59.26360949444053,37.95882705021311],[-59.47041351174496,37.84228921208395],[-59.53869785708133,37.74609925045353],[-59.65575673480082,37.71650233918264],[-59.798178369359526,37.75719809218012],[-59.8820705650585,37.73870002263581],[-59.89767841542109,37.68875523486617],[-60.0557079003424,37.625861798415514],[-60.17081579676657,37.461228979471144],[-60.27421780541878,37.4168336125648],[-60.34835509464112,37.44828033079013],[-60.37957079536632,37.513023574195216],[-60.44395317811204,37.49452550465091],[-60.586374812670755,37.390936315202765],[-60.66051210189309,37.43163206820025],[-60.802933736451806,37.55741894110157],[-60.94925733360117,37.50932396028636],[-61.035100510595456,37.520422802012945],[-61.058512286139354,37.58146643150917],[-61.122894668885074,37.62031237755222],[-61.16971821997287,37.62031237755222],[-61.212639808470016,37.540770678511684],[-61.308237891940934,37.555569134147134],[-61.3765222372773,37.54262048546612],[-61.452610507794965,37.62401199146108],[-61.56381644162848,37.67210697227629],[-61.75501260857031,37.67950620009401],[-61.913042093491626,37.803443266040894],[-61.998885270485914,37.84598882599281],[-62.07887550359423,37.82194133558521],[-62.168620643179175,37.840439405129516],[-62.377375641778926,37.925530525033345],[-62.40273839861815,37.975475312802985],[-62.50028746338439,38.02172048666376],[-62.54320905188153,38.00322241711945],[-62.68563068644025,38.07351508138783],[-62.65636596701037,38.13455871088406],[-62.78903269509246,38.17340465692711],[-62.843660171361556,38.16045600824609],[-62.8865817598587,38.212250602970165],[-62.9177974605839,38.16415562215496],[-63.083630870686505,38.2141004099246],[-63.18117993545275,38.40093091232213],[-63.13435638436495,38.4823224183171],[-63.16752306638548,38.52671778522345],[-63.33140549519276,38.560014310403204],[-63.52650362472524,38.63030697467158],[-63.49138596140939,38.67100272766907],[-63.50504283047667,38.74869461975518],[-63.477729092342116,38.77089230320835],[-63.51284675565797,38.83563554661343],[-63.76062138016422,38.86153284397547],[-63.79573904348006,38.93737492910714],[-63.75476843627824,38.981770296013494],[-63.81134689384266,39.053912767236305],[-63.807444931252014,39.1131065897781],[-63.903043014722925,39.15010272886672],[-63.96547441617332,39.14270350104899],[-64.12545488238996,39.181549447092046],[-64.16252352700113,39.25369191831486],[-64.21910198456555,39.261091146132586],[-64.20349413420296,39.301786899130065],[-64.09423918166476,39.34063284517312],[-63.99669011689852,39.37022975644402],[-63.903043014722925,39.32583438953767],[-63.903043014722925,39.39797686076048],[-63.871827313997734,39.451621262438984],[-63.86597437011176,39.54041199625168]]]}},{"type":"Feature","id":"52788","properties":{"MPIO":"52788","DPTO":"52","NOMBRE_MPI":"TANGUA","NOMBRE_DPT":"NARIÑO"},"geometry":{"type":"Polygon","coordinates":[[[-66.45297556771246,39.76423863773783],[-66.41980888569194,39.680997324788436],[-66.40810299791998,39.57555832838587],[-66.42175986698726,39.516364505844074],[-66.43736771734986,39.57555832838587],[-66.54076972600207,39.60700504661119],[-66.55442659506934,39.660649448289696],[-66.50565206268622,39.67174829001628],[-66.45297556771246,39.76423863773783]]]}},{"type":"Feature","id":"86760","properties":{"MPIO":"86760","DPTO":"86","NOMBRE_MPI":"SANTIAGO","NOMBRE_DPT":"PUTUMAYO"},"geometry":{"type":"Polygon","coordinates":[[[-66.11350482232594,39.693945973469454],[-66.04131851439892,39.69949539433274],[-65.93206356186073,39.62550311615551],[-65.9301125805654,39.62550311615551],[-65.73696543232825,39.56260967970485],[-65.61600459201811,39.56445948665928],[-65.60429870424616,39.48121817370988],[-65.83841645968513,39.49601662934533],[-65.88719099206826,39.52191392670736],[-65.97108318776722,39.52006411975293],[-66.0861910841914,39.473818945892155],[-66.11545580362126,39.50156605020862],[-66.11350482232594,39.693945973469454]]]}},{"type":"Feature","id":"52354","properties":{"MPIO":"52354","DPTO":"52","NOMBRE_MPI":"IMUES","NOMBRE_DPT":"NARIÑO"},"geometry":{"type":"Polygon","coordinates":[[[-66.62075995911039,39.701345201287175],[-66.62075995911039,39.679147517834004],[-66.61490701522442,39.58665717011245],[-66.66953449149351,39.61440427442892],[-66.74367178071586,39.67729771087957],[-66.74952472460183,39.68284713174287],[-66.62075995911039,39.701345201287175]]]}},{"type":"Feature","id":"52720","properties":{"MPIO":"52720","DPTO":"52","NOMBRE_MPI":"SAPUYES","NOMBRE_DPT":"NARIÑO"},"geometry":{"type":"Polygon","coordinates":[[[-66.92901500377171,39.70504481519604],[-66.92511304118106,39.710594236059336],[-66.85487771454936,39.64955060656311],[-66.78074042532702,39.6551000274264],[-66.80025023828027,39.595906204884606],[-66.91730911599976,39.558910065795985],[-66.88999537786522,39.616254081383346],[-66.93876991024834,39.59775601183904],[-66.98169149874548,39.63845176483652],[-66.92901500377171,39.70504481519604]]]}},{"type":"Feature","id":"52287","properties":{"MPIO":"52287","DPTO":"52","NOMBRE_MPI":"FUNES","NOMBRE_DPT":"NARIÑO"},"geometry":{"type":"Polygon","coordinates":[[[-66.62075995911039,39.679147517834004],[-66.55442659506934,39.660649448289696],[-66.54076972600207,39.60700504661119],[-66.43736771734986,39.57555832838587],[-66.42175986698726,39.516364505844074],[-66.33006374610699,39.44422203462126],[-66.18764211154829,39.37577917730731],[-66.15642641082309,39.23519384877055],[-66.21690683097816,39.30548651303893],[-66.52516187563947,39.47936836675545],[-66.61490701522442,39.51081508498078],[-66.62271094040571,39.52746334757066],[-66.61490701522442,39.58665717011245],[-66.62075995911039,39.679147517834004]]]}},{"type":"Feature","id":"18785","properties":{"MPIO":"18785","DPTO":"18","NOMBRE_MPI":"SOLITA","NOMBRE_DPT":"CAQUETA"},"geometry":{"type":"Polygon","coordinates":[[[-64.56247469254271,39.56630929361371],[-64.44931777741388,39.55151083797826],[-64.42200403927933,39.47751855980102],[-64.32445497451309,39.41277531639593],[-64.21129805938425,39.373929370352876],[-64.20349413420296,39.301786899130065],[-64.21910198456555,39.261091146132586],[-64.24056277881412,39.28883825044905],[-64.44931777741388,39.27034018090474],[-64.48053347813908,39.32213477562881],[-64.53906291699882,39.31843516171995],[-64.5780825429053,39.36837994948959],[-64.56247469254271,39.56630929361371]]]}},{"type":"Feature","id":"52227","properties":{"MPIO":"52227","DPTO":"52","NOMBRE_MPI":"CUMBAL","NOMBRE_DPT":"NARIÑO"},"geometry":{"type":"Polygon","coordinates":[[[-67.20605434770783,39.69764558737832],[-67.11435822682756,39.62180350224664],[-67.04802486278652,39.61810388833778],[-67.07533860092107,39.58480736315802],[-67.02461308724263,39.52006411975293],[-67.0304660311286,39.403526281623776],[-67.15727981532471,39.373929370352876],[-67.31140733765537,39.39797686076048],[-67.53772116791305,39.53486257538838],[-67.40310345853564,39.5774081353403],[-67.20605434770783,39.69764558737832]]]}},{"type":"Feature","id":"52506","properties":{"MPIO":"52506","DPTO":"52","NOMBRE_MPI":"OSPINA","NOMBRE_DPT":"NARIÑO"},"geometry":{"type":"Polygon","coordinates":[[[-66.78074042532702,39.6551000274264],[-66.74367178071586,39.67729771087957],[-66.66953449149351,39.61440427442892],[-66.77293650014572,39.58295755620359],[-66.78464238791767,39.558910065795985],[-66.80805416346158,39.55521045188712],[-66.80025023828027,39.595906204884606],[-66.78074042532702,39.6551000274264]]]}},{"type":"Feature","id":"86885","properties":{"MPIO":"86885","DPTO":"86","NOMBRE_MPI":"VILLAGARZON","NOMBRE_DPT":"PUTUMAYO"},"geometry":{"type":"Polygon","coordinates":[[[-65.61990655460876,39.58480736315802],[-65.49894571429863,39.5478112240694],[-65.33506328549134,39.31843516171995],[-65.44822020062018,39.30733631999336],[-65.4813868826407,39.28328882958576],[-65.66282814310591,39.28513863654019],[-65.77793603953008,39.30733631999336],[-65.92816159927008,39.451621262438984],[-65.97108318776722,39.52006411975293],[-65.88719099206826,39.52191392670736],[-65.83841645968513,39.49601662934533],[-65.60429870424616,39.48121817370988],[-65.61600459201811,39.56445948665928],[-65.61990655460876,39.58480736315802]]]}},{"type":"Feature","id":"97889","properties":{"MPIO":"97889","DPTO":"97","NOMBRE_MPI":"YAVARATE","NOMBRE_DPT":"VAUPES"},"geometry":{"type":"Polygon","coordinates":[[[-57.19752030269156,38.22149963774232],[-57.2248340408261,38.30844056460058],[-57.2560497415513,38.57111315212979],[-57.18971637751026,38.61365871208171],[-57.080461424972064,38.61550851903614],[-56.90877507098348,38.582211993856376],[-56.92243194005076,38.68395137635009],[-56.82878483787516,38.72279732239314],[-56.72538282922295,38.73944558498302],[-56.66880437165853,38.70429925284883],[-56.55759843782502,38.7024494458944],[-56.50687292414657,38.676552148532366],[-56.40542189678968,38.66545330680577],[-56.32738264497669,38.63030697467158],[-56.198617879485255,38.63585639553488],[-56.07180409528914,38.561864117357636],[-56.08155900176576,38.49897068090698],[-56.03083348808732,38.39168187754998],[-56.06400017010784,38.35838535237022],[-56.09716685212836,38.24369732119549],[-56.044490357154594,38.20485137515244],[-56.054245263631216,38.167855236063815],[-56.134235496739535,38.18080388474483],[-56.15959825357876,38.15305678042837],[-56.237637505391746,38.16415562215496],[-56.257147318345,38.20115176124358],[-56.35664736440656,38.197452147334715],[-56.463951335649426,38.31398998546387],[-56.678559278135154,38.24554712814992],[-56.696118109793076,38.27699384637525],[-56.78976521196867,38.27144442551196],[-56.79561815585464,38.247396935104355],[-56.89902016450686,38.227049058605616],[-57.113628106992586,38.23999770728663],[-57.19752030269156,38.22149963774232]]]}},{"type":"Feature","id":"52317","properties":{"MPIO":"52317","DPTO":"52","NOMBRE_MPI":"GUACHUCAL","NOMBRE_DPT":"NARIÑO"},"geometry":{"type":"Polygon","coordinates":[[[-67.04802486278652,39.61810388833778],[-66.98169149874548,39.63845176483652],[-66.93876991024834,39.59775601183904],[-66.88999537786522,39.616254081383346],[-66.91730911599976,39.558910065795985],[-66.97193659226886,39.52191392670736],[-67.02461308724263,39.52006411975293],[-67.07533860092107,39.58480736315802],[-67.04802486278652,39.61810388833778]]]}},{"type":"Feature","id":"86571","properties":{"MPIO":"86571","DPTO":"86","NOMBRE_MPI":"PUERTO GUZMAN","NOMBRE_DPT":"PUTUMAYO"},"geometry":{"type":"Polygon","coordinates":[[[-65.27458286533627,39.47011933198329],[-65.11265141782431,39.436822806803534],[-64.9702297832656,39.453471069393416],[-64.93706310124507,39.488617401527605],[-64.84731796166014,39.46456991112],[-64.81610226093494,39.51266489193521],[-64.6873374954435,39.51266489193521],[-64.60734726233518,39.46272010416557],[-64.64636688824169,39.431273385940244],[-64.5780825429053,39.36837994948959],[-64.53906291699882,39.31843516171995],[-64.48053347813908,39.32213477562881],[-64.44931777741388,39.27034018090474],[-64.24056277881412,39.28883825044905],[-64.21910198456555,39.261091146132586],[-64.16252352700113,39.25369191831486],[-64.12545488238996,39.181549447092046],[-63.96547441617332,39.14270350104899],[-64.00839600467047,39.044663732464144],[-64.08058231259749,38.95217338474259],[-64.38883735725881,38.868932071793196],[-64.46882759036713,38.86523245788433],[-64.49419034720634,38.95032357778816],[-64.58198450549597,38.9466239638793],[-64.64246492565103,38.99841855860337],[-64.7497688968939,39.04096411855529],[-64.74391595300793,39.09090890632493],[-65.08923964228042,39.2444428835427],[-65.15947496891211,39.24814249745157],[-65.21605342647652,39.32213477562881],[-65.2921416969942,39.396127053806055],[-65.32140641642407,39.459020490256705],[-65.27458286533627,39.47011933198329]]]}},{"type":"Feature","id":"52352","properties":{"MPIO":"52352","DPTO":"52","NOMBRE_MPI":"ILES","NOMBRE_DPT":"NARIÑO"},"geometry":{"type":"Polygon","coordinates":[[[-66.66953449149351,39.61440427442892],[-66.61490701522442,39.58665717011245],[-66.62271094040571,39.52746334757066],[-66.72806393035326,39.529313154525084],[-66.78464238791767,39.558910065795985],[-66.77293650014572,39.58295755620359],[-66.66953449149351,39.61440427442892]]]}},{"type":"Feature","id":"52585","properties":{"MPIO":"52585","DPTO":"52","NOMBRE_MPI":"PUPIALES","NOMBRE_DPT":"NARIÑO"},"geometry":{"type":"Polygon","coordinates":[[[-66.80025023828027,39.595906204884606],[-66.80805416346158,39.55521045188712],[-66.76123061237378,39.47751855980102],[-66.73001491164858,39.46456991112],[-66.7475737433065,39.44792164853012],[-66.85487771454936,39.438672613757966],[-66.91535813470443,39.45532087634785],[-66.91730911599976,39.558910065795985],[-66.80025023828027,39.595906204884606]]]}},{"type":"Feature","id":"52323","properties":{"MPIO":"52323","DPTO":"52","NOMBRE_MPI":"GUALMATAN","NOMBRE_DPT":"NARIÑO"},"geometry":{"type":"Polygon","coordinates":[[[-66.80805416346158,39.55521045188712],[-66.78464238791767,39.558910065795985],[-66.72806393035326,39.529313154525084],[-66.76123061237378,39.47751855980102],[-66.80805416346158,39.55521045188712]]]}},{"type":"Feature","id":"86320","properties":{"MPIO":"86320","DPTO":"86","NOMBRE_MPI":"ORITO","NOMBRE_DPT":"PUTUMAYO"},"geometry":{"type":"Polygon","coordinates":[[[-65.97108318776722,39.52006411975293],[-65.92816159927008,39.451621262438984],[-65.77793603953008,39.30733631999336],[-65.66282814310591,39.28513863654019],[-65.62771047979007,39.181549447092046],[-65.6706320682872,39.124205431504684],[-65.79939683377864,38.95772280560588],[-65.91450473020281,38.9466239638793],[-66.04912243958022,39.053912767236305],[-66.17203426118569,38.959572612560315],[-66.21105388709218,39.07241083678061],[-66.18569113025296,39.124205431504684],[-66.2130048683875,39.17230041231989],[-66.15447542952776,39.176000026228756],[-66.14472052305113,39.17784983318318],[-66.04912243958022,39.20559693749965],[-66.07643617771477,39.34248265212755],[-66.06863225253346,39.403526281623776],[-66.11545580362126,39.50156605020862],[-66.0861910841914,39.473818945892155],[-65.97108318776722,39.52006411975293]]]}},{"type":"Feature","id":"52022","properties":{"MPIO":"52022","DPTO":"52","NOMBRE_MPI":"ALDANA","NOMBRE_DPT":"NARIÑO"},"geometry":{"type":"Polygon","coordinates":[[[-66.97193659226886,39.52191392670736],[-66.91730911599976,39.558910065795985],[-66.91535813470443,39.45532087634785],[-66.9212110785904,39.41277531639593],[-66.94267187283899,39.41277531639593],[-66.97193659226886,39.52191392670736]]]}},{"type":"Feature","id":"52210","properties":{"MPIO":"52210","DPTO":"52","NOMBRE_MPI":"CONTADERO","NOMBRE_DPT":"NARIÑO"},"geometry":{"type":"Polygon","coordinates":[[[-66.62271094040571,39.52746334757066],[-66.61490701522442,39.51081508498078],[-66.7163580425813,39.466419718074434],[-66.73001491164858,39.46456991112],[-66.76123061237378,39.47751855980102],[-66.72806393035326,39.529313154525084],[-66.62271094040571,39.52746334757066]]]}},{"type":"Feature","id":"52573","properties":{"MPIO":"52573","DPTO":"52","NOMBRE_MPI":"PUERRES","NOMBRE_DPT":"NARIÑO"},"geometry":{"type":"Polygon","coordinates":[[[-66.7163580425813,39.466419718074434],[-66.61490701522442,39.51081508498078],[-66.52516187563947,39.47936836675545],[-66.21690683097816,39.30548651303893],[-66.15642641082309,39.23519384877055],[-66.04912243958022,39.20559693749965],[-66.14472052305113,39.17784983318318],[-66.17788720507166,39.225944813998396],[-66.32811276481166,39.34248265212755],[-66.52711285693479,39.39797686076048],[-66.61100505263377,39.44422203462126],[-66.7163580425813,39.466419718074434]]]}},{"type":"Feature","id":"52224","properties":{"MPIO":"52224","DPTO":"52","NOMBRE_MPI":"CUASPUD","NOMBRE_DPT":"NARIÑO"},"geometry":{"type":"Polygon","coordinates":[[[-67.02461308724263,39.52006411975293],[-66.97193659226886,39.52191392670736],[-66.94267187283899,39.41277531639593],[-67.0304660311286,39.403526281623776],[-67.02461308724263,39.52006411975293]]]}},{"type":"Feature","id":"52215","properties":{"MPIO":"52215","DPTO":"52","NOMBRE_MPI":"CORDOBA","NOMBRE_DPT":"NARIÑO"},"geometry":{"type":"Polygon","coordinates":[[[-66.73001491164858,39.46456991112],[-66.7163580425813,39.466419718074434],[-66.61100505263377,39.44422203462126],[-66.52711285693479,39.39797686076048],[-66.32811276481166,39.34248265212755],[-66.17788720507166,39.225944813998396],[-66.14472052305113,39.17784983318318],[-66.15447542952776,39.176000026228756],[-66.21690683097816,39.21299616531738],[-66.28128921372387,39.216695779226235],[-66.2676323446566,39.25369191831486],[-66.42761281087323,39.31288574085665],[-66.54857365118337,39.33508342430983],[-66.54076972600207,39.37022975644402],[-66.67733841667481,39.396127053806055],[-66.7475737433065,39.42942357898581],[-66.7475737433065,39.44792164853012],[-66.73001491164858,39.46456991112]]]}},{"type":"Feature","id":"52356","properties":{"MPIO":"52356","DPTO":"52","NOMBRE_MPI":"IPIALES","NOMBRE_DPT":"NARIÑO"},"geometry":{"type":"Polygon","coordinates":[[[-66.91535813470443,39.45532087634785],[-66.85487771454936,39.438672613757966],[-66.7475737433065,39.44792164853012],[-66.7475737433065,39.42942357898581],[-66.79829925698495,39.366530142535154],[-66.64612271594962,39.323984582583236],[-66.46273047418907,39.22779462095282],[-66.38664220367141,39.211146358362946],[-66.28128921372387,39.216695779226235],[-66.21690683097816,39.21299616531738],[-66.15447542952776,39.176000026228756],[-66.2130048683875,39.17230041231989],[-66.18569113025296,39.124205431504684],[-66.21105388709218,39.07241083678061],[-66.17203426118569,38.959572612560315],[-66.18569113025296,38.90037879001852],[-66.39249514755738,38.89482936915523],[-66.4880932310283,38.931825508243854],[-66.58954425838519,38.91332743869954],[-66.69099528574208,39.053912767236305],[-66.67928939797014,39.14825292191229],[-66.71440706128598,39.19264828881863],[-66.84902477066339,39.237043655724975],[-66.90170126563716,39.28328882958576],[-66.87048556491196,39.37022975644402],[-66.9212110785904,39.41277531639593],[-66.91535813470443,39.45532087634785]]]}},{"type":"Feature","id":"52560","properties":{"MPIO":"52560","DPTO":"52","NOMBRE_MPI":"POTOSI","NOMBRE_DPT":"NARIÑO"},"geometry":{"type":"Polygon","coordinates":[[[-66.7475737433065,39.42942357898581],[-66.67733841667481,39.396127053806055],[-66.54076972600207,39.37022975644402],[-66.54857365118337,39.33508342430983],[-66.42761281087323,39.31288574085665],[-66.2676323446566,39.25369191831486],[-66.28128921372387,39.216695779226235],[-66.38664220367141,39.211146358362946],[-66.46273047418907,39.22779462095282],[-66.64612271594962,39.323984582583236],[-66.79829925698495,39.366530142535154],[-66.7475737433065,39.42942357898581]]]}},{"type":"Feature","id":"97511","properties":{"MPIO":"97511","DPTO":"97","NOMBRE_MPI":"PACOA","NOMBRE_DPT":"VAUPES"},"geometry":{"type":"Polygon","coordinates":[[[-59.35335463402547,38.84118496747673],[-59.35920757791145,38.774591917117206],[-59.28702126998443,38.68025176244122],[-59.24800164407793,38.554464889539915],[-59.09777608433792,38.56926334517536],[-58.79927594615322,38.524867978269015],[-58.64319744252724,38.42682820968417],[-58.551501321646974,38.41572936795758],[-58.424687537450865,38.43422743750189],[-58.38566791154437,38.4527255070462],[-58.301775715845395,38.42682820968417],[-58.0969226798363,38.41202975404872],[-58.08716777335967,38.3454367036892],[-58.03254029709058,38.289942495056266],[-58.03058931579525,38.24924674205879],[-57.97010889564018,38.23999770728663],[-57.96815791434486,38.18820311256256],[-57.89597160641784,38.22334944469675],[-57.73404015890588,38.39538149145884],[-57.700873476885356,38.34358689673477],[-57.71453034595263,38.27329423246639],[-57.76135389704042,38.21040079601573],[-57.7437950653825,38.16045600824609],[-57.63258913154899,38.07906450225113],[-57.45700081496975,38.07351508138783],[-57.38091254445209,38.02357029361819],[-57.339941937250266,37.96622627803083],[-57.26190268543728,37.97362550584855],[-57.35945175020351,37.590715466281324],[-57.38091254445209,37.513023574195216],[-57.44919688978845,37.53522125764839],[-57.441392964607154,37.42793245429139],[-57.556500861031324,37.4464305238357],[-57.60917735600509,37.38908650824833],[-57.51943221642015,37.35763979002301],[-57.61307931859574,37.28919693270906],[-57.708677402066655,37.32804287875211],[-57.796471560356274,37.298445967481214],[-57.91938338196174,37.291046739663486],[-57.948648101391605,37.385386894339476],[-57.98571674600278,37.420533226473665],[-58.0657069791111,37.41868341951923],[-58.10472660501759,37.470478014243305],[-58.15350113740071,37.46492859338001],[-58.25690314605293,37.53152164373953],[-58.30762865973137,37.490825890742045],[-58.39542281802099,37.50377453942306],[-58.430540481336834,37.53892087155725],[-58.414932630974235,37.58701585237246],[-58.47541305112931,37.69615446268389],[-58.41688361226956,37.72390156700036],[-58.457854219471386,37.79604403822317],[-58.695873937501005,37.905182648534606],[-58.72318767563556,37.97362550584855],[-58.7973249648579,37.95327762934981],[-58.87731519796622,37.97917492671185],[-58.994374075685705,38.10866141352202],[-59.01388388863896,38.069815467478975],[-59.07631529008935,38.077214695296696],[-59.16801141096961,38.06611585357011],[-59.185570242627534,38.15120697347394],[-59.275315382212476,38.13825832479292],[-59.277266363507806,38.162305815200526],[-59.43139388583846,38.297341722873995],[-59.41383505418054,38.32878844109932],[-59.509433137651456,38.32323902023603],[-59.47431547433561,38.37688342191453],[-59.50358019376548,38.41387956100315],[-59.581619445578475,38.44162666531962],[-59.5679625765112,38.49712087395255],[-59.651854772210164,38.554464889539915],[-59.63429594055224,38.624757553808294],[-59.68307047293536,38.66915292071464],[-59.35335463402547,38.84118496747673]]]}},{"type":"Feature","id":"86569","properties":{"MPIO":"86569","DPTO":"86","NOMBRE_MPI":"PUERTO CAICEDO","NOMBRE_DPT":"PUTUMAYO"},"geometry":{"type":"Polygon","coordinates":[[[-65.33506328549134,39.31843516171995],[-65.21605342647652,39.32213477562881],[-65.15947496891211,39.24814249745157],[-65.08923964228042,39.2444428835427],[-64.74391595300793,39.09090890632493],[-64.7497688968939,39.04096411855529],[-64.80634735445831,39.039114311600855],[-65.44822020062018,39.08720929241606],[-65.52625945243317,39.079810064598334],[-65.57113202222564,39.111256782823666],[-65.6706320682872,39.124205431504684],[-65.62771047979007,39.181549447092046],[-65.66282814310591,39.28513863654019],[-65.4813868826407,39.28328882958576],[-65.44822020062018,39.30733631999336],[-65.33506328549134,39.31843516171995]]]}},{"type":"Feature","id":"86573","properties":{"MPIO":"86573","DPTO":"86","NOMBRE_MPI":"PUERTO LEGUIZAMO","NOMBRE_DPT":"PUTUMAYO"},"geometry":{"type":"Polygon","coordinates":[[[-63.96547441617332,39.14270350104899],[-63.903043014722925,39.15010272886672],[-63.807444931252014,39.1131065897781],[-63.81134689384266,39.053912767236305],[-63.75476843627824,38.981770296013494],[-63.79573904348006,38.93737492910714],[-63.76062138016422,38.86153284397547],[-63.51284675565797,38.83563554661343],[-63.477729092342116,38.77089230320835],[-63.50504283047667,38.74869461975518],[-63.49138596140939,38.67100272766907],[-63.52650362472524,38.63030697467158],[-63.33140549519276,38.560014310403204],[-63.16752306638548,38.52671778522345],[-63.13435638436495,38.4823224183171],[-63.18117993545275,38.40093091232213],[-63.083630870686505,38.2141004099246],[-62.9177974605839,38.16415562215496],[-62.8865817598587,38.212250602970165],[-62.843660171361556,38.16045600824609],[-62.78903269509246,38.17340465692711],[-62.65636596701037,38.13455871088406],[-62.68563068644025,38.07351508138783],[-62.54320905188153,38.00322241711945],[-62.50028746338439,38.02172048666376],[-62.40273839861815,37.975475312802985],[-62.377375641778926,37.925530525033345],[-62.168620643179175,37.840439405129516],[-62.851464096542855,37.740549829590236],[-62.88463077856338,37.797893845177605],[-63.00364063757819,37.840439405129516],[-63.044611244780015,37.92183091112449],[-63.114846571411704,37.9643764710764],[-63.17337601027145,37.95697724325868],[-63.23190544913119,37.988423961484],[-63.26312114985639,38.09941237874987],[-63.34506236426003,38.182653691699265],[-63.37627806498523,38.1308590969752],[-63.4211506347777,38.12345986915747],[-63.503091849181345,38.15675639433723],[-63.56162128804109,38.22149963774232],[-63.686484090941875,38.304740950691716],[-63.81719983772864,38.352835931506924],[-63.903043014722925,38.28069346028411],[-64.03766072410033,38.32693863414489],[-64.26202357306269,38.419428981866446],[-64.32445497451309,38.49897068090698],[-64.43761188964193,38.474923190499375],[-64.58783744938194,38.51746875045129],[-64.72830810264533,38.63030697467158],[-64.79073950409571,38.70059963893997],[-64.8122002983443,38.76534288234505],[-64.95852389549366,38.83563554661343],[-64.74001399041727,38.854133616157746],[-64.46882759036713,38.86523245788433],[-64.38883735725881,38.868932071793196],[-64.08058231259749,38.95217338474259],[-64.00839600467047,39.044663732464144],[-63.96547441617332,39.14270350104899]]]}},{"type":"Feature","id":"86568","properties":{"MPIO":"86568","DPTO":"86","NOMBRE_MPI":"PUERTO ASIS","NOMBRE_DPT":"PUTUMAYO"},"geometry":{"type":"Polygon","coordinates":[[[-64.7497688968939,39.04096411855529],[-64.64246492565103,38.99841855860337],[-64.58198450549597,38.9466239638793],[-64.49419034720634,38.95032357778816],[-64.46882759036713,38.86523245788433],[-64.74001399041727,38.854133616157746],[-64.95852389549366,38.83563554661343],[-64.98193567103755,38.85598342311218],[-65.11265141782431,38.87818110656535],[-65.18678870704666,38.90777801783625],[-65.22775931424847,38.87078187874763],[-65.33311230419602,38.88003091351978],[-65.33896524808199,38.74869461975518],[-65.41895548119031,38.75424404061847],[-65.51455356466123,38.72834674325643],[-65.53991632150044,38.90037879001852],[-65.55942613445369,38.92627608738056],[-65.79939683377864,38.95772280560588],[-65.6706320682872,39.124205431504684],[-65.57113202222564,39.111256782823666],[-65.52625945243317,39.079810064598334],[-65.44822020062018,39.08720929241606],[-64.80634735445831,39.039114311600855],[-64.7497688968939,39.04096411855529]]]}},{"type":"Feature","id":"86865","properties":{"MPIO":"86865","DPTO":"86","NOMBRE_MPI":"VALLE DEL GUAMUEZ","NOMBRE_DPT":"PUTUMAYO"},"geometry":{"type":"Polygon","coordinates":[[[-66.17203426118569,38.959572612560315],[-66.04912243958022,39.053912767236305],[-65.91450473020281,38.9466239638793],[-65.79939683377864,38.95772280560588],[-65.55942613445369,38.92627608738056],[-65.53991632150044,38.90037879001852],[-65.87158314170566,38.904078403927386],[-65.93206356186073,38.88558033438307],[-65.97108318776722,38.79493979361595],[-65.99644594460645,38.82453670488685],[-66.14862248564178,38.839335160522296],[-66.18569113025296,38.90037879001852],[-66.17203426118569,38.959572612560315]]]}},{"type":"Feature","id":"86757","properties":{"MPIO":"86757","DPTO":"86","NOMBRE_MPI":"SAN MIGUEL","NOMBRE_DPT":"PUTUMAYO"},"geometry":{"type":"Polygon","coordinates":[[[-65.53991632150044,38.90037879001852],[-65.51455356466123,38.72834674325643],[-65.64136734885733,38.787540565798224],[-65.79354388989267,38.79863940752482],[-65.77013211434877,38.752394233664035],[-65.84426940357112,38.781991144934935],[-65.89694589854489,38.77089230320835],[-65.97108318776722,38.79493979361595],[-65.93206356186073,38.88558033438307],[-65.87158314170566,38.904078403927386],[-65.53991632150044,38.90037879001852]]]}},{"type":"Feature","id":"91460","properties":{"MPIO":"91460","DPTO":"91","NOMBRE_MPI":"MIRITI-PARANA","NOMBRE_DPT":"AMAZONAS"},"geometry":{"type":"Polygon","coordinates":[[[-59.26360949444053,37.95882705021311],[-59.259707531849884,37.932929752851074],[-59.06851136490805,37.910732069397895],[-59.0411976267735,37.89408380680802],[-59.043148608068826,37.812692300813055],[-58.98266818791376,37.73685021568138],[-58.8363445907644,37.68505562095731],[-58.74855043247478,37.605513921916774],[-58.63929547993659,37.57961662455474],[-58.57491309719087,37.53337145069396],[-58.39542281802099,37.50377453942306],[-58.30762865973137,37.490825890742045],[-58.25690314605293,37.53152164373953],[-58.15350113740071,37.46492859338001],[-58.10472660501759,37.470478014243305],[-58.0657069791111,37.41868341951923],[-57.98571674600278,37.420533226473665],[-57.948648101391605,37.385386894339476],[-58.16325604387734,36.36244364853909],[-58.25105020216695,36.40868882239987],[-58.375913005067744,36.36059384158466],[-58.43639342522281,36.427186891944174],[-58.608079779211394,36.477131679713814],[-58.72904061952153,36.628815849977165],[-58.8285406655831,36.7083575490177],[-58.96706033755116,36.749053302015184],[-59.02363879511557,36.800847896739256],[-59.130942766358444,36.99507762695452],[-59.39822720381794,37.056121256450744],[-59.53479589449068,37.00432666172667],[-59.5991782772364,37.02467453822541],[-59.5913743520551,37.091267588584934],[-59.52309000671873,37.18005832239763],[-59.66160967868679,37.198556391941935],[-59.7884234628829,37.27254867011918],[-59.89572743412577,37.25960002143816],[-59.798178369359526,37.75719809218012],[-59.65575673480082,37.71650233918264],[-59.53869785708133,37.74609925045353],[-59.47041351174496,37.84228921208395],[-59.26360949444053,37.95882705021311]]]}},{"type":"Feature","id":"97666","properties":{"MPIO":"97666","DPTO":"97","NOMBRE_MPI":"TARAIRA","NOMBRE_DPT":"VAUPES"},"geometry":{"type":"Polygon","coordinates":[[[-57.35945175020351,37.590715466281324],[-57.31848114300169,37.47417762815216],[-57.226785022121426,37.36133940393187],[-57.15069675160376,37.34284133438756],[-57.0043731544544,37.20595561975966],[-56.897069183211535,37.14676179721786],[-56.87755937025828,36.99692743390895],[-56.95169665948063,36.90258727923296],[-56.87951035155361,36.7915988619671],[-56.86390250119101,36.71020735597213],[-56.78196128678737,36.614017394341715],[-56.78001030549204,36.543724730073336],[-56.85414759471439,36.5233768535746],[-56.873657407667636,36.41423824326316],[-56.9887653040918,36.48083129362268],[-57.09997123792532,36.43828573367077],[-57.113628106992586,36.46788264494166],[-57.06485357460947,36.53817530921004],[-57.10387320051596,36.606618166523994],[-57.19752030269156,36.6306656569316],[-57.17215754585233,36.571471834389804],[-57.21312815305416,36.58257067611639],[-57.24824581637,36.65101353343034],[-57.320432124297014,36.61771700825058],[-57.42968707683521,36.61216758738728],[-57.39652039481469,36.699108514245545],[-57.34579488113624,36.721306197698716],[-57.39456941351936,36.756452529832906],[-57.451147871083776,36.73980426724303],[-57.47846160921833,36.784199634149374],[-57.62088324377704,36.749053302015184],[-57.56820674880327,36.68061044470124],[-57.68331464522743,36.63251546388603],[-57.75550095315445,36.734254846379734],[-57.814030392014196,36.77495059937722],[-57.73013819631523,36.85264249146333],[-57.724285252429254,36.891488437506375],[-57.7672068409264,36.98027917131907],[-57.72233427113393,37.00432666172667],[-57.70282445818068,37.148611604172295],[-57.749648009268476,37.20410581280523],[-57.61307931859574,37.28919693270906],[-57.51943221642015,37.35763979002301],[-57.60917735600509,37.38908650824833],[-57.556500861031324,37.4464305238357],[-57.441392964607154,37.42793245429139],[-57.44919688978845,37.53522125764839],[-57.38091254445209,37.513023574195216],[-57.35945175020351,37.590715466281324]]]}},{"type":"Feature","id":"91669","properties":{"MPIO":"91669","DPTO":"91","NOMBRE_MPI":"PUERTO SANTANDER","NOMBRE_DPT":"AMAZONAS"},"geometry":{"type":"Polygon","coordinates":[[[-59.798178369359526,37.75719809218012],[-59.89572743412577,37.25960002143816],[-59.7884234628829,37.27254867011918],[-59.66160967868679,37.198556391941935],[-59.52309000671873,37.18005832239763],[-59.5913743520551,37.091267588584934],[-59.5991782772364,37.02467453822541],[-59.53479589449068,37.00432666172667],[-59.39822720381794,37.056121256450744],[-59.130942766358444,36.99507762695452],[-59.02363879511557,36.800847896739256],[-58.96706033755116,36.749053302015184],[-58.8285406655831,36.7083575490177],[-58.72904061952153,36.628815849977165],[-58.608079779211394,36.477131679713814],[-58.43639342522281,36.427186891944174],[-58.46760912594801,36.39758998067328],[-58.62758959216464,36.37539229722011],[-58.850001459831674,36.39758998067328],[-58.88511912314752,36.39019075285556],[-59.154354541902336,36.41238843630873],[-59.20508005558079,36.37909191112897],[-59.0958251030426,36.30879924686059],[-59.138746691539744,36.286601563407416],[-59.267511457031176,36.30509963295172],[-59.35725659661612,36.297700405134],[-59.708433229774585,36.11086990273647],[-59.78257051899693,36.121968744463054],[-59.805982294540826,36.158964883551675],[-59.86841369599122,36.17006372527826],[-59.99717846148266,36.25515484518209],[-60.08302163847695,36.29030117731628],[-60.10058047013487,36.30509963295172],[-60.127894208269424,36.44938457539735],[-60.23324719821696,36.5233768535746],[-60.246904067284234,36.64731391952147],[-60.31909037521125,36.66211237515692],[-60.36396294500372,36.606618166523994],[-60.49467869179048,36.66211237515692],[-60.69367878391361,36.67321121688351],[-60.937551445829214,36.719456390744284],[-60.91999261417129,36.798998089784824],[-61.122894668885074,37.62031237755222],[-61.058512286139354,37.58146643150917],[-61.035100510595456,37.520422802012945],[-60.94925733360117,37.50932396028636],[-60.802933736451806,37.55741894110157],[-60.66051210189309,37.43163206820025],[-60.586374812670755,37.390936315202765],[-60.44395317811204,37.49452550465091],[-60.37957079536632,37.513023574195216],[-60.34835509464112,37.44828033079013],[-60.27421780541878,37.4168336125648],[-60.17081579676657,37.461228979471144],[-60.0557079003424,37.625861798415514],[-59.89767841542109,37.68875523486617],[-59.8820705650585,37.73870002263581],[-59.798178369359526,37.75719809218012]]]}},{"type":"Feature","id":"91405","properties":{"MPIO":"91405","DPTO":"91","NOMBRE_MPI":"LA CHORRERA","NOMBRE_DPT":"AMAZONAS"},"geometry":{"type":"Polygon","coordinates":[[[-62.168620643179175,37.840439405129516],[-62.07887550359423,37.82194133558521],[-61.998885270485914,37.84598882599281],[-61.913042093491626,37.803443266040894],[-61.75501260857031,37.67950620009401],[-61.56381644162848,37.67210697227629],[-61.452610507794965,37.62401199146108],[-61.3765222372773,37.54262048546612],[-61.308237891940934,37.555569134147134],[-61.212639808470016,37.540770678511684],[-61.16971821997287,37.62031237755222],[-61.122894668885074,37.62031237755222],[-60.91999261417129,36.798998089784824],[-60.937551445829214,36.719456390744284],[-60.69367878391361,36.67321121688351],[-60.49467869179048,36.66211237515692],[-60.36396294500372,36.606618166523994],[-60.31909037521125,36.66211237515692],[-60.246904067284234,36.64731391952147],[-60.23324719821696,36.5233768535746],[-60.127894208269424,36.44938457539735],[-60.10058047013487,36.30509963295172],[-60.08302163847695,36.29030117731628],[-60.16886481547124,35.83154905261737],[-60.22544327303566,35.84634750825282],[-60.34055116945983,35.83524866652623],[-60.295678599667355,35.86854519170599],[-60.46931593495126,35.91294055861234],[-60.521992429925035,36.042427045422514],[-60.5746689248988,36.059075308012396],[-60.61173756950997,36.13121777923521],[-60.66636504577907,36.149715848779515],[-60.674168970960366,36.19781082959472],[-60.80683569904245,36.26070426604538],[-60.82244354940505,36.32359770249604],[-60.95511027748714,36.321747895541606],[-60.98827695950766,36.392040559809985],[-61.06046326743468,36.43088650585304],[-61.17557116385885,36.56962202743537],[-61.25751237826249,36.61586720129615],[-61.46236541427159,36.63621507779489],[-62.168620643179175,37.840439405129516]]]}},{"type":"Feature","id":"91407","properties":{"MPIO":"91407","DPTO":"91","NOMBRE_MPI":"LA PEDRERA","NOMBRE_DPT":"AMAZONAS"},"geometry":{"type":"Polygon","coordinates":[[[-57.948648101391605,37.385386894339476],[-57.91938338196174,37.291046739663486],[-57.796471560356274,37.298445967481214],[-57.708677402066655,37.32804287875211],[-57.61307931859574,37.28919693270906],[-57.749648009268476,37.20410581280523],[-57.70282445818068,37.148611604172295],[-57.72233427113393,37.00432666172667],[-57.7672068409264,36.98027917131907],[-57.724285252429254,36.891488437506375],[-57.73013819631523,36.85264249146333],[-57.814030392014196,36.77495059937722],[-57.75550095315445,36.734254846379734],[-57.68331464522743,36.63251546388603],[-57.56820674880327,36.68061044470124],[-57.62088324377704,36.749053302015184],[-57.47846160921833,36.784199634149374],[-57.451147871083776,36.73980426724303],[-57.39456941351936,36.756452529832906],[-57.34579488113624,36.721306197698716],[-57.39652039481469,36.699108514245545],[-57.42968707683521,36.61216758738728],[-57.320432124297014,36.61771700825058],[-57.24824581637,36.65101353343034],[-57.21312815305416,36.58257067611639],[-57.17215754585233,36.571471834389804],[-57.19752030269156,36.6306656569316],[-57.10387320051596,36.606618166523994],[-57.06485357460947,36.53817530921004],[-57.113628106992586,36.46788264494166],[-57.09997123792532,36.43828573367077],[-56.9887653040918,36.48083129362268],[-56.873657407667636,36.41423824326316],[-56.85414759471439,36.5233768535746],[-56.78001030549204,36.543724730073336],[-56.75659852994815,36.47528187275939],[-56.81317698751257,36.41238843630873],[-56.80732404362659,36.29400079122514],[-56.86780446378166,36.18301237395928],[-56.90877507098348,36.14231662096179],[-56.92438292134608,36.06647453583012],[-57.15459871419441,35.54667878163499],[-58.29787375325475,35.71131160057935],[-58.16325604387734,36.36244364853909],[-57.948648101391605,37.385386894339476]]]}},{"type":"Feature","id":"91263","properties":{"MPIO":"91263","DPTO":"91","NOMBRE_MPI":"EL ENCANTO","NOMBRE_DPT":"AMAZONAS"},"geometry":{"type":"Polygon","coordinates":[[[-61.86621854240383,36.67691083079237],[-61.46236541427159,36.63621507779489],[-61.25751237826249,36.61586720129615],[-61.17557116385885,36.56962202743537],[-61.06046326743468,36.43088650585304],[-60.98827695950766,36.392040559809985],[-60.95511027748714,36.321747895541606],[-60.82244354940505,36.32359770249604],[-60.80683569904245,36.26070426604538],[-60.674168970960366,36.19781082959472],[-60.66636504577907,36.149715848779515],[-60.61173756950997,36.13121777923521],[-60.5746689248988,36.059075308012396],[-60.521992429925035,36.042427045422514],[-60.46931593495126,35.91294055861234],[-60.295678599667355,35.86854519170599],[-60.34055116945983,35.83524866652623],[-60.22544327303566,35.84634750825282],[-60.16886481547124,35.83154905261737],[-60.09082556365825,35.79640272048318],[-59.940600003918235,35.79270310657432],[-59.98157061112006,35.72426024926037],[-60.053756919047075,35.71871082839708],[-60.061560844228374,35.67616526844516],[-60.11423733920215,35.67061584758187],[-60.20008051619644,35.71316140753378],[-60.365913926299044,35.62622048067552],[-60.45956102847464,35.63731932240211],[-60.58832579396608,35.59662356940463],[-60.6371003263492,35.66691623367301],[-60.81659060551908,35.685414303217314],[-60.931698501943245,35.729809670123664],[-60.96876714655441,35.66321661976414],[-61.042904435776755,35.72426024926037],[-61.30043396675963,35.66691623367301],[-61.27897317251106,35.69836295189833],[-61.317992798417556,35.744608125759115],[-61.31213985453158,35.79825252743761],[-61.368718312096,35.779754457893304],[-61.421394807069774,35.82045021089078],[-61.51309092795003,35.82045021089078],[-61.49553209629211,35.851896929116116],[-61.565767422923805,35.944387276837666],[-61.50528700276874,35.96288534638198],[-61.4155418631838,36.04982627324024],[-61.45651247038562,36.06647453583012],[-61.46626737686224,36.134917393144065],[-61.43505167613704,36.25515484518209],[-61.48187522722484,36.27735252863526],[-61.47797326463419,36.32359770249604],[-61.56771840421913,36.40868882239987],[-61.596983123649004,36.35874403463023],[-61.67502237546199,36.386491138946695],[-61.67502237546199,36.349494999858074],[-61.74525770209369,36.392040559809985],[-61.81159106613473,36.39574017371885],[-61.84280676685993,36.44383515453406],[-61.94425779421682,36.471582258850525],[-61.879875411471104,36.58072086916196],[-61.83500284167863,36.61216758738728],[-61.86621854240383,36.67691083079237]]]}},{"type":"Feature","id":"91798","properties":{"MPIO":"91798","DPTO":"91","NOMBRE_MPI":"TARAPACA","NOMBRE_DPT":"AMAZONAS"},"geometry":{"type":"Polygon","coordinates":[[[-58.29787375325475,35.71131160057935],[-57.15459871419441,35.54667878163499],[-57.56625576750794,34.63472395310047],[-57.84134413014874,34.68281893391568],[-57.89597160641784,34.67356989914352],[-57.927187307143036,34.62732472528274],[-57.95450104527758,34.653222022644776],[-58.011079502842,34.62917453223717],[-58.13789328703811,34.616225883556154],[-58.270560015120196,34.64397298787262],[-57.90377553159914,34.99913592312339],[-57.89792258771316,35.08422704302722],[-58.0032755776607,35.060179552619616],[-58.005226558956025,35.14897028643231],[-58.0657069791111,35.13417183079686],[-58.046197166157846,35.195215460293085],[-58.07936384817837,35.22481237156398],[-58.19252076330721,35.23961082719943],[-58.118383474084865,35.27660696628805],[-58.17301095035396,35.29880464974122],[-58.2939717906641,35.30065445669565],[-58.317383566207994,35.357998472283015],[-58.37006006118177,35.35614866532859],[-58.29787375325475,35.71131160057935]]]}},{"type":"Feature","id":"91001","properties":{"MPIO":"91001","DPTO":"91","NOMBRE_MPI":"LETICIA","NOMBRE_DPT":"AMAZONAS"},"geometry":{"type":"Polygon","coordinates":[[[-58.270560015120196,34.64397298787262],[-58.13789328703811,34.616225883556154],[-58.011079502842,34.62917453223717],[-57.95450104527758,34.653222022644776],[-57.927187307143036,34.62732472528274],[-57.89597160641784,34.67356989914352],[-57.84134413014874,34.68281893391568],[-57.56625576750794,34.63472395310047],[-57.69502053299938,34.34430426125479],[-58.0344912783859,33.561835919530445],[-58.23544235180435,33.82820812096852],[-58.28421688418747,33.98729151904959],[-58.35445221081917,34.00763939554833],[-58.32128552879865,34.081631673725575],[-58.33299141657059,34.19077028403701],[-58.270560015120196,34.64397298787262]]]}},{"type":"Feature","id":"91540","properties":{"MPIO":"91540","DPTO":"91","NOMBRE_MPI":"PUERTO NARI¥O","NOMBRE_DPT":"AMAZONAS"},"geometry":{"type":"Polygon","coordinates":[[[-58.270560015120196,34.64397298787262],[-58.33299141657059,34.19077028403701],[-58.32128552879865,34.081631673725575],[-58.35445221081917,34.00763939554833],[-58.45005029429008,34.039086113773664],[-58.53199150869372,33.990991132958456],[-58.61393272309736,33.976192677323006],[-58.695873937501005,34.01873823727492],[-58.79537398356258,34.03723630681923],[-58.848050478536344,34.081631673725575],[-58.270560015120196,34.64397298787262]]]}},{"type":"Feature","id":"70233","properties":{"MPIO":"70233","DPTO":"70","NOMBRE_MPI":"EL ROBLE","NOMBRE_DPT":"SUCRE"},"geometry":{"type":"Polygon","coordinates":[[[-62.352012884939704,47.38729309694829],[-62.30909129644256,47.36509541349511],[-62.39493447343685,47.30960120486218],[-62.41834624898075,47.33734830917865],[-62.49638550079374,47.29480274922673],[-62.576375733902054,47.34474753699637],[-62.62319928498985,47.339198116133076],[-62.63685615405713,47.366945220449544],[-62.66026792960103,47.46498498903439],[-62.59978750944595,47.42243942908248],[-62.47492470654517,47.38729309694829],[-62.47882666913581,47.47793363771541],[-62.43590508063867,47.46313518207997],[-62.42419919286672,47.411340587355895],[-62.352012884939704,47.38729309694829]]]}},{"type":"Feature","id":"44420","properties":{"MPIO":"44420","DPTO":"44","NOMBRE_MPI":"LA JAGUA DEL PILAR","NOMBRE_DPT":"LA GUAJIRA"},"geometry":{"type":"Polygon","coordinates":[[[-59.42163897936184,48.50642630437909],[-59.19727613039949,48.49347765569807],[-59.20703103687611,48.441683060974],[-58.865609310194266,48.41393595665753],[-58.883168141852195,48.400987307976514],[-59.0490015519548,48.395437887113225],[-59.185570242627534,48.437983447065136],[-59.290923232575075,48.44908228879173],[-59.36896248438807,48.42503479838412],[-59.43139388583846,48.487928234834776],[-59.42163897936184,48.50642630437909]]]}},{"type":"Feature","id":"44035","properties":{"MPIO":"44035","DPTO":"44","NOMBRE_MPI":"ALBANIA","NOMBRE_DPT":"LA GUAJIRA"},"geometry":{"type":"Polygon","coordinates":[[[-58.36420711729579,49.26299734874139],[-58.30762865973137,49.27039657655912],[-58.28421688418747,49.33144020605535],[-58.21203057626046,49.33329001300978],[-58.17691291294461,49.2334004374705],[-58.13204034315214,49.21860198183505],[-58.0969226798363,49.13536066888565],[-58.102775623722266,49.07986646025272],[-58.262756089938904,49.07616684634386],[-58.18081487553526,49.03917070725524],[-58.247148239576305,49.00957379598434],[-58.45005029429008,49.11131317847805],[-58.438344406518134,49.16310777320212],[-58.36810907988644,49.17790622883757],[-58.36420711729579,49.26299734874139]]]}},{"type":"Feature","id":"47980","properties":{"MPIO":"47980","DPTO":"47","NOMBRE_MPI":"ZONA BANANERA","NOMBRE_DPT":"MAGDALENA"},"geometry":{"type":"Polygon","coordinates":[[[-60.92779653935259,49.10391395066033],[-60.81268864292843,49.1205622132502],[-60.75611018536401,49.157558352338825],[-60.66246308318842,49.092815108933735],[-60.625394438577246,48.99107572644003],[-60.64685523282582,48.7931463823159],[-60.69172780261829,48.758000050181714],[-60.76781607313596,48.765399277999435],[-60.8809729882648,48.80609503099692],[-60.921943595466615,48.99847495425775],[-60.95120831489649,49.052119355936256],[-60.92779653935259,49.10391395066033]]]}},{"type":"Feature","id":"47030","properties":{"MPIO":"47030","DPTO":"47","NOMBRE_MPI":"ALGARROBO","NOMBRE_DPT":"MAGDALENA"},"geometry":{"type":"Polygon","coordinates":[[[-60.5668649997175,48.45463170965502],[-60.77171803572661,48.29739811852838],[-60.808786680337775,48.230805068168856],[-60.82049256810973,48.310346767209396],[-60.85561023142557,48.36214136193347],[-60.89462985733207,48.35474213411574],[-60.996080884688965,48.430584219247415],[-60.86341415660687,48.54712205737657],[-60.65465915800712,48.49902707656136],[-60.617590513395946,48.51197572524238],[-60.5668649997175,48.45463170965502]]]}},{"type":"Feature","id":"47205","properties":{"MPIO":"47205","DPTO":"47","NOMBRE_MPI":"CONCORDIA","NOMBRE_DPT":"MAGDALENA"},"geometry":{"type":"Polygon","coordinates":[[[-61.63405176826017,48.45833132356388],[-61.68867924452927,48.42503479838412],[-61.80183615965811,48.465730551381604],[-61.903287187014996,48.467580358336036],[-61.83500284167863,48.52677418087783],[-61.66526746898537,48.482378813971486],[-61.63405176826017,48.45833132356388]]]}},{"type":"Feature","id":"47960","properties":{"MPIO":"47960","DPTO":"47","NOMBRE_MPI":"ZAPAYAN","NOMBRE_DPT":"MAGDALENA"},"geometry":{"type":"Polygon","coordinates":[[[-61.637953730850825,48.50642630437909],[-61.47992424592951,48.437983447065136],[-61.493581114996786,48.39728769406766],[-61.56381644162848,48.36954058975119],[-61.62429686178355,48.245603523804306],[-61.74525770209369,48.243753716849874],[-61.815493028725385,48.26780120725748],[-61.854512654631876,48.30849696025496],[-61.77452242152356,48.33994367848029],[-61.72184592654979,48.330694643708135],[-61.68477728193862,48.40838653579424],[-61.63405176826017,48.45833132356388],[-61.66526746898537,48.482378813971486],[-61.637953730850825,48.50642630437909]]]}},{"type":"Feature","id":"13062","properties":{"MPIO":"13062","DPTO":"13","NOMBRE_MPI":"ARROYOHONDO","NOMBRE_DPT":"BOLIVAR"},"geometry":{"type":"Polygon","coordinates":[[[-62.22129713815294,48.38988846624993],[-62.26031676405944,48.39358808015879],[-62.264218726650086,48.52122476001453],[-62.201787325199696,48.53972282955885],[-62.166669661883844,48.51382553219681],[-62.07107157841293,48.532323601741126],[-62.03790489639241,48.49347765569807],[-62.06131667193631,48.41393595665753],[-62.0925323726615,48.43428383315627],[-62.22129713815294,48.38988846624993]]]}},{"type":"Feature","id":"47660","properties":{"MPIO":"47660","DPTO":"47","NOMBRE_MPI":"SABANAS DE SAN ANGEL","NOMBRE_DPT":"MAGDALENA"},"geometry":{"type":"Polygon","coordinates":[[[-60.996080884688965,48.430584219247415],[-60.89462985733207,48.35474213411574],[-60.85561023142557,48.36214136193347],[-60.82049256810973,48.310346767209396],[-60.808786680337775,48.230805068168856],[-60.75611018536401,48.145713948265026],[-60.87707102567415,48.12536607176629],[-60.921943595466615,48.158662596946044],[-61.035100510595456,48.15681278999162],[-61.07607111779728,48.06987186313336],[-61.163865276086895,48.12906568567515],[-61.23214962142326,48.18455989430808],[-61.29067906028301,48.20120815689796],[-61.27116924732976,48.253002751622034],[-61.357012424324054,48.386188852341064],[-61.325796723598856,48.39913750102208],[-61.28092415380638,48.415785763611964],[-61.17752214515417,48.351042520206875],[-61.11118878111313,48.33624406457143],[-60.996080884688965,48.430584219247415]]]}},{"type":"Feature","id":"47460","properties":{"MPIO":"47460","DPTO":"47","NOMBRE_MPI":"NUEVA GRANADA","NOMBRE_DPT":"MAGDALENA"},"geometry":{"type":"Polygon","coordinates":[[[-61.163865276086895,48.12906568567515],[-61.07607111779728,48.06987186313336],[-61.091678968159876,47.96258305977635],[-61.01949266023286,47.923737113733296],[-60.97657107173571,47.85899387032821],[-61.03900247318611,47.77020313651552],[-61.13460055665702,47.76465371565223],[-61.43114971354639,47.8164483103763],[-61.35896340561938,47.86824290510037],[-61.3218947610082,47.98478074322952],[-61.380424199867946,48.05137379358904],[-61.27897317251106,48.09761896744982],[-61.26336532214846,48.15496298303718],[-61.19312999551677,48.1142672300397],[-61.163865276086895,48.12906568567515]]]}},{"type":"Feature","id":"47720","properties":{"MPIO":"47720","DPTO":"47","NOMBRE_MPI":"SANTA BARBARA DE PINTO","NOMBRE_DPT":"MAGDALENA"},"geometry":{"type":"Polygon","coordinates":[[[-61.92084601867292,47.77205294346995],[-61.82719891649733,47.803499661695284],[-61.708189057482514,47.81459850342186],[-61.725747889140436,47.866393098145934],[-61.58332625458173,47.89783981637127],[-61.516992890540685,47.825697345148455],[-61.509188965359385,47.7628039086978],[-61.6281988243742,47.696210858338276],[-61.6281988243742,47.668463754021815],[-61.73355181432174,47.61666915929774],[-61.76281653375161,47.64626607056864],[-61.854512654631876,47.661064526204086],[-61.93840485033084,47.690661437474986],[-61.92084601867292,47.77205294346995]]]}},{"type":"Feature","id":"94663","properties":{"MPIO":"94663","DPTO":"94","NOMBRE_MPI":"MAPIRIPANA","NOMBRE_DPT":"GUAINIA"},"geometry":{"type":"Polygon","coordinates":[[[-56.584912175959566,41.05355408497629],[-56.45809839176345,40.54115755859888],[-56.51272586803255,40.300682654522845],[-56.82293189398919,40.32657995188488],[-56.84244170694244,40.243338638935484],[-56.89316722062088,40.28403439193296],[-57.05314768683752,40.31178149624943],[-57.098020256629994,40.35432705620135],[-57.21507913434948,40.36727570488237],[-57.56430478621262,40.06020775044681],[-57.618932262481714,40.195243658120276],[-57.68916758911341,40.31178149624943],[-57.79256959776562,40.31733091711273],[-57.80817744812822,40.3691255118368],[-57.30287329263909,40.51156064732799],[-57.27751053579987,40.53190852382673],[-57.09216731274402,40.54670697946218],[-57.07851044367674,40.592952153322955],[-57.01412806093102,40.60590080200397],[-56.969255491138554,40.65954520368248],[-56.98681432279648,40.713189605360974],[-56.9263339026414,40.722438640133134],[-56.99852021056842,40.75943477922175],[-56.84439268823776,40.85192512694331],[-56.77805932419672,40.84452589912558],[-56.77220638031075,40.8870714590775],[-56.721480866632305,40.85192512694331],[-56.73903969829023,40.93331663293827],[-56.68051025943048,40.93886605380157],[-56.75074558606217,41.00915871806995],[-56.584912175959566,41.05355408497629]]]}},{"type":"Feature","id":"94888","properties":{"MPIO":"94888","DPTO":"94","NOMBRE_MPI":"MORICHAL","NOMBRE_DPT":"GUAINIA"},"geometry":{"type":"Polygon","coordinates":[[[-55.72062746213067,40.335828986657035],[-55.70501961176808,40.258137094570934],[-55.63283330384105,40.17674558857596],[-55.56064699591404,39.98436566531513],[-55.48650970669169,39.923322035818906],[-55.40651947358338,39.7975351629176],[-55.54894110814209,39.80863400464418],[-55.67965685492885,39.786436321191005],[-55.77135297580912,39.830831688097355],[-55.788911807467045,39.89002551063915],[-55.853294190212765,39.89372512454801],[-55.941088348502376,39.93257107059106],[-56.05814722622186,39.880776475866995],[-56.054245263631216,39.77163786555556],[-56.14789236580681,39.701345201287175],[-56.28836301907019,39.70504481519604],[-56.41907876585695,39.61810388833778],[-56.58686315725489,39.61255446747449],[-56.67660829683983,39.64030157179095],[-56.920480958755434,39.66804867610742],[-56.953647640775955,39.63475215092766],[-57.0433927803609,39.64770079960868],[-57.00632413574972,39.65325022047197],[-56.9575496033666,39.745740568193526],[-56.9575496033666,39.78273670728215],[-56.88341231414426,39.7975351629176],[-56.783912268082695,39.86782782718598],[-56.76635343642477,39.9048239662746],[-56.82098091269387,39.94551971927208],[-56.9809613789105,39.921472228864474],[-57.12533399476454,39.94182010536322],[-57.179961471033636,39.91962242191005],[-57.32823604947832,39.9825158583607],[-57.41603020776793,39.96956720967968],[-57.419932170358585,40.01026296267717],[-57.56430478621262,40.06020775044681],[-57.21507913434948,40.36727570488237],[-57.098020256629994,40.35432705620135],[-57.05314768683752,40.31178149624943],[-56.89316722062088,40.28403439193296],[-56.84244170694244,40.243338638935484],[-56.82293189398919,40.32657995188488],[-56.51272586803255,40.300682654522845],[-56.366402270883185,40.29328342670512],[-56.294215962956166,40.415370685697575],[-56.17715708523668,40.40242203701656],[-56.01522563772472,40.40982126483428],[-55.89036283482393,40.35247724924692],[-55.83183339596419,40.387623581381106],[-55.72062746213067,40.335828986657035]]]}},{"type":"Feature","id":"91430","properties":{"MPIO":"91430","DPTO":"91","NOMBRE_MPI":"LA VICTORIA","NOMBRE_DPT":"AMAZONAS"},"geometry":{"type":"Polygon","coordinates":[[[-59.07631529008935,38.077214695296696],[-59.01388388863896,38.069815467478975],[-58.994374075685705,38.10866141352202],[-58.87731519796622,37.97917492671185],[-58.7973249648579,37.95327762934981],[-58.72318767563556,37.97362550584855],[-58.695873937501005,37.905182648534606],[-58.457854219471386,37.79604403822317],[-58.41688361226956,37.72390156700036],[-58.47541305112931,37.69615446268389],[-58.414932630974235,37.58701585237246],[-58.430540481336834,37.53892087155725],[-58.39542281802099,37.50377453942306],[-58.57491309719087,37.53337145069396],[-58.63929547993659,37.57961662455474],[-58.74855043247478,37.605513921916774],[-58.8363445907644,37.68505562095731],[-58.98266818791376,37.73685021568138],[-59.043148608068826,37.812692300813055],[-59.0411976267735,37.89408380680802],[-59.06851136490805,37.910732069397895],[-59.259707531849884,37.932929752851074],[-59.26360949444053,37.95882705021311],[-59.07631529008935,38.077214695296696]]]}},{"type":"Feature","id":"91536","properties":{"MPIO":"91536","DPTO":"91","NOMBRE_MPI":"PUERTO ARICA","NOMBRE_DPT":"AMAZONAS"},"geometry":{"type":"Polygon","coordinates":[[[-58.43639342522281,36.427186891944174],[-58.375913005067744,36.36059384158466],[-58.25105020216695,36.40868882239987],[-58.16325604387734,36.36244364853909],[-58.29787375325475,35.71131160057935],[-58.37006006118177,35.35614866532859],[-58.44614833169943,35.4042436461438],[-58.430540481336834,35.35429885837416],[-58.4832169763106,35.345049823602],[-58.48516795760593,35.41164287396152],[-58.53979543387503,35.437540171323555],[-58.535893471284375,35.48933476604763],[-58.69977590009166,35.57812549986031],[-58.72904061952153,35.62807028762995],[-58.83829557205972,35.63176990153882],[-58.92804071164466,35.69651314494391],[-58.922187767758686,35.60587260417678],[-59.00022701957168,35.63731932240211],[-59.08411921527065,35.62067105981223],[-59.08802117786129,35.57072627204259],[-59.16801141096961,35.55407800945271],[-59.21678594335273,35.5892243415869],[-59.27141341962183,35.557777623361574],[-59.29677617646105,35.60217299026792],[-59.41773701677119,35.56147723727044],[-59.435295848429114,35.65211777803756],[-59.50162921247016,35.702062565807196],[-59.54259981967198,35.63916912935654],[-59.53869785708133,35.71316140753378],[-59.69477636070731,35.785303878756594],[-59.77866855640628,35.785303878756594],[-59.79037444417823,35.86114596388827],[-59.940600003918235,35.79270310657432],[-60.09082556365825,35.79640272048318],[-60.16886481547124,35.83154905261737],[-60.08302163847695,36.29030117731628],[-59.99717846148266,36.25515484518209],[-59.86841369599122,36.17006372527826],[-59.805982294540826,36.158964883551675],[-59.78257051899693,36.121968744463054],[-59.708433229774585,36.11086990273647],[-59.35725659661612,36.297700405134],[-59.267511457031176,36.30509963295172],[-59.138746691539744,36.286601563407416],[-59.0958251030426,36.30879924686059],[-59.20508005558079,36.37909191112897],[-59.154354541902336,36.41238843630873],[-58.88511912314752,36.39019075285556],[-58.850001459831674,36.39758998067328],[-58.62758959216464,36.37539229722011],[-58.46760912594801,36.39758998067328],[-58.43639342522281,36.427186891944174]]]}},{"type":"Feature","id":"91530","properties":{"MPIO":"91530","DPTO":"91","NOMBRE_MPI":"PUERTO ALEGRIA","NOMBRE_DPT":"AMAZONAS"},"geometry":{"type":"Polygon","coordinates":[[[-62.851464096542855,37.740549829590236],[-62.168620643179175,37.840439405129516],[-61.46236541427159,36.63621507779489],[-61.86621854240383,36.67691083079237],[-61.90718914960565,36.7324050394253],[-61.95206171939812,36.87853978882536],[-61.991081345304615,36.93033438354943],[-62.0691205971176,36.97287994350135],[-62.12569905468203,36.97472975045578],[-62.1393559237493,37.01727531040769],[-62.18227751224644,36.98027917131907],[-62.29348344607996,37.02282473127099],[-62.33835601587243,37.12086449985583],[-62.46126783747789,37.156010831990024],[-62.48467961302179,37.24480156580271],[-62.54125807058621,37.20410581280523],[-62.75976797566259,37.30029577443565],[-62.76366993825324,37.36133940393187],[-62.81244447063636,37.40018534997492],[-62.74220914400467,37.390936315202765],[-62.722699331051416,37.44828033079013],[-62.859268021724155,37.562968361964856],[-62.826101339703634,37.592565273235756],[-62.851464096542855,37.740549829590236]]]}},{"type":"Feature","id":"52254","properties":{"MPIO":"52254","DPTO":"52","NOMBRE_MPI":"EL PE¥OL","NOMBRE_DPT":"NARIÑO"},"geometry":{"type":"Polygon","coordinates":[[[-66.48224028714233,40.17674558857596],[-66.46858341807506,40.08980466171771],[-66.49394617491427,40.01766219049489],[-66.54662266988805,39.98991508617843],[-66.61880897781506,40.001013927905014],[-66.60515210874779,40.065757171310096],[-66.54467168859273,40.10645292430758],[-66.54076972600207,40.163796939894944],[-66.48224028714233,40.17674558857596]]]}},{"type":"Feature","id":"52480","properties":{"MPIO":"52480","DPTO":"52","NOMBRE_MPI":"NARIÑO","NOMBRE_DPT":"NARIÑO"},"geometry":{"type":"Polygon","coordinates":[[[-66.39054416626206,39.93442087754549],[-66.35152454035557,39.91222319409232],[-66.35932846553686,39.873377248049266],[-66.45102458641713,39.77163786555556],[-66.46077949289375,39.7919857420543],[-66.47053439937038,39.81788303941634],[-66.47833832455169,39.88447608977585],[-66.39054416626206,39.93442087754549]]]}},{"type":"Feature","id":"19785","properties":{"MPIO":"19785","DPTO":"19","NOMBRE_MPI":"SUCRE","NOMBRE_DPT":"CAUCA"},"geometry":{"type":"Polygon","coordinates":[[[-65.84817136616176,40.64104713413816],[-65.73891641362357,40.50601122646469],[-65.77013211434877,40.500461805601404],[-65.91645571149813,40.53375833078116],[-65.92425963667944,40.57075446986978],[-65.84817136616176,40.64104713413816]]]}},{"type":"Feature","id":"19845","properties":{"MPIO":"19845","DPTO":"19","NOMBRE_MPI":"VILLA RICA","NOMBRE_DPT":"CAUCA"},"geometry":{"type":"Polygon","coordinates":[[[-65.07363179191782,41.71578497466262],[-65.05997492285054,41.65474134516639],[-65.09704356746171,41.591847908715735],[-65.16532791279808,41.63439346866765],[-65.10679847393834,41.72318420248034],[-65.07363179191782,41.71578497466262]]]}},{"type":"Feature","id":"70820","properties":{"MPIO":"70820","DPTO":"70","NOMBRE_MPI":"TOLU","NOMBRE_DPT":"SUCRE"},"geometry":{"type":"Polygon","coordinates":[[[-63.029003394417416,47.97368190150294],[-62.8709739094961,47.982930936275096],[-62.843660171361556,47.95518383195863],[-62.83780722747558,47.895990009416835],[-62.956817086490396,47.77760236433325],[-62.956817086490396,47.746155646107916],[-62.98998376851092,47.731357190472465],[-63.10509166493508,47.746155646107916],[-63.16752306638548,47.71470892788259],[-63.157768159908855,47.766503522606655],[-63.04656222607534,47.87934174682695],[-63.029003394417416,47.97368190150294]]]}},{"type":"Feature","id":"70221","properties":{"MPIO":"70221","DPTO":"70","NOMBRE_MPI":"COVEÑAS","NOMBRE_DPT":"SUCRE"},"geometry":{"type":"Polygon","coordinates":[[[-63.157768159908855,47.766503522606655],[-63.16752306638548,47.71470892788259],[-63.212395636177945,47.68141240270283],[-63.235807411721844,47.75355487392564],[-63.157768159908855,47.766503522606655]]]}},{"type":"Feature","id":"17380","properties":{"MPIO":"17380","DPTO":"17","NOMBRE_MPI":"LA DORADA","NOMBRE_DPT":"CALDAS"},"geometry":{"type":"Polygon","coordinates":[[[-62.32665012810048,44.0483915442002],[-62.34615994105373,44.009545598157146],[-62.30323835255658,43.957751003433074],[-62.369571716597626,43.85046220007607],[-62.38908152955088,43.717276099357036],[-62.437856061934,43.68397957417728],[-62.521748257632964,43.57854057777471],[-62.634905172761805,43.60443787513674],[-62.576375733902054,43.70432745067602],[-62.52369923892829,43.73392436194692],[-62.46712078136387,43.80606683316973],[-62.46126783747789,43.86156104180266],[-62.55101297706283,43.86341084875709],[-62.570522790016085,43.88930814611913],[-62.47687568784049,43.95035177561535],[-62.46712078136387,43.98364830079511],[-62.3910325108462,44.05579077201793],[-62.32665012810048,44.0483915442002]]]}},{"type":"Feature","id":"17495","properties":{"MPIO":"17495","DPTO":"17","NOMBRE_MPI":"NORCASIA","NOMBRE_DPT":"CALDAS"},"geometry":{"type":"Polygon","coordinates":[[[-62.66416989219167,44.04099231638248],[-62.60759143462725,44.04654173724577],[-62.586130640378684,44.01139540511158],[-62.46712078136387,43.98364830079511],[-62.47687568784049,43.95035177561535],[-62.570522790016085,43.88930814611913],[-62.70318951809817,43.844912779212784],[-62.761718956957914,43.68582938113171],[-62.843660171361556,43.654382662906386],[-62.9256013857652,43.659932083769675],[-62.91974844187922,43.71172667849375],[-62.96852297426234,43.73577416890135],[-62.95876806778572,43.82641470966847],[-62.89828764763065,43.844912779212784],[-62.81634643322701,43.8338139374862],[-62.77147386343454,43.87635949743811],[-62.75001306918597,43.952201582569785],[-62.80854250804571,44.022494246838164],[-62.66416989219167,44.04099231638248]]]}},{"type":"Feature","id":"17662","properties":{"MPIO":"17662","DPTO":"17","NOMBRE_MPI":"SAMANA","NOMBRE_DPT":"CALDAS"},"geometry":{"type":"Polygon","coordinates":[[[-62.80854250804571,44.022494246838164],[-62.75001306918597,43.952201582569785],[-62.77147386343454,43.87635949743811],[-62.81634643322701,43.8338139374862],[-62.89828764763065,43.844912779212784],[-62.95876806778572,43.82641470966847],[-63.04070928218936,43.87265988352925],[-62.96852297426234,43.92075486434446],[-62.95291512389974,43.97994868688625],[-62.915846479288575,43.98919772165841],[-62.80854250804571,44.022494246838164]]]}},{"type":"Feature","id":"27425","properties":{"MPIO":"27425","DPTO":"27","NOMBRE_MPI":"MEDIO ATRATO","NOMBRE_DPT":"CHOCO"},"geometry":{"type":"Polygon","coordinates":[[[-64.67563160767155,44.62738112093713],[-64.56247469254271,44.63478034875485],[-64.60149431844921,44.5959344027118],[-64.73806300912194,44.52564173844342],[-64.80049441057234,44.45534907417504],[-64.99169057751418,44.37765718208893],[-65.11655338041496,44.351759884726896],[-65.17898478186535,44.32031316650157],[-65.30774954735679,44.30551471086612],[-65.41310253730433,44.386906216861085],[-65.38188683657913,44.48494598544593],[-65.41505351859966,44.536740580170004],[-65.49114178911732,44.521942124534554],[-65.40724959341836,44.64587919048144],[-65.33506328549134,44.608883051392816],[-65.18093576316068,44.61073285834725],[-65.09314160487106,44.64772899743587],[-64.94096506383573,44.6255313139827],[-64.67563160767155,44.62738112093713]]]}},{"type":"Feature","id":"27050","properties":{"MPIO":"27050","DPTO":"27","NOMBRE_MPI":"ATRATO","NOMBRE_DPT":"CHOCO"},"geometry":{"type":"Polygon","coordinates":[[[-65.08923964228042,44.12978305019517],[-65.06582786673651,44.10758536674199],[-64.954621932903,44.144581505830615],[-64.87072973720403,44.15013092669391],[-64.85902384943209,44.04284212333691],[-64.98193567103755,44.02989347465589],[-64.97608272715158,43.917055250435595],[-65.14776908114015,43.91520544348116],[-65.13801417466354,44.06503980679008],[-65.08923964228042,44.12978305019517]]]}},{"type":"Feature","id":"27600","properties":{"MPIO":"27600","DPTO":"27","NOMBRE_MPI":"RIO QUITO","NOMBRE_DPT":"CHOCO"},"geometry":{"type":"Polygon","coordinates":[[[-65.47553393875472,44.16862899623822],[-65.05217099766924,44.15753015451163],[-65.08923964228042,44.12978305019517],[-65.13801417466354,44.06503980679008],[-65.14776908114015,43.91520544348116],[-65.19459263222795,43.90040698784571],[-65.43261235025759,43.92815409216218],[-65.38969076176043,43.96884984515967],[-65.39359272435108,44.037292702473614],[-65.43456333155291,44.06134019288122],[-65.489190807822,43.96330042429637],[-65.51845552725187,44.01509501902044],[-65.51650454595655,44.09093710415212],[-65.47553393875472,44.16862899623822]]]}},{"type":"Feature","id":"27160","properties":{"MPIO":"27160","DPTO":"27","NOMBRE_MPI":"CERTEGUI","NOMBRE_DPT":"CHOCO"},"geometry":{"type":"Polygon","coordinates":[[[-65.14776908114015,43.91520544348116],[-64.97608272715158,43.917055250435595],[-64.82585716741157,43.82641470966847],[-64.84146501777417,43.802367219260866],[-64.97998468974222,43.7505726245368],[-65.07753375450847,43.759821659308955],[-65.12045534300562,43.8338139374862],[-65.19459263222795,43.90040698784571],[-65.14776908114015,43.91520544348116]]]}},{"type":"Feature","id":"27810","properties":{"MPIO":"27810","DPTO":"27","NOMBRE_MPI":"UNION PANAMERICANA","NOMBRE_DPT":"CHOCO"},"geometry":{"type":"Polygon","coordinates":[[[-65.12045534300562,43.8338139374862],[-65.07753375450847,43.759821659308955],[-65.01705333435339,43.70062783676716],[-65.09314160487106,43.65623246986081],[-65.18483772575132,43.680279960268415],[-65.15947496891211,43.730224748038054],[-65.20434753870458,43.7746201149444],[-65.12045534300562,43.8338139374862]]]}},{"type":"Feature","id":"27430","properties":{"MPIO":"27430","DPTO":"27","NOMBRE_MPI":"MEDIO BAUDO","NOMBRE_DPT":"CHOCO"},"geometry":{"type":"Polygon","coordinates":[[[-65.61795557331344,43.759821659308955],[-65.5047986581846,43.74872281758237],[-65.39749468694174,43.80791664012416],[-65.43066136896226,43.62293594468105],[-65.44041627543888,43.554493087367106],[-65.50870062077524,43.495299264825306],[-65.8423184222758,43.5063981065519],[-65.75257328269085,43.574840963865846],[-65.75452426398617,43.61738652381776],[-65.87938706688696,43.63588459336207],[-65.92230865538411,43.59148922645573],[-66.06668127123814,43.584089998638],[-66.09984795325866,43.689528995040575],[-66.02571066403632,43.709876871539315],[-65.9613282812906,43.802367219260866],[-65.90474982372618,43.80791664012416],[-65.83061253450384,43.77646992189884],[-65.75062230139552,43.8042170262153],[-65.61795557331344,43.759821659308955]]]}},{"type":"Feature","id":"27580","properties":{"MPIO":"27580","DPTO":"27","NOMBRE_MPI":"RIO IRO","NOMBRE_DPT":"CHOCO"},"geometry":{"type":"Polygon","coordinates":[[[-64.75952380337051,43.68212976722285],[-64.68928847673882,43.624785751635486],[-64.66392571989961,43.539694631731656],[-64.73806300912194,43.524896176096206],[-64.83561207388819,43.59888845427345],[-64.96632782067495,43.61738652381776],[-65.0560729602599,43.58224019168357],[-65.11850436171028,43.62848536554435],[-65.01510235305807,43.64883324204309],[-64.93706310124507,43.689528995040575],[-64.75952380337051,43.68212976722285]]]}},{"type":"Feature","id":"27450","properties":{"MPIO":"27450","DPTO":"27","NOMBRE_MPI":"MEDIO SAN JUAN","NOMBRE_DPT":"CHOCO"},"geometry":{"type":"Polygon","coordinates":[[[-65.16922987538874,43.61738652381776],[-65.13216123077756,43.523046369141774],[-65.18678870704666,43.46940196746328],[-65.13606319336822,43.37136219887843],[-65.28628875310822,43.2566741677037],[-65.36627898621654,43.27887185115687],[-65.42090646248563,43.302919341564476],[-65.34091622937731,43.42500660055693],[-65.26482795885964,43.595188840364585],[-65.16922987538874,43.61738652381776]]]}},{"type":"Feature","id":"27086","properties":{"MPIO":"27086","DPTO":"27","NOMBRE_MPI":"BELEN DE BAJIRA","NOMBRE_DPT":"CHOCO"},"geometry":{"type":"Polygon","coordinates":[[[-65.2687299214503,46.105376877527554],[-65.18678870704666,46.070230545393365],[-65.0560729602599,46.049882668894625],[-64.99559254010482,45.93889425162876],[-64.96047487678898,45.85380313172493],[-64.85512188684143,45.78721008136541],[-64.7809845976191,45.76131278400337],[-64.70489632710142,45.67992127800841],[-64.7029453458061,45.56708305378811],[-64.86097483072741,45.61332822764889],[-64.95852389549366,45.692869926689426],[-64.99949450269547,45.692869926689426],[-65.03656314730664,45.628126683284336],[-65.10874945523366,45.6614232084641],[-65.19654361352327,45.6318262971932],[-65.27458286533627,45.635525911102064],[-65.29409267828952,45.670672243236254],[-65.21995538906718,45.73171587273248],[-65.20044557611392,45.8519533247705],[-65.35262211714927,45.920396182084446],[-65.37018094880719,45.96479154899079],[-65.47943590134537,46.03138459935031],[-65.4657790322781,46.0665309314845],[-65.33506328549134,46.08132938711995],[-65.29604365958484,46.06283131757564],[-65.2687299214503,46.105376877527554]]]}},{"type":"Feature","id":"05480","properties":{"MPIO":"05480","DPTO":"05","NOMBRE_MPI":"MUTATA","NOMBRE_DPT":"ANTIOQUIA"},"geometry":{"type":"Polygon","coordinates":[[[-64.99559254010482,45.93889425162876],[-64.84731796166014,45.93149502381103],[-64.76342576596117,45.93889425162876],[-64.62685707528843,46.04618305498576],[-64.50004329109233,45.84455409695278],[-64.39859226373542,45.7391151005502],[-64.1605725457058,45.56708305378811],[-64.30299418026452,45.58003170246913],[-64.43175894575594,45.62627687632991],[-64.57418058031466,45.63922552501092],[-64.6092982436305,45.57263247465141],[-64.69123945803415,45.53008691469949],[-64.73221006523598,45.53378652860835],[-64.7029453458061,45.56708305378811],[-64.70489632710142,45.67992127800841],[-64.7809845976191,45.76131278400337],[-64.85512188684143,45.78721008136541],[-64.96047487678898,45.85380313172493],[-64.99559254010482,45.93889425162876]]]}},{"type":"Feature","id":"27150","properties":{"MPIO":"27150","DPTO":"27","NOMBRE_MPI":"CARMEN DEL DARIEN","NOMBRE_DPT":"CHOCO"},"geometry":{"type":"Polygon","coordinates":[[[-65.21995538906718,45.73171587273248],[-65.29409267828952,45.670672243236254],[-65.27458286533627,45.635525911102064],[-65.19654361352327,45.6318262971932],[-65.10874945523366,45.6614232084641],[-65.03656314730664,45.628126683284336],[-64.99949450269547,45.692869926689426],[-64.95852389549366,45.692869926689426],[-64.86097483072741,45.61332822764889],[-64.7029453458061,45.56708305378811],[-64.73221006523598,45.53378652860835],[-64.77708263502845,45.428347532205784],[-64.98193567103755,45.49679038951973],[-65.16142595020743,45.49124096865644],[-65.11655338041496,45.36730390270956],[-65.19264165093263,45.313659501031054],[-65.28043580922224,45.32290853580321],[-65.2999456221755,45.33770699143866],[-65.38578879916979,45.348805833165244],[-65.38969076176043,45.37470313052728],[-65.55357319056772,45.32290853580321],[-65.5828379099976,45.28221278280573],[-65.62966146108539,45.31735911493992],[-65.90474982372618,45.30256065930447],[-65.92621061797476,45.328457956666504],[-65.89304393595424,45.450545215658956],[-65.85402431004773,45.44684560175009],[-65.88719099206826,45.50418961733746],[-65.86377921652436,45.565233246833685],[-65.6706320682872,45.678071471053975],[-65.69209286253577,45.61332822764889],[-65.6550242179246,45.59483015810458],[-65.60820066683681,45.65217417369194],[-65.53991632150044,45.64847455978308],[-65.5360143589098,45.69656954059829],[-65.4735829574594,45.77241162572996],[-65.34286721067264,45.742814714459065],[-65.2843377718129,45.713217803188165],[-65.21995538906718,45.73171587273248]]]}},{"type":"Feature","id":"88001","properties":{"MPIO":"88001","DPTO":"88","NOMBRE_MPI":"SAN ANDRES","NOMBRE_DPT":"ARCHIPIELAGO DE SAN ANDRES PROVIDENCIA Y SANTA CATALINA"},"geometry":{"type":"Polygon","coordinates":[[[-71.94693889534712,51.27373750820797],[-71.93913497016582,51.225642527392765],[-71.97815459607232,51.16459889789654],[-71.98205655866298,51.240440983028215],[-71.94693889534712,51.27373750820797]]]}},{"type":"Feature","id":"88000","properties":{"MPIO":"88000","DPTO":"88","NOMBRE_MPI":"SANTA CATALINA","NOMBRE_DPT":"ARCHIPIELAGO DE SAN ANDRES PROVIDENCIA Y SANTA CATALINA"},"geometry":{"type":"Polygon","coordinates":[[[-71.38115431970293,52.0488066221146],[-71.38115431970293,52.0488066221146],[-71.38115431970293,52.0488066221146],[-71.38115431970293,52.0488066221146]]]}},{"type":"Feature","id":"88564","properties":{"MPIO":"88564","DPTO":"88","NOMBRE_MPI":"PROVIDENCIA","NOMBRE_DPT":"ARCHIPIELAGO DE SAN ANDRES PROVIDENCIA Y SANTA CATALINA"},"geometry":{"type":"Polygon","coordinates":[[[-71.37725235711228,52.04695681516016],[-71.35188960027305,52.0192097108437],[-71.4182229643141,51.98591318566393],[-71.37725235711228,52.04695681516016]]]}}]}